Fecha,Sucursal,Producto,Monto_Venta,ID_Asesor
2025-11-27,Bogota,Credito Consumo,3160890,183
2025-11-27,Bogota,Tarjeta Visa,4791753,107
2025-11-27,Bogota,Tarjeta Visa,3764133,174
2025-11-27,Bogota,Libranza,1309285,161
2025-11-27,Bogota,Microcredito,4030155,100
2025-11-27,Bogota,Microcredito,4126580,168
2025-11-27,Bogota,Microcredito,101071,171
2025-11-27,Bogota,Microcredito,4015728,122
2025-11-27,Bogota,Credito Consumo,705807,193
2025-11-27,Bogota,Microcredito,1607155,111
2025-11-27,Bogota,Microcredito,3315760,117
2025-11-27,Bogota,Libranza,366461,187
2025-11-27,Bogota,Credito Consumo,1601626,135
2025-11-27,Bogota,Tarjeta Visa,2574649,182
2025-11-27,Bogota,Microcredito,4401143,193
2025-11-27,Bogota,Microcredito,4471650,155
2025-11-27,Bogota,Credito Consumo,3707325,119
2025-11-27,Bogota,Microcredito,2006559,161
2025-11-27,Bogota,Libranza,4016085,121
2025-11-27,Bogota,Microcredito,277185,129
2025-11-27,Bogota,Microcredito,2404517,142
2025-11-27,Bogota,Microcredito,626994,115
2025-11-27,Bogota,Libranza,302359,188
2025-11-27,Bogota,Microcredito,1896351,111
2025-11-27,Bogota,Tarjeta Visa,1228370,136
2025-11-27,Bogota,Tarjeta Visa,4789048,115
2025-11-27,Bogota,Credito Consumo,2409306,185
2025-11-27,Bogota,Tarjeta Visa,3858283,114
2025-11-27,Bogota,Libranza,3676142,124
2025-11-27,Bogota,Tarjeta Visa,2549164,146
2025-11-27,Bogota,Microcredito,2742191,113
2025-11-27,Bogota,Microcredito,4575389,190
2025-11-27,Bogota,Microcredito,2393764,143
2025-11-27,Bogota,Credito Consumo,1021227,167
2025-11-27,Bogota,Microcredito,485729,173
2025-11-27,Bogota,Microcredito,4266852,141
2025-11-27,Bogota,Microcredito,1581500,171
2025-11-27,Bogota,Libranza,1521589,155
2025-11-27,Bogota,Credito Consumo,3255602,140
2025-11-27,Bogota,Libranza,3413353,131
2025-11-27,Bogota,Libranza,4108107,119
2025-11-27,Bogota,Microcredito,3329719,136
2025-11-27,Bogota,Microcredito,2490739,178
2025-11-27,Bogota,Microcredito,1064723,134
2025-11-27,Bogota,Credito Consumo,3728772,105
2025-11-27,Bogota,Tarjeta Visa,4249942,176
2025-11-27,Bogota,Tarjeta Visa,1620758,156
2025-11-27,Bogota,Tarjeta Visa,3294182,161
2025-11-27,Bogota,Libranza,3808632,185
2025-11-27,Bogota,Microcredito,239249,115
2025-11-27,Bogota,Libranza,2185835,125
2025-11-27,Bogota,Libranza,4046045,115
2025-11-27,Bogota,Libranza,1036265,101
2025-11-27,Bogota,Credito Consumo,1573393,170
2025-11-27,Bogota,Libranza,3965776,116
2025-11-27,Bogota,Credito Consumo,3844633,134
2025-11-27,Bogota,Tarjeta Visa,3417674,172
2025-11-27,Bogota,Libranza,691786,164
2025-11-27,Bogota,Tarjeta Visa,2580774,125
2025-11-27,Bogota,Microcredito,2415986,164
2025-11-27,Bogota,Microcredito,403525,128
2025-11-27,Bogota,Tarjeta Visa,4489449,146
2025-11-27,Bogota,Tarjeta Visa,970736,167
2025-11-27,Bogota,Microcredito,825203,151
2025-11-27,Bogota,Microcredito,198069,143
2025-11-27,Bogota,Credito Consumo,4600055,110
2025-11-27,Bogota,Credito Consumo,2990938,138
2025-11-27,Bogota,Tarjeta Visa,2072191,100
2025-11-27,Bogota,Microcredito,3337686,194
2025-11-27,Bogota,Tarjeta Visa,774987,101
2025-11-27,Bogota,Credito Consumo,4844633,106
2025-11-27,Bogota,Libranza,3657080,132
2025-11-27,Bogota,Tarjeta Visa,4188815,134
2025-11-27,Bogota,Microcredito,372546,191
2025-11-27,Bogota,Libranza,3687144,141
2025-11-27,Bogota,Microcredito,2090373,110
2025-11-27,Bogota,Tarjeta Visa,4692861,180
2025-11-27,Bogota,Credito Consumo,3097074,185
2025-11-27,Bogota,Credito Consumo,1581777,137
2025-11-27,Bogota,Credito Consumo,4422889,128
2025-11-27,Bogota,Libranza,3775121,147
2025-11-27,Bogota,Libranza,938249,176
2025-11-27,Bogota,Tarjeta Visa,3007599,188
2025-11-27,Bogota,Microcredito,3581941,121
2025-11-27,Bogota,Credito Consumo,3384068,193
2025-11-27,Bogota,Credito Consumo,2386818,114
2025-11-27,Bogota,Libranza,606032,178
2025-11-27,Bogota,Credito Consumo,1299734,109
2025-11-27,Bogota,Microcredito,4968785,143
2025-11-27,Bogota,Microcredito,3655622,182
2025-11-27,Bogota,Credito Consumo,2646591,151
2025-11-27,Bogota,Tarjeta Visa,340421,132
2025-11-27,Bogota,Microcredito,1523857,167
2025-11-27,Bogota,Tarjeta Visa,3921545,110
2025-11-27,Bogota,Microcredito,2939837,170
2025-11-27,Bogota,Microcredito,624109,102
2025-11-27,Bogota,Microcredito,558308,189
2025-11-27,Bogota,Tarjeta Visa,3916271,177
2025-11-27,Bogota,Microcredito,2245645,104
2025-11-27,Bogota,Credito Consumo,2209531,129
2025-11-27,Bogota,Microcredito,159319,156
2025-11-27,Bogota,Libranza,1439446,109
2025-11-27,Bogota,Tarjeta Visa,3696882,192
2025-11-27,Bogota,Libranza,4571682,128
2025-11-27,Bogota,Libranza,1705511,145
2025-11-27,Bogota,Libranza,2792117,167
2025-11-27,Bogota,Libranza,4818174,134
2025-11-27,Bogota,Credito Consumo,3374962,176
2025-11-27,Bogota,Libranza,2747191,189
2025-11-27,Bogota,Libranza,4020841,143
2025-11-27,Bogota,Tarjeta Visa,4539682,112
2025-11-27,Bogota,Tarjeta Visa,1033505,182
2025-11-27,Bogota,Tarjeta Visa,3248815,186
2025-11-27,Bogota,Libranza,136016,149
2025-11-27,Bogota,Libranza,3902134,169
2025-11-27,Bogota,Tarjeta Visa,887049,190
2025-11-27,Bogota,Microcredito,2354169,167
2025-11-27,Bogota,Credito Consumo,2279888,113
2025-11-27,Bogota,Libranza,1129439,187
2025-11-27,Bogota,Microcredito,3841574,150
2025-11-27,Bogota,Tarjeta Visa,2949848,190
2025-11-27,Bogota,Microcredito,1870104,132
2025-11-27,Bogota,Libranza,2127211,175
2025-11-27,Bogota,Credito Consumo,4848837,198
2025-11-27,Bogota,Credito Consumo,4271769,148
2025-11-27,Bogota,Libranza,4295729,135
2025-11-27,Bogota,Credito Consumo,2660737,170
2025-11-27,Bogota,Credito Consumo,4085480,159
2025-11-27,Bogota,Credito Consumo,1002526,113
2025-11-27,Bogota,Tarjeta Visa,521055,102
2025-11-27,Bogota,Microcredito,2152447,134
2025-11-27,Bogota,Libranza,2623350,137
2025-11-27,Bogota,Microcredito,3595065,138
2025-11-27,Bogota,Libranza,3779091,121
2025-11-27,Bogota,Microcredito,4158204,141
2025-11-27,Bogota,Libranza,3458701,118
2025-11-27,Bogota,Credito Consumo,3870245,148
2025-11-27,Bogota,Credito Consumo,2266653,184
2025-11-27,Bogota,Microcredito,3517551,174
2025-11-27,Bogota,Credito Consumo,4678588,167
2025-11-27,Bogota,Tarjeta Visa,3776692,185
2025-11-27,Bogota,Credito Consumo,727321,148
2025-11-27,Bogota,Credito Consumo,2832921,150
2025-11-27,Bogota,Microcredito,691211,122
2025-11-27,Bogota,Credito Consumo,490450,147
2025-11-27,Bogota,Credito Consumo,2727090,141
2025-11-27,Bogota,Microcredito,2602794,134
2025-11-27,Bogota,Libranza,1746102,161
2025-11-27,Bogota,Tarjeta Visa,2019295,103
2025-11-27,Bogota,Tarjeta Visa,430475,136
2025-11-27,Bogota,Credito Consumo,3362797,154
2025-11-27,Bogota,Credito Consumo,1483525,102
2025-11-27,Bogota,Libranza,1979142,132
2025-11-27,Bogota,Tarjeta Visa,2651730,144
2025-11-27,Bogota,Credito Consumo,2003403,169
2025-11-27,Bogota,Credito Consumo,3360983,175
2025-11-27,Bogota,Microcredito,1002944,171
2025-11-27,Bogota,Tarjeta Visa,4836998,173
2025-11-27,Bogota,Libranza,1205101,157
2025-11-27,Bogota,Tarjeta Visa,4114187,163
2025-11-27,Bogota,Tarjeta Visa,4312029,160
2025-11-27,Bogota,Libranza,1186040,115
2025-11-27,Bogota,Credito Consumo,2739551,109
2025-11-27,Bogota,Tarjeta Visa,2080712,153
2025-11-27,Bogota,Libranza,3463114,146
2025-11-27,Bogota,Libranza,4483865,182
2025-11-27,Bogota,Credito Consumo,3744619,129
2025-11-27,Bogota,Tarjeta Visa,2690335,179
2025-11-27,Bogota,Tarjeta Visa,2577413,112
2025-11-27,Bogota,Credito Consumo,1494481,115
2025-11-27,Bogota,Tarjeta Visa,2806830,171
2025-11-27,Bogota,Microcredito,4687479,142
2025-11-27,Bogota,Credito Consumo,2752008,153
2025-11-27,Bogota,Tarjeta Visa,3644993,117
2025-11-27,Bogota,Microcredito,409758,170
2025-11-27,Bogota,Credito Consumo,4127375,183
2025-11-27,Bogota,Microcredito,4397439,153
2025-11-27,Bogota,Tarjeta Visa,3598584,132
2025-11-27,Bogota,Libranza,2275268,105
2025-11-27,Bogota,Tarjeta Visa,3162978,116
2025-11-27,Bogota,Microcredito,3895024,163
2025-11-27,Bogota,Microcredito,4169192,129
2025-11-27,Bogota,Libranza,4119486,130
2025-11-27,Bogota,Credito Consumo,3025864,107
2025-11-27,Bogota,Libranza,2510248,156
2025-11-27,Bogota,Libranza,2471878,145
2025-11-27,Bogota,Credito Consumo,4955074,154
2025-11-27,Bogota,Tarjeta Visa,2902701,136
2025-11-27,Bogota,Tarjeta Visa,1414132,112
2025-11-27,Bogota,Tarjeta Visa,4830961,164
2025-11-27,Bogota,Tarjeta Visa,2123931,180
2025-11-27,Bogota,Credito Consumo,2633652,174
2025-11-27,Bogota,Microcredito,2285171,154
2025-11-27,Bogota,Tarjeta Visa,4015669,142
2025-11-27,Bogota,Tarjeta Visa,4416242,105
2025-11-27,Bogota,Credito Consumo,3570882,184
2025-11-27,Bogota,Libranza,1669081,100
2025-11-27,Bogota,Credito Consumo,4885297,121
2025-11-27,Bogota,Microcredito,4786093,147
2025-11-27,Bogota,Libranza,1213660,135
2025-11-27,Bogota,Microcredito,1557265,106
2025-11-27,Bogota,Tarjeta Visa,4321766,128
2025-11-27,Bogota,Credito Consumo,4275053,194
2025-11-27,Bogota,Credito Consumo,3690842,180
2025-11-27,Bogota,Tarjeta Visa,4048910,150
2025-11-27,Bogota,Credito Consumo,150529,146
2025-11-27,Bogota,Credito Consumo,270452,142
2025-11-27,Bogota,Microcredito,3408323,171
2025-11-27,Bogota,Libranza,3283101,195
2025-11-27,Bogota,Credito Consumo,3042465,164
2025-11-27,Bogota,Credito Consumo,1333180,193
2025-11-27,Bogota,Tarjeta Visa,1667729,117
2025-11-27,Bogota,Credito Consumo,266907,110
2025-11-27,Bogota,Credito Consumo,3037880,114
2025-11-27,Bogota,Tarjeta Visa,3070930,173
2025-11-27,Bogota,Credito Consumo,4846357,102
2025-11-27,Bogota,Microcredito,1018659,142
2025-11-27,Bogota,Libranza,4510946,153
2025-11-27,Bogota,Libranza,626118,103
2025-11-27,Bogota,Libranza,2574912,182
2025-11-27,Bogota,Microcredito,2022776,197
2025-11-27,Bogota,Libranza,4916366,149
2025-11-27,Bogota,Credito Consumo,148139,192
2025-11-27,Bogota,Libranza,1447500,186
2025-11-27,Bogota,Tarjeta Visa,2874595,152
2025-11-27,Bogota,Credito Consumo,3523961,130
2025-11-27,Bogota,Libranza,1004174,117
2025-11-27,Bogota,Microcredito,424656,111
2025-11-27,Bogota,Libranza,4398750,172
2025-11-27,Bogota,Microcredito,1774524,186
2025-11-27,Bogota,Credito Consumo,3545079,159
2025-11-27,Bogota,Microcredito,4545722,162
2025-11-27,Bogota,Libranza,1795900,165
2025-11-27,Bogota,Tarjeta Visa,4299870,157
2025-11-27,Bogota,Libranza,3768765,122
2025-11-27,Bogota,Tarjeta Visa,194731,144
2025-11-27,Bogota,Credito Consumo,4253209,186
2025-11-27,Bogota,Credito Consumo,1506231,118
2025-11-27,Bogota,Tarjeta Visa,4843451,101
2025-11-27,Bogota,Tarjeta Visa,2252837,168
2025-11-27,Bogota,Libranza,2170628,188
2025-11-27,Bogota,Tarjeta Visa,4513006,109
2025-11-27,Bogota,Tarjeta Visa,4952656,180
2025-11-27,Bogota,Microcredito,2607794,182
2025-11-27,Bogota,Credito Consumo,2396911,126
2025-11-27,Bogota,Credito Consumo,3583377,109
2025-11-27,Bogota,Microcredito,635563,127
2025-11-27,Bogota,Credito Consumo,2496500,187
2025-11-27,Bogota,Credito Consumo,3718465,135
2025-11-27,Bogota,Libranza,2687007,102
2025-11-27,Bogota,Tarjeta Visa,3606982,151
2025-11-27,Bogota,Microcredito,2749893,120
2025-11-27,Bogota,Microcredito,4508206,132
2025-11-27,Bogota,Credito Consumo,1340492,113
2025-11-27,Bogota,Credito Consumo,3086010,116
2025-11-27,Bogota,Credito Consumo,1240580,174
2025-11-27,Bogota,Microcredito,168076,145
2025-11-27,Bogota,Credito Consumo,1287707,153
2025-11-27,Bogota,Microcredito,3504515,122
2025-11-27,Bogota,Credito Consumo,1764806,140
2025-11-27,Bogota,Microcredito,2449450,142
2025-11-27,Bogota,Credito Consumo,4901423,195
2025-11-27,Bogota,Credito Consumo,3225415,163
2025-11-27,Bogota,Libranza,4362163,129
2025-11-27,Bogota,Libranza,2309207,145
2025-11-27,Bogota,Tarjeta Visa,1288348,153
2025-11-27,Bogota,Libranza,4736943,155
2025-11-27,Bogota,Credito Consumo,2458505,116
2025-11-27,Bogota,Tarjeta Visa,3819440,194
2025-11-27,Bogota,Microcredito,4606759,128
2025-11-27,Bogota,Libranza,2196574,190
2025-11-27,Bogota,Microcredito,3734745,120
2025-11-27,Bogota,Tarjeta Visa,3168905,167
2025-11-27,Bogota,Microcredito,616573,121
2025-11-27,Bogota,Credito Consumo,4287948,162
2025-11-27,Bogota,Credito Consumo,2071615,154
2025-11-27,Bogota,Libranza,2551336,156
2025-11-27,Bogota,Microcredito,3114698,192
2025-11-27,Bogota,Microcredito,211001,146
2025-11-27,Bogota,Microcredito,1082227,154
2025-11-27,Bogota,Tarjeta Visa,972341,189
2025-11-27,Bogota,Tarjeta Visa,2496010,184
2025-11-27,Bogota,Credito Consumo,1294119,148
2025-11-27,Bogota,Credito Consumo,3290465,147
2025-11-27,Bogota,Credito Consumo,2567122,133
2025-11-27,Bogota,Tarjeta Visa,3446406,185
2025-11-27,Bogota,Microcredito,302100,111
2025-11-27,Bogota,Microcredito,4389330,159
2025-11-27,Bogota,Credito Consumo,1509897,127
2025-11-27,Bogota,Libranza,3584679,134
2025-11-27,Bogota,Tarjeta Visa,1401227,188
2025-11-27,Bogota,Tarjeta Visa,4813698,176
2025-11-27,Bogota,Tarjeta Visa,2322178,163
2025-11-27,Bogota,Microcredito,3868663,140
2025-11-27,Bogota,Credito Consumo,4304994,164
2025-11-27,Bogota,Microcredito,2586178,161
2025-11-27,Bogota,Tarjeta Visa,367205,123
2025-11-27,Bogota,Microcredito,3921510,133
2025-11-27,Bogota,Tarjeta Visa,2691030,193
2025-11-27,Bogota,Credito Consumo,3156049,130
2025-11-27,Bogota,Credito Consumo,494131,116
2025-11-27,Bogota,Microcredito,2524001,149
2025-11-27,Bogota,Libranza,4766080,119
2025-11-27,Bogota,Microcredito,1420617,159
2025-11-27,Bogota,Libranza,2414994,124
2025-11-27,Bogota,Microcredito,4165801,150
2025-11-27,Bogota,Tarjeta Visa,2333106,188
2025-11-27,Bogota,Credito Consumo,1416338,163
2025-11-27,Bogota,Tarjeta Visa,1411506,134
2025-11-27,Bogota,Credito Consumo,2510670,111
2025-11-27,Bogota,Credito Consumo,2558003,179
2025-11-27,Bogota,Microcredito,4274216,137
2025-11-27,Bogota,Microcredito,3532065,159
2025-11-27,Bogota,Microcredito,4231676,185
2025-11-27,Bogota,Credito Consumo,1188360,182
2025-11-27,Bogota,Microcredito,1250248,177
2025-11-27,Bogota,Libranza,1189787,129
2025-11-27,Bogota,Tarjeta Visa,1685234,171
2025-11-27,Bogota,Tarjeta Visa,2427451,131
2025-11-27,Bogota,Libranza,4218351,129
2025-11-27,Bogota,Libranza,2010304,101
2025-11-27,Bogota,Tarjeta Visa,2111711,118
2025-11-27,Bogota,Microcredito,2370280,125
2025-11-27,Bogota,Credito Consumo,4709496,141
2025-11-27,Bogota,Tarjeta Visa,1367828,178
2025-11-27,Bogota,Microcredito,3579281,145
2025-11-27,Bogota,Microcredito,4943063,185
2025-11-27,Bogota,Microcredito,2155934,138
2025-11-27,Bogota,Libranza,4634025,129
2025-11-27,Bogota,Tarjeta Visa,2404930,171
2025-11-27,Bogota,Tarjeta Visa,3124961,159
2025-11-27,Bogota,Libranza,2489616,169
2025-11-27,Bogota,Credito Consumo,3608120,174
2025-11-27,Bogota,Libranza,1657374,184
2025-11-27,Bogota,Libranza,4276608,108
2025-11-27,Bogota,Microcredito,4782191,150
2025-11-27,Bogota,Credito Consumo,3289021,145
2025-11-27,Bogota,Tarjeta Visa,4545510,138
2025-11-27,Bogota,Microcredito,2991014,183
2025-11-27,Bogota,Credito Consumo,328988,137
2025-11-27,Bogota,Microcredito,4274338,166
2025-11-27,Bogota,Credito Consumo,4771255,126
2025-11-27,Bogota,Microcredito,428109,188
2025-11-27,Bogota,Microcredito,4915441,192
2025-11-27,Bogota,Libranza,3189462,180
2025-11-27,Bogota,Credito Consumo,3006120,179
2025-11-27,Bogota,Microcredito,2971407,137
2025-11-27,Bogota,Credito Consumo,2195241,173
2025-11-27,Bogota,Tarjeta Visa,851929,161
2025-11-27,Bogota,Credito Consumo,4286572,134
2025-11-27,Bogota,Credito Consumo,4204927,169
2025-11-27,Bogota,Microcredito,231520,198
2025-11-27,Bogota,Tarjeta Visa,2083244,103
2025-11-27,Bogota,Tarjeta Visa,2935990,188
2025-11-27,Bogota,Libranza,247412,123
2025-11-27,Bogota,Microcredito,3124903,111
2025-11-27,Bogota,Microcredito,4846090,107
2025-11-27,Bogota,Credito Consumo,3293233,130
2025-11-27,Bogota,Tarjeta Visa,2597069,189
2025-11-27,Bogota,Tarjeta Visa,4582837,112
2025-11-27,Bogota,Libranza,2748171,162
2025-11-27,Bogota,Credito Consumo,3155760,116
2025-11-27,Bogota,Libranza,730076,198
2025-11-27,Bogota,Tarjeta Visa,1043189,146
2025-11-27,Bogota,Libranza,1176068,137
2025-11-27,Bogota,Libranza,2210072,180
2025-11-27,Bogota,Credito Consumo,3549116,149
2025-11-27,Bogota,Microcredito,461149,143
2025-11-27,Bogota,Libranza,1216185,148
2025-11-27,Bogota,Libranza,3613707,187
2025-11-27,Bogota,Credito Consumo,2561415,195
2025-11-27,Bogota,Tarjeta Visa,4857179,193
2025-11-27,Bogota,Microcredito,3344459,146
2025-11-27,Bogota,Tarjeta Visa,1106456,155
2025-11-27,Bogota,Libranza,3562107,165
2025-11-27,Bogota,Tarjeta Visa,4418120,196
2025-11-27,Bogota,Microcredito,1671158,120
2025-11-27,Bogota,Libranza,4626364,174
2025-11-27,Bogota,Libranza,525415,128
2025-11-27,Bogota,Libranza,2070491,190
2025-11-27,Bogota,Tarjeta Visa,1686365,166
2025-11-27,Bogota,Libranza,1226494,193
2025-11-27,Bogota,Libranza,2864398,144
2025-11-27,Bogota,Libranza,1010517,191
2025-11-27,Bogota,Libranza,188530,136
2025-11-27,Bogota,Credito Consumo,1934071,135
2025-11-27,Bogota,Microcredito,718826,106
2025-11-27,Bogota,Libranza,3040051,150
2025-11-27,Bogota,Microcredito,2864654,161
2025-11-27,Bogota,Microcredito,1828144,183
2025-11-27,Bogota,Credito Consumo,403419,139
2025-11-27,Bogota,Libranza,396976,163
2025-11-27,Bogota,Libranza,1768559,102
2025-11-27,Bogota,Credito Consumo,4532493,135
2025-11-27,Bogota,Microcredito,4641497,109
2025-11-27,Bogota,Microcredito,3913831,165
2025-11-27,Bogota,Microcredito,4774422,168
2025-11-27,Bogota,Credito Consumo,2312690,105
2025-11-27,Bogota,Credito Consumo,444566,144
2025-11-27,Bogota,Microcredito,799663,151
2025-11-27,Bogota,Microcredito,3288407,102
2025-11-27,Bogota,Microcredito,929479,190
2025-11-27,Bogota,Libranza,2485804,100
2025-11-27,Bogota,Microcredito,4543041,172
2025-11-27,Bogota,Microcredito,4925140,133
2025-11-27,Bogota,Microcredito,882547,143
2025-11-27,Bogota,Libranza,2979320,108
2025-11-27,Bogota,Libranza,2830382,127
2025-11-27,Bogota,Libranza,544382,120
2025-11-27,Bogota,Microcredito,1104821,122
2025-11-27,Bogota,Tarjeta Visa,4607547,167
2025-11-27,Bogota,Microcredito,1287719,139
2025-11-27,Bogota,Credito Consumo,4865051,192
2025-11-27,Bogota,Microcredito,114956,113
2025-11-27,Bogota,Microcredito,2867660,108
2025-11-27,Bogota,Libranza,3924726,149
2025-11-27,Bogota,Microcredito,3530007,104
2025-11-27,Bogota,Tarjeta Visa,122897,167
2025-11-27,Bogota,Libranza,258293,118
2025-11-27,Bogota,Microcredito,595201,167
2025-11-27,Bogota,Libranza,2548696,175
2025-11-27,Bogota,Tarjeta Visa,3544789,183
2025-11-27,Bogota,Credito Consumo,1151900,166
2025-11-27,Bogota,Credito Consumo,2690591,189
2025-11-27,Bogota,Credito Consumo,1080171,114
2025-11-27,Bogota,Libranza,421137,147
2025-11-27,Bogota,Libranza,4464625,134
2025-11-27,Bogota,Credito Consumo,2913432,148
2025-11-27,Bogota,Tarjeta Visa,715423,152
2025-11-27,Bogota,Credito Consumo,181541,146
2025-11-27,Bogota,Credito Consumo,4328593,139
2025-11-27,Bogota,Credito Consumo,390517,186
2025-11-27,Bogota,Libranza,4469622,180
2025-11-27,Bogota,Microcredito,1085649,153
2025-11-27,Bogota,Credito Consumo,4006134,125
2025-11-27,Bogota,Tarjeta Visa,565400,147
2025-11-27,Bogota,Microcredito,1046997,187
2025-11-27,Bogota,Credito Consumo,1749787,111
2025-11-27,Bogota,Credito Consumo,3882225,195
2025-11-27,Bogota,Tarjeta Visa,350023,149
2025-11-27,Bogota,Tarjeta Visa,680029,192
2025-11-27,Bogota,Credito Consumo,1802974,121
2025-11-27,Bogota,Libranza,1532241,170
2025-11-27,Bogota,Credito Consumo,1739754,179
2025-11-27,Bogota,Credito Consumo,675193,108
2025-11-27,Bogota,Credito Consumo,3106922,119
2025-11-27,Bogota,Libranza,1733105,110
2025-11-27,Bogota,Libranza,802306,134
2025-11-27,Bogota,Credito Consumo,2064270,160
2025-11-27,Bogota,Credito Consumo,1412381,144
2025-11-27,Bogota,Tarjeta Visa,2668943,197
2025-11-27,Bogota,Credito Consumo,2960578,179
2025-11-27,Bogota,Libranza,3042323,190
2025-11-27,Bogota,Tarjeta Visa,2173753,130
2025-11-27,Bogota,Tarjeta Visa,2135120,168
2025-11-27,Bogota,Libranza,3947446,151
2025-11-27,Bogota,Microcredito,2213341,119
2025-11-27,Bogota,Tarjeta Visa,3674177,134
2025-11-27,Bogota,Tarjeta Visa,4241937,103
2025-11-27,Bogota,Libranza,270819,197
2025-11-27,Bogota,Libranza,4646299,182
2025-11-27,Bogota,Libranza,3224932,161
2025-11-27,Bogota,Microcredito,271866,106
2025-11-27,Bogota,Microcredito,1992069,171
2025-11-27,Bogota,Credito Consumo,2484861,119
2025-11-27,Bogota,Credito Consumo,506431,108
2025-11-27,Bogota,Credito Consumo,490097,169
2025-11-27,Bogota,Credito Consumo,3272030,106
2025-11-27,Bogota,Libranza,1926796,175
2025-11-27,Bogota,Tarjeta Visa,1482505,137
2025-11-27,Bogota,Tarjeta Visa,3987711,133
2025-11-27,Bogota,Libranza,2359851,131
2025-11-27,Bogota,Libranza,3070459,142
2025-11-27,Bogota,Microcredito,2190164,188
2025-11-27,Bogota,Tarjeta Visa,2664453,188
2025-11-27,Bogota,Microcredito,2725818,194
2025-11-27,Bogota,Microcredito,2932203,154
2025-11-27,Bogota,Microcredito,903228,124
2025-11-27,Bogota,Libranza,4876130,125
2025-11-27,Bogota,Credito Consumo,2443936,180
2025-11-27,Bogota,Credito Consumo,1096807,188
2025-11-27,Bogota,Microcredito,3550083,191
2025-11-27,Bogota,Credito Consumo,4826199,195
2025-11-27,Bogota,Credito Consumo,4537578,121
2025-11-27,Bogota,Credito Consumo,3679823,148
2025-11-27,Bogota,Microcredito,1412981,166
2025-11-27,Bogota,Tarjeta Visa,2525943,145
2025-11-27,Bogota,Libranza,4171386,171
2025-11-27,Bogota,Credito Consumo,584843,102
2025-11-27,Bogota,Credito Consumo,4527988,164
2025-11-27,Bogota,Credito Consumo,3855006,124
2025-11-27,Bogota,Credito Consumo,1433850,187
2025-11-27,Bogota,Credito Consumo,2691870,100
2025-11-27,Bogota,Libranza,4479035,126
2025-11-27,Bogota,Microcredito,1097500,194
2025-11-27,Bogota,Microcredito,891769,101
2025-11-27,Bogota,Microcredito,3261809,139
2025-11-27,Bogota,Libranza,1181353,139
2025-11-27,Bogota,Credito Consumo,4468079,193
2025-11-27,Bogota,Tarjeta Visa,3224918,185
2025-11-27,Bogota,Tarjeta Visa,466609,190
2025-11-27,Bogota,Libranza,3396881,106
2025-11-27,Bogota,Libranza,3155224,159
2025-11-27,Bogota,Microcredito,1292675,164
2025-11-27,Bogota,Credito Consumo,4786194,115
2025-11-27,Bogota,Libranza,2600547,151
2025-11-27,Bogota,Microcredito,4494829,147
2025-11-27,Bogota,Libranza,1980005,175
2025-11-27,Bogota,Tarjeta Visa,2301941,191
2025-11-27,Bogota,Credito Consumo,4968900,134
2025-11-27,Bogota,Microcredito,4477559,144
2025-11-27,Bogota,Microcredito,2986769,117
2025-11-27,Bogota,Microcredito,3669638,109
2025-11-27,Bogota,Libranza,4737316,100
2025-11-27,Bogota,Libranza,970648,149
2025-11-27,Bogota,Microcredito,2711540,172
2025-11-27,Bogota,Microcredito,2026257,179
2025-11-27,Bogota,Libranza,4850825,100
2025-11-27,Bogota,Credito Consumo,2475087,107
2025-11-27,Bogota,Tarjeta Visa,1683789,152
2025-11-27,Bogota,Credito Consumo,914464,193
2025-11-27,Bogota,Microcredito,4285569,187
2025-11-27,Bogota,Credito Consumo,1380141,118
2025-11-27,Bogota,Libranza,3828123,125
2025-11-27,Bogota,Tarjeta Visa,4775504,140
2025-11-27,Bogota,Microcredito,1972874,157
2025-11-27,Bogota,Credito Consumo,1515397,191
2025-11-27,Bogota,Tarjeta Visa,3274501,113
2025-11-27,Bogota,Libranza,2344583,118
2025-11-27,Bogota,Tarjeta Visa,3731705,121
2025-11-27,Bogota,Libranza,1085956,183
2025-11-27,Bogota,Libranza,4430299,141
2025-11-27,Bogota,Tarjeta Visa,3166676,193
2025-11-27,Bogota,Microcredito,1687968,152
2025-11-27,Bogota,Tarjeta Visa,2380517,189
2025-11-27,Bogota,Microcredito,869033,139
2025-11-27,Bogota,Tarjeta Visa,4036517,151
2025-11-27,Bogota,Tarjeta Visa,3059030,115
2025-11-27,Bogota,Libranza,3799669,155
2025-11-27,Bogota,Libranza,777935,194
2025-11-27,Bogota,Tarjeta Visa,3088124,102
2025-11-27,Bogota,Libranza,3508708,137
2025-11-27,Bogota,Credito Consumo,3840948,190
2025-11-27,Bogota,Libranza,243834,149
2025-11-27,Bogota,Credito Consumo,4323148,100
2025-11-27,Bogota,Tarjeta Visa,1744070,139
2025-11-27,Bogota,Libranza,3161094,125
2025-11-27,Bogota,Credito Consumo,1255375,149
2025-11-27,Bogota,Microcredito,3395742,161
2025-11-27,Bogota,Microcredito,2319784,123
2025-11-27,Bogota,Credito Consumo,1181407,100
2025-11-27,Bogota,Microcredito,1412216,166
2025-11-27,Bogota,Tarjeta Visa,3365068,126
2025-11-27,Bogota,Tarjeta Visa,2645820,123
2025-11-27,Bogota,Libranza,3403757,134
2025-11-27,Bogota,Libranza,1185602,119
2025-11-27,Bogota,Tarjeta Visa,4643874,129
2025-11-27,Bogota,Tarjeta Visa,752512,156
2025-11-27,Bogota,Tarjeta Visa,3634336,122
2025-11-27,Bogota,Libranza,3425126,106
2025-11-27,Bogota,Tarjeta Visa,1412573,115
2025-11-27,Bogota,Credito Consumo,3316772,144
2025-11-27,Bogota,Microcredito,1573392,185
2025-11-27,Bogota,Microcredito,3581024,188
2025-11-27,Bogota,Credito Consumo,1122192,135
2025-11-27,Bogota,Credito Consumo,2502181,170
2025-11-27,Bogota,Microcredito,901036,121
2025-11-27,Bogota,Microcredito,2114526,157
2025-11-27,Bogota,Credito Consumo,3270570,134
2025-11-27,Bogota,Microcredito,4176233,135
2025-11-27,Bogota,Tarjeta Visa,2380504,120
2025-11-27,Bogota,Credito Consumo,3866994,145
2025-11-27,Bogota,Libranza,921595,114
2025-11-27,Bogota,Libranza,4746989,124
2025-11-27,Bogota,Tarjeta Visa,4061294,111
2025-11-27,Bogota,Libranza,349563,137
2025-11-27,Bogota,Libranza,3320709,138
2025-11-27,Bogota,Credito Consumo,1966506,193
2025-11-27,Bogota,Tarjeta Visa,1800974,129
2025-11-27,Bogota,Libranza,3413205,101
2025-11-27,Bogota,Libranza,3414964,104
2025-11-27,Bogota,Libranza,1637155,153
2025-11-27,Bogota,Libranza,3238826,145
2025-11-27,Bogota,Microcredito,3766534,179
2025-11-27,Bogota,Credito Consumo,984628,177
2025-11-27,Bogota,Credito Consumo,3772306,188
2025-11-27,Bogota,Microcredito,483124,190
2025-11-27,Bogota,Credito Consumo,4410526,117
2025-11-27,Bogota,Credito Consumo,428602,106
2025-11-27,Bogota,Libranza,4785423,174
2025-11-27,Bogota,Microcredito,1634473,132
2025-11-27,Bogota,Microcredito,4833012,183
2025-11-27,Bogota,Libranza,695240,183
2025-11-27,Bogota,Libranza,2614509,190
2025-11-27,Bogota,Credito Consumo,377252,177
2025-11-27,Bogota,Libranza,243128,142
2025-11-27,Bogota,Microcredito,1279189,110
2025-11-27,Bogota,Microcredito,108453,197
2025-11-27,Bogota,Credito Consumo,2587389,162
2025-11-27,Bogota,Credito Consumo,1383514,158
2025-11-27,Bogota,Microcredito,3339311,121
2025-11-27,Bogota,Microcredito,393370,195
2025-11-27,Bogota,Microcredito,3037280,189
2025-11-27,Bogota,Microcredito,2749531,185
2025-11-27,Bogota,Credito Consumo,4515403,123
2025-11-27,Bogota,Credito Consumo,632572,159
2025-11-27,Bogota,Tarjeta Visa,343870,198
2025-11-27,Bogota,Tarjeta Visa,3292652,184
2025-11-27,Bogota,Tarjeta Visa,874041,154
2025-11-27,Bogota,Libranza,2108534,112
2025-11-27,Bogota,Microcredito,2974418,156
2025-11-27,Bogota,Tarjeta Visa,4102045,139
2025-11-27,Bogota,Libranza,3772776,196
2025-11-27,Bogota,Tarjeta Visa,3978391,179
2025-11-27,Bogota,Libranza,1556708,168
2025-11-27,Bogota,Tarjeta Visa,3542681,131
2025-11-27,Bogota,Tarjeta Visa,1472972,168
2025-11-27,Bogota,Credito Consumo,3855469,166
2025-11-27,Bogota,Libranza,4870900,145
2025-11-27,Bogota,Libranza,260928,170
2025-11-27,Bogota,Credito Consumo,732213,136
2025-11-27,Bogota,Libranza,1519520,104
2025-11-27,Bogota,Credito Consumo,4894569,153
2025-11-27,Bogota,Microcredito,2988107,139
2025-11-27,Bogota,Credito Consumo,2741914,109
2025-11-27,Bogota,Libranza,1215359,105
2025-11-27,Bogota,Microcredito,3855537,101
2025-11-27,Bogota,Libranza,3452357,109
2025-11-27,Bogota,Libranza,1071873,152
2025-11-27,Bogota,Microcredito,3523247,136
2025-11-27,Bogota,Credito Consumo,2696840,169
2025-11-27,Bogota,Tarjeta Visa,2770181,179
2025-11-27,Bogota,Microcredito,3607745,158
2025-11-27,Bogota,Tarjeta Visa,120804,101
2025-11-27,Bogota,Libranza,2396259,109
2025-11-27,Bogota,Microcredito,4059259,135
2025-11-27,Bogota,Tarjeta Visa,3467752,172
2025-11-27,Bogota,Tarjeta Visa,3675198,155
2025-11-27,Bogota,Microcredito,4732298,132
2025-11-27,Bogota,Libranza,2793190,191
2025-11-27,Bogota,Libranza,4064759,106
2025-11-27,Bogota,Tarjeta Visa,3940255,155
2025-11-27,Bogota,Microcredito,3912063,147
2025-11-27,Bogota,Microcredito,4516673,117
2025-11-27,Bogota,Libranza,513023,103
2025-11-27,Bogota,Credito Consumo,3798697,166
2025-11-27,Bogota,Libranza,2773397,195
2025-11-27,Bogota,Microcredito,2176977,186
2025-11-27,Bogota,Credito Consumo,2234374,162
2025-11-27,Bogota,Tarjeta Visa,4729389,134
2025-11-27,Bogota,Libranza,4787280,141
2025-11-27,Bogota,Tarjeta Visa,2137449,159
2025-11-27,Bogota,Microcredito,493678,167
2025-11-27,Bogota,Credito Consumo,2393026,114
2025-11-27,Bogota,Libranza,1368509,115
2025-11-27,Bogota,Tarjeta Visa,3987011,135
2025-11-27,Bogota,Credito Consumo,3324738,116
2025-11-27,Bogota,Credito Consumo,2708322,131
2025-11-27,Bogota,Tarjeta Visa,3386813,136
2025-11-27,Bogota,Microcredito,2930244,129
2025-11-27,Bogota,Libranza,4699110,167
2025-11-27,Bogota,Microcredito,1212659,161
2025-11-27,Bogota,Libranza,2272241,167
2025-11-27,Bogota,Microcredito,3167270,106
2025-11-27,Bogota,Libranza,333080,124
2025-11-27,Bogota,Credito Consumo,4849247,175
2025-11-27,Bogota,Microcredito,2696348,175
2025-11-27,Bogota,Tarjeta Visa,2317534,126
2025-11-27,Bogota,Microcredito,2327570,104
2025-11-27,Bogota,Credito Consumo,1957352,130
2025-11-27,Bogota,Tarjeta Visa,4620199,140
2025-11-27,Bogota,Microcredito,712934,167
2025-11-27,Bogota,Tarjeta Visa,3217760,180
2025-11-27,Bogota,Microcredito,550958,171
2025-11-27,Bogota,Microcredito,2991402,183
2025-11-27,Bogota,Libranza,703487,135
2025-11-27,Bogota,Tarjeta Visa,2852486,169
2025-11-27,Bogota,Microcredito,219770,153
2025-11-27,Bogota,Credito Consumo,3612144,196
2025-11-27,Bogota,Libranza,4383119,113
2025-11-27,Bogota,Libranza,3287498,174
2025-11-27,Bogota,Libranza,3326476,159
2025-11-27,Bogota,Microcredito,2801545,173
2025-11-27,Bogota,Credito Consumo,4352665,134
2025-11-27,Bogota,Credito Consumo,4474309,147
2025-11-27,Bogota,Tarjeta Visa,3457558,120
2025-11-27,Bogota,Tarjeta Visa,475323,102
2025-11-27,Bogota,Microcredito,200267,109
2025-11-27,Bogota,Microcredito,155010,183
2025-11-27,Bogota,Credito Consumo,1012960,160
2025-11-27,Bogota,Libranza,1053633,148
2025-11-27,Bogota,Tarjeta Visa,1165849,129
2025-11-27,Bogota,Microcredito,4242264,118
2025-11-27,Bogota,Credito Consumo,1110272,143
2025-11-27,Bogota,Tarjeta Visa,2396683,185
2025-11-27,Bogota,Credito Consumo,4254617,126
2025-11-27,Bogota,Libranza,3211980,168
2025-11-27,Bogota,Libranza,4232869,194
2025-11-27,Bogota,Credito Consumo,4910120,136
2025-11-27,Bogota,Microcredito,4140935,139
2025-11-27,Bogota,Libranza,3969820,120
2025-11-27,Bogota,Credito Consumo,4004565,196
2025-11-27,Bogota,Microcredito,561400,160
2025-11-27,Bogota,Libranza,3030388,116
2025-11-27,Bogota,Libranza,2459763,166
2025-11-27,Bogota,Microcredito,2002679,151
2025-11-27,Bogota,Tarjeta Visa,4555800,146
2025-11-27,Bogota,Credito Consumo,522959,104
2025-11-27,Bogota,Microcredito,2728467,132
2025-11-27,Bogota,Libranza,106955,171
2025-11-27,Bogota,Microcredito,2072013,101
2025-11-27,Bogota,Credito Consumo,4004643,149
2025-11-27,Bogota,Tarjeta Visa,1513148,190
2025-11-27,Bogota,Credito Consumo,4982951,107
2025-11-27,Bogota,Tarjeta Visa,1949210,112
2025-11-27,Bogota,Credito Consumo,2720625,194
2025-11-27,Bogota,Tarjeta Visa,3675676,169
2025-11-27,Bogota,Tarjeta Visa,1937516,105
2025-11-27,Bogota,Microcredito,4960645,108
2025-11-27,Bogota,Microcredito,3607065,183
2025-11-27,Bogota,Tarjeta Visa,4519213,194
2025-11-27,Bogota,Microcredito,500648,177
2025-11-27,Bogota,Microcredito,833219,146
2025-11-27,Bogota,Libranza,3326511,162
2025-11-27,Bogota,Tarjeta Visa,3475146,104
2025-11-27,Bogota,Tarjeta Visa,4426031,114
2025-11-27,Bogota,Libranza,3163287,197
2025-11-27,Bogota,Tarjeta Visa,153924,156
2025-11-27,Bogota,Credito Consumo,4347606,143
2025-11-27,Bogota,Tarjeta Visa,682756,162
2025-11-27,Bogota,Credito Consumo,2501945,113
2025-11-27,Bogota,Libranza,1298096,107
2025-11-27,Bogota,Tarjeta Visa,1974806,101
2025-11-27,Bogota,Microcredito,4715641,191
2025-11-27,Bogota,Tarjeta Visa,1306100,122
2025-11-27,Bogota,Credito Consumo,392444,142
2025-11-27,Bogota,Tarjeta Visa,3147838,180
2025-11-27,Bogota,Credito Consumo,2750230,179
2025-11-27,Bogota,Credito Consumo,2270568,122
2025-11-27,Bogota,Libranza,866425,171
2025-11-27,Bogota,Tarjeta Visa,3359667,122
2025-11-27,Bogota,Tarjeta Visa,417536,125
2025-11-27,Bogota,Libranza,1645406,148
2025-11-27,Bogota,Microcredito,3050487,139
2025-11-27,Bogota,Tarjeta Visa,4020733,131
2025-11-27,Bogota,Credito Consumo,1298731,142
2025-11-27,Bogota,Credito Consumo,664017,106
2025-11-27,Bogota,Microcredito,3450492,116
2025-11-27,Bogota,Tarjeta Visa,1559635,152
2025-11-27,Bogota,Libranza,3843881,103
2025-11-27,Bogota,Libranza,1281478,186
2025-11-27,Bogota,Microcredito,1116303,137
2025-11-27,Bogota,Credito Consumo,3507663,172
2025-11-27,Bogota,Credito Consumo,3385416,149
2025-11-27,Bogota,Tarjeta Visa,153344,109
2025-11-27,Bogota,Tarjeta Visa,1438901,152
2025-11-27,Bogota,Tarjeta Visa,1424461,145
2025-11-27,Bogota,Credito Consumo,124993,112
2025-11-27,Bogota,Libranza,2204304,106
2025-11-27,Bogota,Tarjeta Visa,1362843,110
2025-11-27,Bogota,Libranza,111189,178
2025-11-27,Bogota,Microcredito,1893888,158
2025-11-27,Bogota,Credito Consumo,2713233,117
2025-11-27,Bogota,Tarjeta Visa,3098368,133
2025-11-27,Bogota,Tarjeta Visa,4854392,147
2025-11-27,Bogota,Credito Consumo,2397636,109
2025-11-27,Bogota,Microcredito,2372567,181
2025-11-27,Bogota,Libranza,3232296,162
2025-11-27,Bogota,Tarjeta Visa,877964,186
2025-11-27,Bogota,Microcredito,2801932,138
2025-11-27,Bogota,Tarjeta Visa,3631178,173
2025-11-27,Bogota,Microcredito,3053121,154
2025-11-27,Bogota,Credito Consumo,3739750,108
2025-11-27,Bogota,Libranza,4639851,162
2025-11-27,Bogota,Credito Consumo,2094477,107
2025-11-27,Bogota,Tarjeta Visa,308015,166
2025-11-27,Bogota,Libranza,1072870,185
2025-11-27,Bogota,Microcredito,1385923,196
2025-11-27,Bogota,Tarjeta Visa,3603991,160
2025-11-27,Bogota,Credito Consumo,4046560,194
2025-11-27,Bogota,Credito Consumo,587929,118
2025-11-27,Bogota,Tarjeta Visa,1138421,188
2025-11-27,Bogota,Microcredito,4277154,168
2025-11-27,Bogota,Libranza,3551517,120
2025-11-27,Bogota,Credito Consumo,298372,161
2025-11-27,Bogota,Credito Consumo,4357651,110
2025-11-27,Bogota,Microcredito,898495,173
2025-11-27,Bogota,Libranza,3406250,165
2025-11-27,Bogota,Credito Consumo,4792318,163
2025-11-27,Bogota,Libranza,698903,184
2025-11-27,Bogota,Credito Consumo,603748,192
2025-11-27,Bogota,Libranza,1850240,131
2025-11-27,Bogota,Credito Consumo,1010328,198
2025-11-27,Bogota,Libranza,4931776,148
2025-11-27,Bogota,Microcredito,2412083,180
2025-11-27,Bogota,Credito Consumo,4536276,194
2025-11-27,Bogota,Libranza,4387907,159
2025-11-27,Bogota,Tarjeta Visa,1447837,145
2025-11-27,Bogota,Tarjeta Visa,4876713,172
2025-11-27,Bogota,Credito Consumo,4298679,171
2025-11-27,Bogota,Libranza,1716215,115
2025-11-27,Bogota,Microcredito,3174433,157
2025-11-27,Bogota,Libranza,3234896,182
2025-11-27,Bogota,Libranza,2029116,163
2025-11-27,Bogota,Tarjeta Visa,1560189,169
2025-11-27,Bogota,Libranza,124250,128
2025-11-27,Bogota,Tarjeta Visa,869806,150
2025-11-27,Bogota,Credito Consumo,3963587,147
2025-11-27,Bogota,Credito Consumo,4770746,158
2025-11-27,Bogota,Libranza,594186,118
2025-11-27,Bogota,Libranza,3407854,143
2025-11-27,Bogota,Microcredito,2616110,153
2025-11-27,Bogota,Microcredito,278091,100
2025-11-27,Bogota,Libranza,1547653,164
2025-11-27,Bogota,Microcredito,3720718,101
2025-11-27,Bogota,Microcredito,2365466,166
2025-11-27,Bogota,Libranza,2382244,164
2025-11-27,Bogota,Microcredito,3750422,105
2025-11-27,Bogota,Tarjeta Visa,3372213,154
2025-11-27,Bogota,Credito Consumo,2995511,119
2025-11-27,Bogota,Libranza,3744820,134
2025-11-27,Bogota,Microcredito,740404,173
2025-11-27,Bogota,Libranza,2665483,185
2025-11-27,Bogota,Libranza,4124687,191
2025-11-27,Bogota,Libranza,2582136,190
2025-11-27,Bogota,Credito Consumo,1893489,168
2025-11-27,Bogota,Libranza,4965197,125
2025-11-27,Bogota,Libranza,1271369,136
2025-11-27,Bogota,Libranza,1188626,184
2025-11-27,Bogota,Microcredito,2020744,109
2025-11-27,Bogota,Libranza,539990,136
2025-11-27,Bogota,Libranza,2608016,168
2025-11-27,Bogota,Tarjeta Visa,1952947,109
2025-11-27,Bogota,Credito Consumo,2598675,165
2025-11-27,Bogota,Credito Consumo,2495633,126
2025-11-27,Bogota,Microcredito,4765023,188
2025-11-27,Bogota,Microcredito,2553782,189
2025-11-27,Bogota,Microcredito,1822462,145
2025-11-27,Bogota,Microcredito,409994,146
2025-11-27,Bogota,Credito Consumo,4447341,109
2025-11-27,Bogota,Libranza,2932912,192
2025-11-27,Bogota,Libranza,3338075,106
2025-11-27,Bogota,Libranza,336132,194
2025-11-27,Bogota,Credito Consumo,1015277,161
2025-11-27,Bogota,Tarjeta Visa,1175005,189
2025-11-27,Bogota,Tarjeta Visa,3112727,127
2025-11-27,Bogota,Microcredito,2762158,156
2025-11-27,Bogota,Credito Consumo,1249580,179
2025-11-27,Bogota,Credito Consumo,2278811,131
2025-11-27,Bogota,Tarjeta Visa,1714602,144
2025-11-27,Bogota,Microcredito,4052623,125
2025-11-27,Bogota,Tarjeta Visa,4650234,176
2025-11-27,Bogota,Libranza,795833,124
2025-11-27,Bogota,Tarjeta Visa,1459506,185
2025-11-27,Bogota,Libranza,105942,107
2025-11-27,Bogota,Libranza,3181031,193
2025-11-27,Bogota,Libranza,365808,103
2025-11-27,Bogota,Credito Consumo,1132086,147
2025-11-27,Bogota,Credito Consumo,1748973,191
2025-11-27,Bogota,Tarjeta Visa,2702962,115
2025-11-27,Bogota,Tarjeta Visa,3934754,140
2025-11-27,Bogota,Microcredito,3986493,128
2025-11-27,Bogota,Microcredito,4809104,149
2025-11-27,Bogota,Credito Consumo,1189472,109
2025-11-27,Bogota,Credito Consumo,749442,138
2025-11-27,Bogota,Tarjeta Visa,1314743,124
2025-11-27,Bogota,Tarjeta Visa,4072320,145
2025-11-27,Bogota,Tarjeta Visa,2547663,163
2025-11-27,Bogota,Microcredito,4589767,152
2025-11-27,Bogota,Microcredito,3972074,194
2025-11-27,Bogota,Microcredito,3323920,115
2025-11-27,Bogota,Microcredito,1198642,190
2025-11-27,Bogota,Libranza,798228,104
2025-11-27,Bogota,Libranza,4166917,130
2025-11-27,Bogota,Credito Consumo,1143028,156
2025-11-27,Bogota,Tarjeta Visa,609857,182
2025-11-27,Bogota,Tarjeta Visa,2555830,191
2025-11-27,Bogota,Tarjeta Visa,2020736,126
2025-11-27,Bogota,Credito Consumo,2965512,137
2025-11-27,Bogota,Tarjeta Visa,2697866,119
2025-11-27,Bogota,Credito Consumo,3866879,141
2025-11-27,Bogota,Libranza,673655,142
2025-11-27,Bogota,Credito Consumo,2698520,185
2025-11-27,Bogota,Tarjeta Visa,1863669,167
2025-11-27,Bogota,Tarjeta Visa,2295781,188
2025-11-27,Bogota,Libranza,4087508,176
2025-11-27,Bogota,Microcredito,3465086,115
2025-11-27,Bogota,Microcredito,1482424,179
2025-11-27,Bogota,Tarjeta Visa,1030625,174
2025-11-27,Bogota,Tarjeta Visa,4043429,148
2025-11-27,Bogota,Tarjeta Visa,4217955,101
2025-11-27,Bogota,Libranza,3505197,160
2025-11-27,Bogota,Tarjeta Visa,2847244,136
2025-11-27,Bogota,Tarjeta Visa,2847516,120
2025-11-27,Bogota,Microcredito,3370579,100
2025-11-27,Bogota,Credito Consumo,1868760,144
2025-11-27,Bogota,Libranza,4547280,178
2025-11-27,Bogota,Tarjeta Visa,4123895,128
2025-11-27,Bogota,Libranza,1572831,162
2025-11-27,Bogota,Libranza,709287,191
2025-11-27,Bogota,Libranza,4068167,114
2025-11-27,Bogota,Libranza,2437647,116
2025-11-27,Bogota,Tarjeta Visa,4219615,117
2025-11-27,Bogota,Credito Consumo,4549309,111
2025-11-27,Bogota,Libranza,3257225,145
2025-11-27,Bogota,Tarjeta Visa,681956,145
2025-11-27,Bogota,Microcredito,166095,184
2025-11-27,Bogota,Credito Consumo,1384038,111
2025-11-27,Bogota,Microcredito,2428205,157
2025-11-27,Bogota,Libranza,1270846,178
2025-11-27,Bogota,Microcredito,864854,120
2025-11-27,Bogota,Tarjeta Visa,2266418,144
2025-11-27,Bogota,Credito Consumo,233990,162
2025-11-27,Bogota,Microcredito,4976206,183
2025-11-27,Bogota,Tarjeta Visa,2590000,185
2025-11-27,Bogota,Credito Consumo,846930,176
2025-11-27,Bogota,Microcredito,4656401,197
2025-11-27,Bogota,Libranza,2374940,120
2025-11-27,Bogota,Credito Consumo,910063,145
2025-11-27,Bogota,Tarjeta Visa,1179166,174
2025-11-27,Bogota,Credito Consumo,3760548,137
2025-11-27,Bogota,Libranza,446288,194
2025-11-27,Bogota,Credito Consumo,527122,103
2025-11-27,Bogota,Tarjeta Visa,741115,101
2025-11-27,Bogota,Tarjeta Visa,2086009,177
2025-11-27,Bogota,Credito Consumo,1901300,185
2025-11-27,Bogota,Credito Consumo,518217,113
2025-11-27,Bogota,Tarjeta Visa,1881912,153
2025-11-27,Bogota,Libranza,1064986,158
2025-11-27,Bogota,Microcredito,616769,196
2025-11-27,Bogota,Microcredito,1095645,100
2025-11-27,Bogota,Microcredito,2434951,136
2025-11-27,Bogota,Microcredito,2666333,183
2025-11-27,Bogota,Microcredito,3266643,126
2025-11-27,Bogota,Tarjeta Visa,1243987,194
2025-11-27,Bogota,Libranza,4565209,162
2025-11-27,Bogota,Tarjeta Visa,3600778,191
2025-11-27,Bogota,Libranza,1040464,142
2025-11-27,Bogota,Credito Consumo,1353617,184
2025-11-27,Bogota,Tarjeta Visa,597824,146
2025-11-27,Bogota,Tarjeta Visa,4002391,148
2025-11-27,Bogota,Credito Consumo,2994636,134
2025-11-27,Bogota,Tarjeta Visa,3223555,107
2025-11-27,Bogota,Libranza,227998,140
2025-11-27,Bogota,Credito Consumo,1658376,118
2025-11-27,Bogota,Tarjeta Visa,4527304,142
2025-11-27,Bogota,Libranza,3151704,124
2025-11-27,Bogota,Credito Consumo,3235525,159
2025-11-27,Bogota,Credito Consumo,994911,139
2025-11-27,Bogota,Credito Consumo,3445935,143
2025-11-27,Bogota,Microcredito,599543,143
2025-11-27,Bogota,Libranza,1926031,125
2025-11-27,Bogota,Credito Consumo,1614256,175
2025-11-27,Bogota,Libranza,1698619,113
2025-11-27,Bogota,Credito Consumo,259968,115
2025-11-27,Bogota,Tarjeta Visa,1221297,116
2025-11-27,Bogota,Libranza,2053125,181
2025-11-27,Bogota,Tarjeta Visa,4782558,126
2025-11-27,Bogota,Credito Consumo,3496319,195
2025-11-27,Bogota,Tarjeta Visa,2722232,183
2025-11-27,Bogota,Tarjeta Visa,1585925,109
2025-11-27,Bogota,Tarjeta Visa,4586205,145
2025-11-27,Bogota,Credito Consumo,1939012,190
2025-11-27,Bogota,Credito Consumo,4557403,153
2025-11-27,Bogota,Credito Consumo,3114789,189
2025-11-27,Bogota,Credito Consumo,3428998,173
2025-11-27,Bogota,Libranza,3107458,183
2025-11-27,Bogota,Credito Consumo,1772832,159
2025-11-27,Bogota,Tarjeta Visa,1470529,146
2025-11-27,Bogota,Credito Consumo,4100952,179
2025-11-27,Bogota,Tarjeta Visa,2668296,115
2025-11-27,Bogota,Microcredito,692627,126
2025-11-27,Bogota,Tarjeta Visa,4028665,107
2025-11-27,Bogota,Credito Consumo,675137,145
2025-11-27,Bogota,Credito Consumo,4901788,116
2025-11-27,Bogota,Microcredito,2568054,188
2025-11-27,Bogota,Libranza,1535878,180
2025-11-27,Bogota,Microcredito,3660108,137
2025-11-27,Bogota,Microcredito,3546782,143
2025-11-27,Bogota,Libranza,1438695,179
2025-11-27,Bogota,Microcredito,3882238,127
2025-11-27,Bogota,Libranza,830528,122
2025-11-27,Bogota,Credito Consumo,4130760,113
2025-11-27,Bogota,Tarjeta Visa,4178932,191
2025-11-27,Bogota,Credito Consumo,1175889,124
2025-11-27,Bogota,Libranza,4029128,180
2025-11-27,Bogota,Credito Consumo,314644,196
2025-11-27,Bogota,Tarjeta Visa,833438,119
2025-11-27,Bogota,Microcredito,3560601,137
2025-11-27,Bogota,Tarjeta Visa,2035484,117
2025-11-27,Bogota,Tarjeta Visa,3526939,194
2025-11-27,Bogota,Credito Consumo,3097256,115
2025-11-27,Bogota,Libranza,4010567,160
2025-11-27,Bogota,Microcredito,3034263,115
2025-11-27,Bogota,Credito Consumo,4882910,161
2025-11-27,Bogota,Tarjeta Visa,4320852,144
2025-11-27,Bogota,Libranza,452772,117
2025-11-27,Bogota,Microcredito,3925238,159
2025-11-27,Bogota,Tarjeta Visa,2989747,167
2025-11-27,Bogota,Microcredito,4151396,152
2025-11-27,Bogota,Microcredito,1395579,140
2025-11-27,Bogota,Libranza,1528395,165
2025-11-27,Bogota,Libranza,4428749,134
2025-11-27,Bogota,Tarjeta Visa,1073028,178
2025-11-27,Bogota,Tarjeta Visa,3594268,181
2025-11-27,Bogota,Tarjeta Visa,4085025,165
2025-11-27,Bogota,Libranza,2910890,170
2025-11-27,Bogota,Microcredito,4690422,142
2025-11-27,Bogota,Credito Consumo,2098942,139
2025-11-27,Bogota,Microcredito,336336,197
2025-11-27,Bogota,Libranza,4615378,121
2025-11-27,Bogota,Tarjeta Visa,3090061,109
2025-11-27,Bogota,Tarjeta Visa,4343184,132
2025-11-27,Bogota,Libranza,1889696,173
2025-11-27,Bogota,Tarjeta Visa,3907987,154
2025-11-27,Bogota,Microcredito,2999175,136
2025-11-27,Bogota,Microcredito,3379767,195
2025-11-27,Bogota,Microcredito,4409558,101
2025-11-27,Bogota,Credito Consumo,2677072,159
2025-11-27,Bogota,Credito Consumo,1798483,159
2025-11-27,Bogota,Libranza,3393956,145
2025-11-27,Bogota,Tarjeta Visa,4229714,187
2025-11-27,Bogota,Libranza,3703913,178
2025-11-27,Bogota,Tarjeta Visa,806803,174
2025-11-27,Bogota,Microcredito,2237656,144
2025-11-27,Bogota,Microcredito,1977051,153
2025-11-27,Bogota,Tarjeta Visa,1144260,152
2025-11-27,Bogota,Tarjeta Visa,2714203,114
2025-11-27,Bogota,Credito Consumo,4232584,187
2025-11-27,Bogota,Libranza,1019057,117
2025-11-27,Bogota,Libranza,2827392,190
2025-11-27,Bogota,Credito Consumo,4455042,186
2025-11-27,Bogota,Credito Consumo,3868335,113
2025-11-27,Bogota,Libranza,4781156,157
2025-11-27,Bogota,Tarjeta Visa,1966275,158
2025-11-27,Bogota,Microcredito,3080527,179
2025-11-27,Bogota,Credito Consumo,2522406,138
2025-11-27,Bogota,Microcredito,178104,113
2025-11-27,Bogota,Tarjeta Visa,3688225,163
2025-11-27,Bogota,Libranza,2923965,114
2025-11-27,Bogota,Tarjeta Visa,3357895,182
2025-11-27,Bogota,Credito Consumo,4483963,188
2025-11-27,Bogota,Microcredito,4171320,131
2025-11-27,Bogota,Tarjeta Visa,3911670,156
2025-11-27,Bogota,Microcredito,4809710,174
2025-11-27,Bogota,Tarjeta Visa,3408086,104
2025-11-27,Bogota,Tarjeta Visa,1035300,113
2025-11-27,Bogota,Credito Consumo,2891552,164
2025-11-27,Bogota,Microcredito,1525403,146
2025-11-27,Bogota,Libranza,709079,177
2025-11-27,Bogota,Libranza,786520,145
2025-11-27,Bogota,Tarjeta Visa,3154783,161
2025-11-27,Bogota,Libranza,2839953,197
2025-11-27,Bogota,Credito Consumo,3631049,155
2025-11-27,Bogota,Libranza,3664852,184
2025-11-27,Bogota,Credito Consumo,4597286,187
2025-11-27,Bogota,Libranza,4335561,169
2025-11-27,Bogota,Tarjeta Visa,4254644,121
2025-11-27,Bogota,Credito Consumo,4809943,149
2025-11-27,Bogota,Microcredito,4431747,182
2025-11-27,Bogota,Microcredito,967805,132
2025-11-27,Bogota,Credito Consumo,595542,145
2025-11-27,Bogota,Credito Consumo,4022172,103
2025-11-27,Bogota,Microcredito,3040548,117
2025-11-27,Bogota,Microcredito,1410075,187
2025-11-27,Bogota,Microcredito,2554891,137
2025-11-27,Bogota,Libranza,1821732,167
2025-11-27,Bogota,Microcredito,2315340,139
2025-11-27,Bogota,Tarjeta Visa,723778,137
2025-11-27,Bogota,Tarjeta Visa,4234335,145
2025-11-27,Bogota,Tarjeta Visa,2552898,146
2025-11-27,Bogota,Credito Consumo,3413680,193
2025-11-27,Bogota,Microcredito,1356518,115
2025-11-27,Bogota,Tarjeta Visa,3908080,183
2025-11-27,Bogota,Tarjeta Visa,607361,144
2025-11-27,Bogota,Tarjeta Visa,1646162,116
2025-11-27,Bogota,Tarjeta Visa,4714331,195
2025-11-27,Bogota,Tarjeta Visa,980347,197
2025-11-27,Bogota,Credito Consumo,530687,192
2025-11-27,Bogota,Microcredito,4633404,137
2025-11-27,Bogota,Microcredito,904974,196
2025-11-27,Bogota,Credito Consumo,1523033,108
2025-11-27,Bogota,Tarjeta Visa,2544664,121
2025-11-27,Bogota,Credito Consumo,203783,143
2025-11-27,Bogota,Libranza,1004661,192
2025-11-27,Bogota,Tarjeta Visa,2423035,190
2025-11-27,Bogota,Tarjeta Visa,3474271,155
2025-11-27,Bogota,Tarjeta Visa,3812222,197
2025-11-27,Bogota,Microcredito,4274568,151
2025-11-27,Bogota,Libranza,3688065,185
2025-11-27,Bogota,Microcredito,3508870,149
2025-11-27,Bogota,Libranza,3888464,127
2025-11-27,Bogota,Tarjeta Visa,3172665,147
2025-11-27,Bogota,Credito Consumo,2375068,187
2025-11-27,Bogota,Tarjeta Visa,4451342,141
2025-11-27,Bogota,Credito Consumo,3405746,149
2025-11-27,Bogota,Tarjeta Visa,3809238,104
2025-11-27,Bogota,Libranza,702987,174
2025-11-27,Bogota,Libranza,510150,115
2025-11-27,Bogota,Microcredito,4524995,188
2025-11-27,Bogota,Microcredito,3683189,138
2025-11-27,Bogota,Microcredito,1178229,167
2025-11-27,Bogota,Tarjeta Visa,3496592,158
2025-11-27,Bogota,Tarjeta Visa,4802108,127
2025-11-27,Bogota,Libranza,1729262,184
2025-11-27,Bogota,Microcredito,1859694,124
2025-11-27,Bogota,Credito Consumo,1540797,106
2025-11-27,Bogota,Microcredito,4895385,187
2025-11-27,Bogota,Credito Consumo,3535338,139
2025-11-27,Bogota,Tarjeta Visa,233265,194
2025-11-27,Bogota,Credito Consumo,2119846,151
2025-11-27,Bogota,Tarjeta Visa,3010736,193
2025-11-27,Bogota,Libranza,2764980,134
2025-11-27,Bogota,Credito Consumo,2199798,187
2025-11-27,Bogota,Libranza,4586187,108
2025-11-27,Bogota,Credito Consumo,4704924,160
2025-11-27,Bogota,Tarjeta Visa,458465,180
2025-11-27,Bogota,Libranza,2115978,143
2025-11-27,Bogota,Tarjeta Visa,3231051,140
2025-11-27,Bogota,Credito Consumo,4480990,180
2025-11-27,Bogota,Tarjeta Visa,2654590,193
2025-11-27,Bogota,Credito Consumo,3692212,128
2025-11-27,Bogota,Credito Consumo,3939878,177
2025-11-27,Bogota,Credito Consumo,3012582,183
2025-11-27,Bogota,Tarjeta Visa,4325324,123
2025-11-27,Bogota,Microcredito,3474697,136
2025-11-27,Bogota,Tarjeta Visa,240884,144
2025-11-27,Bogota,Tarjeta Visa,4749588,123
2025-11-27,Bogota,Libranza,1259172,187
2025-11-27,Bogota,Microcredito,1782704,197
2025-11-27,Bogota,Credito Consumo,3446021,197
2025-11-27,Bogota,Libranza,4650498,141
2025-11-27,Bogota,Microcredito,2650930,147
2025-11-27,Bogota,Libranza,586168,112
2025-11-27,Bogota,Credito Consumo,3831928,117
2025-11-27,Bogota,Microcredito,329820,127
2025-11-27,Bogota,Microcredito,833209,157
2025-11-27,Bogota,Tarjeta Visa,3435687,168
2025-11-27,Bogota,Credito Consumo,1655316,104
2025-11-27,Bogota,Microcredito,3761572,164
2025-11-27,Bogota,Microcredito,2086117,113
2025-11-27,Bogota,Libranza,3254264,165
2025-11-27,Bogota,Libranza,2464528,188
2025-11-27,Bogota,Libranza,580699,115
2025-11-27,Bogota,Libranza,3427322,102
2025-11-27,Bogota,Libranza,3396639,131
2025-11-27,Bogota,Tarjeta Visa,4329613,158
2025-11-27,Bogota,Tarjeta Visa,791887,192
2025-11-27,Bogota,Microcredito,4951525,184
2025-11-27,Bogota,Credito Consumo,2851549,178
2025-11-27,Bogota,Credito Consumo,3714829,103
2025-11-27,Bogota,Microcredito,3476562,142
2025-11-27,Bogota,Tarjeta Visa,654386,141
2025-11-27,Bogota,Microcredito,2408011,151
2025-11-27,Bogota,Microcredito,1456855,145
2025-11-27,Bogota,Credito Consumo,1480924,103
2025-11-27,Bogota,Libranza,2374442,176
2025-11-27,Bogota,Tarjeta Visa,2659687,190
2025-11-27,Bogota,Tarjeta Visa,1826039,106
2025-11-27,Bogota,Credito Consumo,3714382,157
2025-11-27,Bogota,Microcredito,241440,137
2025-11-27,Bogota,Tarjeta Visa,2676554,154
2025-11-27,Bogota,Credito Consumo,4019535,124
2025-11-27,Bogota,Libranza,3666439,163
2025-11-27,Bogota,Libranza,3264967,159
2025-11-27,Bogota,Tarjeta Visa,1480049,183
2025-11-27,Bogota,Credito Consumo,4536175,137
2025-11-27,Bogota,Libranza,2010878,184
2025-11-27,Bogota,Microcredito,1401461,116
2025-11-27,Bogota,Microcredito,3680884,138
2025-11-27,Bogota,Tarjeta Visa,908148,144
2025-11-27,Bogota,Credito Consumo,3208575,112
2025-11-27,Bogota,Tarjeta Visa,652106,110
2025-11-27,Bogota,Microcredito,4668450,109
2025-11-27,Bogota,Microcredito,592252,185
2025-11-27,Bogota,Credito Consumo,1862073,192
2025-11-27,Bogota,Tarjeta Visa,4263485,165
2025-11-27,Bogota,Tarjeta Visa,621402,167
2025-11-27,Bogota,Libranza,448070,136
2025-11-27,Bogota,Libranza,4236070,164
2025-11-27,Bogota,Libranza,3329622,183
2025-11-27,Bogota,Tarjeta Visa,3171449,168
2025-11-27,Bogota,Libranza,3504658,193
2025-11-27,Bogota,Microcredito,1166430,127
2025-11-27,Bogota,Microcredito,2894735,179
2025-11-27,Bogota,Libranza,2066250,196
2025-11-27,Bogota,Libranza,1470022,144
2025-11-27,Bogota,Credito Consumo,3054998,193
2025-11-27,Bogota,Microcredito,1002434,175
2025-11-27,Bogota,Tarjeta Visa,1737408,108
2025-11-27,Bogota,Credito Consumo,1378368,124
2025-11-27,Bogota,Tarjeta Visa,3340149,191
2025-11-27,Bogota,Libranza,3212333,146
2025-11-27,Bogota,Libranza,210698,176
2025-11-27,Bogota,Credito Consumo,3769803,197
2025-11-27,Bogota,Tarjeta Visa,1949939,168
2025-11-27,Bogota,Credito Consumo,4080045,139
2025-11-27,Bogota,Credito Consumo,2842160,158
2025-11-27,Bogota,Microcredito,3842629,135
2025-11-27,Bogota,Credito Consumo,3004866,123
2025-11-27,Bogota,Tarjeta Visa,1108544,181
2025-11-27,Bogota,Tarjeta Visa,4090404,196
2025-11-27,Bogota,Tarjeta Visa,3677284,126
2025-11-27,Bogota,Credito Consumo,4935839,134
2025-11-27,Bogota,Libranza,2498285,165
2025-11-27,Bogota,Tarjeta Visa,2330309,174
2025-11-27,Bogota,Tarjeta Visa,3377328,162
2025-11-27,Bogota,Tarjeta Visa,4240101,167
2025-11-27,Bogota,Tarjeta Visa,3311936,152
2025-11-27,Bogota,Tarjeta Visa,1524902,119
2025-11-27,Bogota,Microcredito,4472261,133
2025-11-27,Bogota,Tarjeta Visa,4000395,117
2025-11-27,Bogota,Tarjeta Visa,2799773,183
2025-11-27,Bogota,Tarjeta Visa,2440624,125
2025-11-27,Bogota,Tarjeta Visa,1817926,119
2025-11-27,Bogota,Credito Consumo,710766,140
2025-11-27,Bogota,Credito Consumo,2564324,143
2025-11-27,Bogota,Libranza,977198,135
2025-11-27,Bogota,Libranza,4346621,163
2025-11-27,Bogota,Microcredito,3060814,179
2025-11-27,Bogota,Credito Consumo,4342204,171
2025-11-27,Bogota,Credito Consumo,1738393,101
2025-11-27,Bogota,Microcredito,3653641,181
2025-11-27,Bogota,Tarjeta Visa,2416346,104
2025-11-27,Bogota,Libranza,4986817,118
2025-11-27,Bogota,Libranza,1716221,135
2025-11-27,Bogota,Tarjeta Visa,1553923,113
2025-11-27,Bogota,Libranza,1042118,108
2025-11-27,Bogota,Libranza,1094971,154
2025-11-27,Bogota,Tarjeta Visa,1352503,106
2025-11-27,Bogota,Libranza,1953757,184
2025-11-27,Bogota,Libranza,276393,195
2025-11-27,Bogota,Credito Consumo,550668,189
2025-11-27,Bogota,Credito Consumo,3143610,189
2025-11-27,Bogota,Tarjeta Visa,4684521,161
2025-11-27,Bogota,Libranza,3767187,158
2025-11-27,Bogota,Libranza,1718139,116
2025-11-27,Bogota,Credito Consumo,1189227,177
2025-11-27,Bogota,Credito Consumo,1292834,171
2025-11-27,Bogota,Microcredito,935185,104
2025-11-27,Bogota,Microcredito,4687606,157
2025-11-27,Bogota,Microcredito,454610,126
2025-11-27,Bogota,Tarjeta Visa,4461564,142
2025-11-27,Bogota,Microcredito,1359293,104
2025-11-27,Bogota,Libranza,3085285,136
2025-11-27,Bogota,Tarjeta Visa,4105732,177
2025-11-27,Bogota,Libranza,517037,159
2025-11-27,Bogota,Libranza,1667016,198
2025-11-27,Bogota,Credito Consumo,4755311,113
2025-11-27,Bogota,Microcredito,3215112,147
2025-11-27,Bogota,Credito Consumo,2907954,147
2025-11-27,Bogota,Microcredito,2346321,171
2025-11-27,Bogota,Credito Consumo,2649526,170
2025-11-27,Bogota,Tarjeta Visa,1498841,165
2025-11-27,Bogota,Credito Consumo,274655,119
2025-11-27,Bogota,Credito Consumo,4964491,120
2025-11-27,Bogota,Credito Consumo,4997325,107
2025-11-27,Bogota,Credito Consumo,1743573,119
2025-11-27,Bogota,Credito Consumo,2773331,121
2025-11-27,Bogota,Tarjeta Visa,1145416,165
2025-11-27,Bogota,Tarjeta Visa,533871,127
2025-11-27,Bogota,Microcredito,3476158,178
2025-11-27,Bogota,Microcredito,1092514,126
2025-11-27,Bogota,Libranza,1940917,142
2025-11-27,Bogota,Credito Consumo,3232813,111
2025-11-27,Bogota,Microcredito,1135293,148
2025-11-27,Bogota,Microcredito,2354016,138
2025-11-27,Bogota,Tarjeta Visa,1793130,125
2025-11-27,Bogota,Credito Consumo,807858,150
2025-11-27,Bogota,Libranza,680261,130
2025-11-27,Bogota,Tarjeta Visa,2573994,150
2025-11-27,Bogota,Libranza,1276023,132
2025-11-27,Bogota,Tarjeta Visa,4997319,192
2025-11-27,Bogota,Credito Consumo,3408322,167
2025-11-27,Bogota,Tarjeta Visa,305819,150
2025-11-27,Bogota,Credito Consumo,2336043,164
2025-11-27,Bogota,Tarjeta Visa,2776171,121
2025-11-27,Bogota,Microcredito,4268921,143
2025-11-27,Bogota,Microcredito,2104988,134
2025-11-27,Bogota,Tarjeta Visa,4946508,115
2025-11-27,Bogota,Tarjeta Visa,304207,189
2025-11-27,Bogota,Libranza,1539594,178
2025-11-27,Bogota,Libranza,3698747,187
2025-11-27,Bogota,Microcredito,1598008,162
2025-11-27,Bogota,Credito Consumo,1105093,134
2025-11-27,Bogota,Credito Consumo,704391,193
2025-11-27,Bogota,Microcredito,4211958,137
2025-11-27,Bogota,Credito Consumo,2318300,110
2025-11-27,Bogota,Libranza,2360466,174
2025-11-27,Bogota,Libranza,1807626,126
2025-11-27,Bogota,Tarjeta Visa,2120142,172
2025-11-27,Bogota,Libranza,2189404,175
2025-11-27,Bogota,Microcredito,2570321,195
2025-11-27,Bogota,Microcredito,2220911,117
2025-11-27,Bogota,Tarjeta Visa,3607266,194
2025-11-27,Bogota,Libranza,1924302,163
2025-11-27,Bogota,Libranza,3029512,105
2025-11-27,Bogota,Microcredito,4235888,170
2025-11-27,Bogota,Microcredito,745123,160
2025-11-27,Bogota,Credito Consumo,864567,111
2025-11-27,Bogota,Libranza,2494558,192
2025-11-27,Bogota,Libranza,1009005,113
2025-11-27,Bogota,Libranza,1919173,100
2025-11-27,Bogota,Microcredito,2039323,103
2025-11-27,Bogota,Credito Consumo,4913835,140
2025-11-27,Bogota,Microcredito,1834133,183
2025-11-27,Bogota,Libranza,3791337,171
2025-11-27,Bogota,Libranza,364650,162
2025-11-27,Bogota,Microcredito,784265,110
2025-11-27,Bogota,Credito Consumo,1266135,141
2025-11-27,Bogota,Microcredito,1202345,164
2025-11-27,Bogota,Libranza,4905125,181
2025-11-27,Bogota,Libranza,780097,197
2025-11-27,Bogota,Credito Consumo,2790423,175
2025-11-27,Bogota,Microcredito,493724,164
2025-11-27,Bogota,Tarjeta Visa,2212718,124
2025-11-27,Bogota,Credito Consumo,1375461,180
2025-11-27,Bogota,Tarjeta Visa,568199,183
2025-11-27,Bogota,Tarjeta Visa,4485457,173
2025-11-27,Bogota,Microcredito,876424,184
2025-11-27,Bogota,Microcredito,3143260,130
2025-11-27,Bogota,Microcredito,2415836,129
2025-11-27,Bogota,Credito Consumo,1474453,118
2025-11-27,Bogota,Tarjeta Visa,4290805,124
2025-11-27,Bogota,Credito Consumo,3673373,119
2025-11-27,Bogota,Microcredito,2797856,196
2025-11-27,Bogota,Tarjeta Visa,4707925,107
2025-11-27,Bogota,Libranza,2819522,149
2025-11-27,Bogota,Microcredito,4544971,138
2025-11-27,Bogota,Credito Consumo,1189144,135
2025-11-27,Bogota,Libranza,894070,127
2025-11-27,Bogota,Credito Consumo,4561320,162
2025-11-27,Bogota,Libranza,2162900,183
2025-11-27,Bogota,Libranza,2521969,181
2025-11-27,Bogota,Libranza,1582534,151
2025-11-27,Bogota,Credito Consumo,1341828,163
2025-11-27,Bogota,Microcredito,413128,176
2025-11-27,Bogota,Microcredito,566208,197
2025-11-27,Bogota,Tarjeta Visa,1287498,187
2025-11-27,Bogota,Credito Consumo,199758,121
2025-11-27,Bogota,Microcredito,4033407,152
2025-11-27,Bogota,Tarjeta Visa,1515302,171
2025-11-27,Bogota,Credito Consumo,1472311,103
2025-11-27,Bogota,Credito Consumo,164729,168
2025-11-27,Bogota,Credito Consumo,1234085,137
2025-11-27,Bogota,Credito Consumo,575285,194
2025-11-27,Bogota,Microcredito,3709684,179
2025-11-27,Bogota,Credito Consumo,2020130,155
2025-11-27,Bogota,Credito Consumo,250633,148
2025-11-27,Bogota,Microcredito,3006778,107
2025-11-27,Bogota,Libranza,3942429,136
2025-11-27,Bogota,Tarjeta Visa,2391059,195
2025-11-27,Bogota,Tarjeta Visa,3567609,138
2025-11-27,Bogota,Libranza,1027812,107
2025-11-27,Bogota,Credito Consumo,2583122,142
2025-11-27,Bogota,Microcredito,2307195,160
2025-11-27,Bogota,Microcredito,1567796,175
2025-11-27,Bogota,Microcredito,3159374,163
2025-11-27,Bogota,Libranza,4013301,163
2025-11-27,Bogota,Libranza,4645070,134
2025-11-27,Bogota,Tarjeta Visa,4615483,138
2025-11-27,Bogota,Credito Consumo,3540263,134
2025-11-27,Bogota,Tarjeta Visa,1315061,198
2025-11-27,Bogota,Microcredito,1849183,166
2025-11-27,Bogota,Credito Consumo,4750892,118
2025-11-27,Bogota,Credito Consumo,1560246,101
2025-11-27,Bogota,Libranza,560267,182
2025-11-27,Bogota,Microcredito,1350169,111
2025-11-27,Bogota,Tarjeta Visa,1321702,120
2025-11-27,Bogota,Microcredito,357025,119
2025-11-27,Bogota,Microcredito,3630929,169
2025-11-27,Bogota,Libranza,889605,152
2025-11-27,Bogota,Libranza,4192190,137
2025-11-27,Bogota,Libranza,1518367,150
2025-11-27,Bogota,Microcredito,4890558,143
2025-11-27,Bogota,Libranza,2920905,173
2025-11-27,Bogota,Libranza,3052490,129
2025-11-27,Bogota,Microcredito,2715481,178
2025-11-27,Bogota,Libranza,507315,157
2025-11-27,Bogota,Libranza,4242367,174
2025-11-27,Bogota,Credito Consumo,2800948,182
2025-11-27,Bogota,Microcredito,3173857,158
2025-11-27,Bogota,Libranza,4608999,138
2025-11-27,Bogota,Tarjeta Visa,2078229,193
2025-11-27,Bogota,Tarjeta Visa,2968820,170
2025-11-27,Bogota,Libranza,781299,132
2025-11-27,Bogota,Tarjeta Visa,1760715,120
2025-11-27,Bogota,Tarjeta Visa,3618297,121
2025-11-27,Bogota,Credito Consumo,1313188,121
2025-11-27,Bogota,Tarjeta Visa,4142463,128
2025-11-27,Bogota,Libranza,1349228,159
2025-11-27,Bogota,Credito Consumo,4575897,133
2025-11-27,Bogota,Credito Consumo,1876281,159
2025-11-27,Bogota,Microcredito,934929,108
2025-11-27,Bogota,Tarjeta Visa,1436843,170
2025-11-27,Bogota,Libranza,3608287,132
2025-11-27,Bogota,Credito Consumo,1723060,172
2025-11-27,Bogota,Tarjeta Visa,4414101,117
2025-11-27,Bogota,Credito Consumo,286581,160
2025-11-27,Bogota,Libranza,2326742,121
2025-11-27,Bogota,Credito Consumo,1589257,155
2025-11-27,Bogota,Tarjeta Visa,3995431,156
2025-11-27,Bogota,Credito Consumo,4127484,167
2025-11-27,Bogota,Libranza,4593510,180
2025-11-27,Bogota,Microcredito,4307296,113
2025-11-27,Bogota,Tarjeta Visa,1943144,122
2025-11-27,Bogota,Credito Consumo,1806715,105
2025-11-27,Bogota,Libranza,1982033,188
2025-11-27,Bogota,Microcredito,2217223,110
2025-11-27,Bogota,Microcredito,3917925,178
2025-11-27,Bogota,Microcredito,2600168,196
2025-11-27,Bogota,Tarjeta Visa,3756422,118
2025-11-27,Bogota,Libranza,492861,161
2025-11-27,Bogota,Credito Consumo,2477831,107
2025-11-27,Bogota,Credito Consumo,1492530,111
2025-11-27,Bogota,Tarjeta Visa,2304775,173
2025-11-27,Bogota,Credito Consumo,1288705,180
2025-11-27,Bogota,Tarjeta Visa,179868,167
2025-11-27,Bogota,Microcredito,1478891,177
2025-11-27,Bogota,Microcredito,1086864,140
2025-11-27,Bogota,Credito Consumo,4777028,126
2025-11-27,Bogota,Libranza,2354208,168
2025-11-27,Bogota,Microcredito,2071256,189
2025-11-27,Bogota,Credito Consumo,3841563,131
2025-11-27,Bogota,Credito Consumo,1269764,198
2025-11-27,Bogota,Credito Consumo,1092751,190
2025-11-27,Bogota,Libranza,4655047,176
2025-11-27,Bogota,Libranza,105193,174
2025-11-27,Bogota,Credito Consumo,4438309,157
2025-11-27,Bogota,Libranza,3527875,100
2025-11-27,Bogota,Credito Consumo,144358,114
2025-11-27,Bogota,Tarjeta Visa,2486120,111
2025-11-27,Bogota,Credito Consumo,3885177,107
2025-11-27,Bogota,Microcredito,3265148,123
2025-11-27,Bogota,Libranza,3959035,160
2025-11-27,Bogota,Microcredito,4277347,188
2025-11-27,Bogota,Microcredito,418516,184
2025-11-27,Bogota,Libranza,1649877,182
2025-11-27,Bogota,Tarjeta Visa,4969392,105
2025-11-27,Bogota,Credito Consumo,2661398,109
2025-11-27,Bogota,Tarjeta Visa,4282850,176
2025-11-27,Bogota,Microcredito,1215514,192
2025-11-27,Bogota,Credito Consumo,3959609,183
2025-11-27,Bogota,Tarjeta Visa,2850485,178
2025-11-27,Bogota,Credito Consumo,3258547,159
2025-11-27,Bogota,Libranza,4957159,145
2025-11-27,Bogota,Libranza,1897039,191
2025-11-27,Bogota,Microcredito,219915,118
2025-11-27,Bogota,Tarjeta Visa,3681934,106
2025-11-27,Bogota,Libranza,3079471,136
2025-11-27,Bogota,Tarjeta Visa,2831612,117
2025-11-27,Bogota,Credito Consumo,2950848,115
2025-11-27,Bogota,Tarjeta Visa,2640834,149
2025-11-27,Bogota,Libranza,1619955,108
2025-11-27,Bogota,Credito Consumo,3713680,121
2025-11-27,Bogota,Credito Consumo,745858,101
2025-11-27,Bogota,Tarjeta Visa,3784112,186
2025-11-27,Bogota,Microcredito,3904100,172
2025-11-27,Bogota,Credito Consumo,681751,178
2025-11-27,Bogota,Microcredito,190446,173
2025-11-27,Bogota,Microcredito,4860804,183
2025-11-27,Bogota,Tarjeta Visa,4092925,119
2025-11-27,Bogota,Libranza,3407873,158
2025-11-27,Bogota,Libranza,1392950,172
2025-11-27,Bogota,Microcredito,4287162,163
2025-11-27,Bogota,Credito Consumo,4161548,180
2025-11-27,Bogota,Microcredito,3662880,162
2025-11-27,Bogota,Microcredito,1099709,188
2025-11-27,Bogota,Tarjeta Visa,4250434,127
2025-11-27,Bogota,Tarjeta Visa,1546879,142
2025-11-27,Bogota,Libranza,2385244,194
2025-11-27,Bogota,Credito Consumo,3778908,113
2025-11-27,Bogota,Tarjeta Visa,747028,171
2025-11-27,Bogota,Tarjeta Visa,4066539,175
2025-11-27,Bogota,Microcredito,2078945,121
2025-11-27,Bogota,Microcredito,1012264,134
2025-11-27,Bogota,Tarjeta Visa,2116221,135
2025-11-27,Bogota,Libranza,339416,122
2025-11-27,Bogota,Microcredito,353197,163
2025-11-27,Bogota,Microcredito,744054,169
2025-11-27,Bogota,Libranza,1361090,157
2025-11-27,Bogota,Microcredito,3651484,171
2025-11-27,Bogota,Microcredito,3177814,160
2025-11-27,Bogota,Libranza,4603206,198
2025-11-27,Bogota,Tarjeta Visa,3569146,164
2025-11-27,Bogota,Credito Consumo,4757242,143
2025-11-27,Bogota,Microcredito,4531259,191
2025-11-27,Bogota,Microcredito,2810062,189
2025-11-27,Bogota,Microcredito,774115,139
2025-11-27,Bogota,Tarjeta Visa,1552607,184
2025-11-27,Bogota,Libranza,2517992,171
2025-11-27,Bogota,Tarjeta Visa,225039,195
2025-11-27,Bogota,Credito Consumo,1828229,120
2025-11-27,Bogota,Tarjeta Visa,4239702,139
2025-11-27,Bogota,Microcredito,993680,195
2025-11-27,Bogota,Microcredito,4527918,130
2025-11-27,Bogota,Microcredito,4562761,174
2025-11-27,Bogota,Credito Consumo,977349,135
2025-11-27,Bogota,Credito Consumo,2511711,137
2025-11-27,Bogota,Credito Consumo,4729056,181
2025-11-27,Bogota,Credito Consumo,3133380,125
2025-11-27,Bogota,Microcredito,4456425,157
2025-11-27,Bogota,Microcredito,4459969,125
2025-11-27,Bogota,Libranza,1465934,102
2025-11-27,Bogota,Libranza,3571085,192
2025-11-27,Bogota,Microcredito,3667685,143
2025-11-27,Bogota,Tarjeta Visa,2379780,188
2025-11-27,Bogota,Tarjeta Visa,4571747,106
2025-11-27,Bogota,Microcredito,191278,196
2025-11-27,Bogota,Tarjeta Visa,4406376,121
2025-11-27,Bogota,Libranza,3748864,176
2025-11-27,Bogota,Microcredito,2939064,107
2025-11-27,Bogota,Credito Consumo,2960757,116
2025-11-27,Bogota,Libranza,3910948,127
2025-11-27,Bogota,Microcredito,4180776,182
2025-11-27,Bogota,Microcredito,266065,106
2025-11-27,Bogota,Microcredito,2962328,183
2025-11-27,Bogota,Libranza,3691532,140
2025-11-27,Bogota,Microcredito,4738897,109
2025-11-27,Bogota,Credito Consumo,1085327,119
2025-11-27,Bogota,Libranza,2573156,178
2025-11-27,Bogota,Libranza,479601,169
2025-11-27,Bogota,Tarjeta Visa,556621,198
2025-11-27,Bogota,Tarjeta Visa,611483,181
2025-11-27,Bogota,Libranza,4326034,177
2025-11-27,Bogota,Tarjeta Visa,1134132,122
2025-11-27,Bogota,Credito Consumo,3757972,109
2025-11-27,Bogota,Tarjeta Visa,3419494,179
2025-11-27,Bogota,Credito Consumo,1259463,147
2025-11-27,Bogota,Credito Consumo,2719712,193
2025-11-27,Bogota,Libranza,915513,191
2025-11-27,Bogota,Microcredito,308069,153
2025-11-27,Bogota,Credito Consumo,4326839,110
2025-11-27,Bogota,Credito Consumo,1878106,193
2025-11-27,Bogota,Libranza,4119416,165
2025-11-27,Bogota,Tarjeta Visa,814473,126
2025-11-27,Bogota,Credito Consumo,3953740,103
2025-11-27,Bogota,Tarjeta Visa,2518828,156
2025-11-27,Bogota,Tarjeta Visa,1220792,113
2025-11-27,Bogota,Credito Consumo,1719175,151
2025-11-27,Bogota,Credito Consumo,2186325,110
2025-11-27,Bogota,Microcredito,2799789,107
2025-11-27,Bogota,Credito Consumo,2439070,183
2025-11-27,Bogota,Credito Consumo,3581927,190
2025-11-27,Bogota,Credito Consumo,1803009,100
2025-11-27,Bogota,Microcredito,1911015,118
2025-11-27,Bogota,Microcredito,3957545,170
2025-11-27,Bogota,Libranza,2286189,193
2025-11-27,Bogota,Libranza,1714191,155
2025-11-27,Bogota,Credito Consumo,3447019,109
2025-11-27,Bogota,Microcredito,2003380,124
2025-11-27,Bogota,Libranza,1212174,194
2025-11-27,Bogota,Libranza,3918177,159
2025-11-27,Bogota,Microcredito,3461671,131
2025-11-27,Bogota,Credito Consumo,2733624,181
2025-11-27,Bogota,Tarjeta Visa,1688653,103
2025-11-27,Bogota,Tarjeta Visa,4618204,182
2025-11-27,Bogota,Credito Consumo,2772844,193
2025-11-27,Bogota,Microcredito,4271392,176
2025-11-27,Bogota,Microcredito,2079120,131
2025-11-27,Bogota,Microcredito,738309,156
2025-11-27,Bogota,Microcredito,953603,109
2025-11-27,Bogota,Libranza,2583101,141
2025-11-27,Bogota,Microcredito,3792233,103
2025-11-27,Bogota,Libranza,3253610,183
2025-11-27,Bogota,Libranza,4103793,154
2025-11-27,Bogota,Tarjeta Visa,722234,138
2025-11-27,Bogota,Microcredito,2306619,101
2025-11-27,Bogota,Tarjeta Visa,4530215,182
2025-11-27,Bogota,Libranza,4114713,101
2025-11-27,Bogota,Tarjeta Visa,1322801,133
2025-11-27,Bogota,Credito Consumo,4797718,119
2025-11-27,Bogota,Credito Consumo,1135674,135
2025-11-27,Bogota,Microcredito,1116474,182
2025-11-27,Bogota,Tarjeta Visa,899747,154
2025-11-27,Bogota,Libranza,1606600,152
2025-11-27,Bogota,Microcredito,4303514,103
2025-11-27,Bogota,Microcredito,1916706,130
2025-11-27,Bogota,Credito Consumo,748380,167
2025-11-27,Bogota,Credito Consumo,2508545,157
2025-11-27,Bogota,Credito Consumo,911074,124
2025-11-27,Bogota,Tarjeta Visa,1365148,138
2025-11-27,Bogota,Credito Consumo,4235031,120
2025-11-27,Bogota,Microcredito,470427,196
2025-11-27,Bogota,Credito Consumo,3555751,136
2025-11-27,Bogota,Tarjeta Visa,2052403,135
2025-11-27,Bogota,Libranza,4762808,186
2025-11-27,Bogota,Libranza,4696038,181
2025-11-27,Bogota,Credito Consumo,2752724,154
2025-11-27,Bogota,Tarjeta Visa,4894707,148
2025-11-27,Bogota,Tarjeta Visa,1010835,144
2025-11-27,Bogota,Tarjeta Visa,4584534,151
2025-11-27,Bogota,Microcredito,3187963,194
2025-11-27,Bogota,Libranza,4856129,146
2025-11-27,Bogota,Libranza,714255,115
2025-11-27,Bogota,Libranza,1242102,108
2025-11-27,Bogota,Libranza,1157323,168
2025-11-27,Bogota,Libranza,1790300,100
2025-11-27,Bogota,Tarjeta Visa,3801018,194
2025-11-27,Bogota,Microcredito,2012134,114
2025-11-27,Bogota,Credito Consumo,3186195,129
2025-11-27,Bogota,Microcredito,856911,192
2025-11-27,Bogota,Libranza,1699172,135
2025-11-27,Bogota,Tarjeta Visa,2691034,178
2025-11-27,Bogota,Libranza,4569136,116
2025-11-27,Bogota,Tarjeta Visa,1798120,169
2025-11-27,Bogota,Libranza,4353476,182
2025-11-27,Bogota,Libranza,4434629,151
2025-11-27,Bogota,Tarjeta Visa,3156536,131
2025-11-27,Bogota,Tarjeta Visa,2823076,191
2025-11-27,Bogota,Credito Consumo,3613681,152
2025-11-27,Bogota,Tarjeta Visa,2897589,162
2025-11-27,Bogota,Libranza,322942,178
2025-11-27,Bogota,Libranza,1869841,176
2025-11-27,Bogota,Credito Consumo,3143233,143
2025-11-27,Bogota,Libranza,3128128,160
2025-11-27,Bogota,Tarjeta Visa,2665224,188
2025-11-27,Bogota,Credito Consumo,3188489,103
2025-11-27,Bogota,Credito Consumo,4599908,109
2025-11-27,Bogota,Credito Consumo,3840299,165
2025-11-27,Bogota,Libranza,1929083,122
2025-11-27,Bogota,Credito Consumo,4324989,163
2025-11-27,Bogota,Tarjeta Visa,337999,112
2025-11-27,Bogota,Tarjeta Visa,1467273,173
2025-11-27,Bogota,Tarjeta Visa,1182870,124
2025-11-27,Bogota,Credito Consumo,891274,165
2025-11-27,Bogota,Tarjeta Visa,1872844,176
2025-11-27,Bogota,Tarjeta Visa,2677183,176
2025-11-27,Bogota,Libranza,4044010,119
2025-11-27,Bogota,Microcredito,189056,110
2025-11-27,Bogota,Microcredito,2488452,121
2025-11-27,Bogota,Microcredito,1448482,134
2025-11-27,Bogota,Tarjeta Visa,915732,172
2025-11-27,Bogota,Credito Consumo,4917612,158
2025-11-27,Bogota,Credito Consumo,2922697,182
2025-11-27,Bogota,Tarjeta Visa,2201126,165
2025-11-27,Bogota,Tarjeta Visa,4916860,131
2025-11-27,Bogota,Libranza,1879760,134
2025-11-27,Bogota,Credito Consumo,4687625,181
2025-11-27,Bogota,Tarjeta Visa,2561992,165
2025-11-27,Bogota,Tarjeta Visa,2517101,193
2025-11-27,Bogota,Microcredito,860983,118
2025-11-27,Bogota,Credito Consumo,3270517,181
2025-11-27,Bogota,Credito Consumo,4933641,183
2025-11-27,Bogota,Credito Consumo,3368451,104
2025-11-27,Bogota,Libranza,4885986,139
2025-11-27,Bogota,Microcredito,1802225,147
2025-11-27,Bogota,Credito Consumo,1032892,170
2025-11-27,Bogota,Credito Consumo,4807655,123
2025-11-27,Bogota,Microcredito,1126276,139
2025-11-27,Bogota,Tarjeta Visa,2783607,102
2025-11-27,Bogota,Microcredito,136949,152
2025-11-27,Bogota,Microcredito,1008358,150
2025-11-27,Bogota,Tarjeta Visa,623614,130
2025-11-27,Bogota,Microcredito,1290490,151
2025-11-27,Bogota,Tarjeta Visa,957716,178
2025-11-27,Bogota,Microcredito,3280150,151
2025-11-27,Bogota,Tarjeta Visa,2965059,162
2025-11-27,Bogota,Tarjeta Visa,2943805,189
2025-11-27,Bogota,Microcredito,4232580,131
2025-11-27,Bogota,Libranza,3982340,133
2025-11-27,Bogota,Credito Consumo,4903330,168
2025-11-27,Bogota,Tarjeta Visa,615257,117
2025-11-27,Bogota,Libranza,3893945,109
2025-11-27,Bogota,Tarjeta Visa,1158585,132
2025-11-27,Bogota,Credito Consumo,3070123,125
2025-11-27,Bogota,Microcredito,1893789,159
2025-11-27,Bogota,Microcredito,1678236,171
2025-11-27,Bogota,Tarjeta Visa,1031761,155
2025-11-27,Bogota,Microcredito,4279319,138
2025-11-27,Bogota,Credito Consumo,4183463,163
2025-11-27,Bogota,Tarjeta Visa,2786090,187
2025-11-27,Bogota,Tarjeta Visa,1962067,176
2025-11-27,Bogota,Credito Consumo,1187628,106
2025-11-27,Bogota,Libranza,303890,153
2025-11-27,Bogota,Microcredito,4836826,158
2025-11-27,Bogota,Tarjeta Visa,4438021,169
2025-11-27,Bogota,Microcredito,3301286,143
2025-11-27,Bogota,Credito Consumo,2404383,120
2025-11-27,Bogota,Credito Consumo,4945590,110
2025-11-27,Bogota,Credito Consumo,3576681,175
2025-11-27,Bogota,Libranza,1538772,109
2025-11-27,Bogota,Credito Consumo,2619103,114
2025-11-27,Bogota,Credito Consumo,2283928,155
2025-11-27,Bogota,Tarjeta Visa,919585,184
2025-11-27,Bogota,Microcredito,2852257,127
2025-11-27,Bogota,Microcredito,198793,123
2025-11-27,Bogota,Credito Consumo,4791563,145
2025-11-27,Bogota,Microcredito,1543783,111
2025-11-27,Bogota,Microcredito,1258866,162
2025-11-27,Bogota,Libranza,2652972,132
2025-11-27,Bogota,Credito Consumo,2953144,112
2025-11-27,Bogota,Tarjeta Visa,624492,165
2025-11-27,Bogota,Microcredito,1389025,166
2025-11-27,Bogota,Tarjeta Visa,4324811,124
2025-11-27,Bogota,Libranza,4926516,195
2025-11-27,Bogota,Credito Consumo,1773964,123
2025-11-27,Bogota,Tarjeta Visa,4341885,138
2025-11-27,Bogota,Tarjeta Visa,1109832,177
2025-11-27,Bogota,Tarjeta Visa,4875087,149
2025-11-27,Bogota,Libranza,4173195,104
2025-11-27,Bogota,Libranza,2491782,106
2025-11-27,Bogota,Libranza,3310550,144
2025-11-27,Bogota,Microcredito,3252994,150
2025-11-27,Bogota,Microcredito,2830752,111
2025-11-27,Bogota,Libranza,3183056,184
2025-11-27,Bogota,Microcredito,3795705,125
2025-11-27,Bogota,Tarjeta Visa,3610891,127
2025-11-27,Bogota,Libranza,1067363,148
2025-11-27,Bogota,Microcredito,2212172,176
2025-11-27,Bogota,Tarjeta Visa,2660611,155
2025-11-27,Bogota,Microcredito,4547365,131
2025-11-27,Bogota,Tarjeta Visa,3588059,102
2025-11-27,Bogota,Libranza,3492808,187
2025-11-27,Bogota,Credito Consumo,3490513,168
2025-11-27,Bogota,Credito Consumo,943015,112
2025-11-27,Bogota,Credito Consumo,4093783,160
2025-11-27,Bogota,Tarjeta Visa,3003222,132
2025-11-27,Bogota,Microcredito,2542192,126
2025-11-27,Bogota,Credito Consumo,1705876,146
2025-11-27,Bogota,Credito Consumo,425213,157
2025-11-27,Bogota,Tarjeta Visa,1478753,181
2025-11-27,Bogota,Tarjeta Visa,2421473,131
2025-11-27,Bogota,Credito Consumo,3676637,172
2025-11-27,Bogota,Credito Consumo,599117,124
2025-11-27,Bogota,Libranza,4213421,172
2025-11-27,Bogota,Libranza,2216900,182
2025-11-27,Bogota,Microcredito,3346917,127
2025-11-27,Bogota,Microcredito,2609046,193
2025-11-27,Bogota,Microcredito,649571,116
2025-11-27,Bogota,Credito Consumo,2330164,139
2025-11-27,Bogota,Tarjeta Visa,1269685,172
2025-11-27,Bogota,Microcredito,3947438,153
2025-11-27,Bogota,Tarjeta Visa,4622570,119
2025-11-27,Bogota,Tarjeta Visa,714184,110
2025-11-27,Bogota,Microcredito,1537126,145
2025-11-27,Bogota,Microcredito,732927,182
2025-11-27,Bogota,Microcredito,1729440,118
2025-11-27,Bogota,Credito Consumo,4170105,100
2025-11-27,Bogota,Microcredito,3717313,180
2025-11-27,Bogota,Libranza,3634687,155
2025-11-27,Bogota,Credito Consumo,3278145,100
2025-11-27,Bogota,Microcredito,3452995,128
2025-11-27,Bogota,Microcredito,443330,174
2025-11-27,Bogota,Credito Consumo,4281851,156
2025-11-27,Bogota,Libranza,2661525,196
2025-11-27,Bogota,Libranza,2662976,128
2025-11-27,Bogota,Libranza,2945841,114
2025-11-27,Bogota,Microcredito,1900826,192
2025-11-27,Bogota,Libranza,3105827,126
2025-11-27,Bogota,Tarjeta Visa,805663,170
2025-11-27,Bogota,Microcredito,4735600,165
2025-11-27,Bogota,Credito Consumo,2357978,127
2025-11-27,Bogota,Microcredito,1798947,175
2025-11-27,Bogota,Tarjeta Visa,387158,142
2025-11-27,Bogota,Microcredito,330266,110
2025-11-27,Bogota,Tarjeta Visa,318861,153
2025-11-27,Bogota,Microcredito,4426556,147
2025-11-27,Bogota,Tarjeta Visa,3089453,163
2025-11-27,Bogota,Tarjeta Visa,3023043,174
2025-11-27,Bogota,Credito Consumo,518248,109
2025-11-27,Bogota,Credito Consumo,1920429,113
2025-11-27,Bogota,Libranza,1462387,133
2025-11-27,Bogota,Credito Consumo,3407748,170
2025-11-27,Bogota,Tarjeta Visa,3988871,185
2025-11-27,Bogota,Microcredito,2093420,106
2025-11-27,Bogota,Libranza,180584,144
2025-11-27,Bogota,Libranza,354632,111
2025-11-27,Bogota,Microcredito,864516,146
2025-11-27,Bogota,Credito Consumo,4182269,137
2025-11-27,Bogota,Credito Consumo,4679238,178
2025-11-27,Bogota,Credito Consumo,1234523,168
2025-11-27,Bogota,Credito Consumo,3158570,170
2025-11-27,Bogota,Libranza,1532462,127
2025-11-27,Bogota,Credito Consumo,1523944,175
2025-11-27,Bogota,Microcredito,3796638,158
2025-11-27,Bogota,Tarjeta Visa,4083070,134
2025-11-27,Bogota,Tarjeta Visa,4183507,169
2025-11-27,Bogota,Microcredito,3620444,103
2025-11-27,Bogota,Tarjeta Visa,2144451,116
2025-11-27,Bogota,Microcredito,812043,145
2025-11-27,Bogota,Microcredito,1211444,148
2025-11-27,Bogota,Libranza,4284546,132
2025-11-27,Bogota,Microcredito,109384,141
2025-11-27,Bogota,Credito Consumo,1114261,192
2025-11-27,Bogota,Microcredito,1846486,150
2025-11-27,Bogota,Libranza,577890,162
2025-11-27,Bogota,Microcredito,1069061,107
2025-11-27,Bogota,Microcredito,4428452,104
2025-11-27,Bogota,Microcredito,1650659,119
2025-11-27,Bogota,Microcredito,4642786,116
2025-11-27,Bogota,Tarjeta Visa,118111,126
2025-11-27,Bogota,Credito Consumo,2037682,110
2025-11-27,Bogota,Credito Consumo,1269101,124
2025-11-27,Bogota,Credito Consumo,2315697,158
2025-11-27,Bogota,Tarjeta Visa,4659574,198
2025-11-27,Bogota,Libranza,3313890,123
2025-11-27,Bogota,Microcredito,2799681,143
2025-11-27,Bogota,Credito Consumo,3228412,179
2025-11-27,Bogota,Credito Consumo,4951762,126
2025-11-27,Bogota,Microcredito,1866214,169
2025-11-27,Bogota,Libranza,3656591,113
2025-11-27,Bogota,Tarjeta Visa,3481239,105
2025-11-27,Bogota,Libranza,976042,117
2025-11-27,Bogota,Credito Consumo,2916784,113
2025-11-27,Bogota,Microcredito,1116126,134
2025-11-27,Bogota,Libranza,4717071,183
2025-11-27,Bogota,Libranza,599849,176
2025-11-27,Bogota,Tarjeta Visa,1659385,196
2025-11-27,Bogota,Tarjeta Visa,3408358,189
2025-11-27,Bogota,Microcredito,4442087,108
2025-11-27,Bogota,Tarjeta Visa,3116963,184
2025-11-27,Bogota,Tarjeta Visa,1774257,106
2025-11-27,Bogota,Tarjeta Visa,3282845,158
2025-11-27,Bogota,Credito Consumo,3818796,122
2025-11-27,Bogota,Tarjeta Visa,1039462,177
2025-11-27,Bogota,Microcredito,2167735,130
2025-11-27,Bogota,Libranza,2069194,115
2025-11-27,Bogota,Libranza,835494,151
2025-11-27,Bogota,Libranza,4774132,101
2025-11-27,Bogota,Microcredito,2688974,152
2025-11-27,Bogota,Libranza,3927294,111
2025-11-27,Bogota,Tarjeta Visa,1270772,141
2025-11-27,Bogota,Microcredito,3150901,158
2025-11-27,Bogota,Tarjeta Visa,2849010,172
2025-11-27,Bogota,Tarjeta Visa,944447,190
2025-11-27,Bogota,Microcredito,3700182,145
2025-11-27,Bogota,Libranza,4833900,197
2025-11-27,Bogota,Tarjeta Visa,4206767,161
2025-11-27,Bogota,Credito Consumo,1700922,114
2025-11-27,Bogota,Credito Consumo,134591,160
2025-11-27,Bogota,Microcredito,3138705,111
2025-11-27,Bogota,Libranza,3933251,146
2025-11-27,Bogota,Tarjeta Visa,1131387,128
2025-11-27,Bogota,Tarjeta Visa,897438,130
2025-11-27,Bogota,Credito Consumo,1261867,178
2025-11-27,Bogota,Microcredito,2457987,186
2025-11-27,Bogota,Libranza,3587127,119
2025-11-27,Bogota,Libranza,4012949,173
2025-11-27,Bogota,Tarjeta Visa,1834173,180
2025-11-27,Bogota,Libranza,4671936,106
2025-11-27,Bogota,Libranza,3254119,168
2025-11-27,Bogota,Libranza,505703,113
2025-11-27,Bogota,Tarjeta Visa,656124,173
2025-11-27,Bogota,Tarjeta Visa,3226848,161
2025-11-27,Bogota,Microcredito,3963520,184
2025-11-27,Bogota,Libranza,709523,134
2025-11-27,Bogota,Tarjeta Visa,3287768,106
2025-11-27,Bogota,Credito Consumo,3996292,127
2025-11-27,Bogota,Libranza,1443050,165
2025-11-27,Bogota,Libranza,4318252,173
2025-11-27,Bogota,Libranza,1014383,187
2025-11-27,Bogota,Credito Consumo,191892,152
2025-11-27,Bogota,Tarjeta Visa,742255,147
2025-11-27,Bogota,Libranza,4319025,152
2025-11-27,Bogota,Credito Consumo,3522767,137
2025-11-27,Bogota,Tarjeta Visa,164894,135
2025-11-27,Bogota,Microcredito,1871024,128
2025-11-27,Bogota,Tarjeta Visa,108872,128
2025-11-27,Bogota,Tarjeta Visa,886178,161
2025-11-27,Bogota,Microcredito,1356557,109
2025-11-27,Bogota,Tarjeta Visa,418103,147
2025-11-27,Bogota,Credito Consumo,272772,129
2025-11-27,Bogota,Tarjeta Visa,477502,158
2025-11-27,Bogota,Microcredito,3279690,141
2025-11-27,Bogota,Credito Consumo,339693,195
2025-11-27,Bogota,Tarjeta Visa,4611170,169
2025-11-27,Bogota,Credito Consumo,3643297,180
2025-11-27,Bogota,Tarjeta Visa,1933529,114
2025-11-27,Bogota,Tarjeta Visa,1511510,192
2025-11-27,Bogota,Microcredito,3040675,125
2025-11-27,Bogota,Microcredito,2459525,153
2025-11-27,Bogota,Microcredito,2602297,105
2025-11-27,Bogota,Credito Consumo,730477,145
2025-11-27,Bogota,Credito Consumo,2846932,186
2025-11-27,Bogota,Microcredito,4640082,161
2025-11-27,Bogota,Credito Consumo,1325995,109
2025-11-27,Bogota,Microcredito,1234861,163
2025-11-27,Bogota,Libranza,1958743,152
2025-11-27,Bogota,Microcredito,1398193,197
2025-11-27,Bogota,Microcredito,3830572,123
2025-11-27,Bogota,Tarjeta Visa,279888,130
2025-11-27,Bogota,Libranza,794954,198
2025-11-27,Bogota,Microcredito,3379931,126
2025-11-27,Bogota,Microcredito,651483,129
2025-11-27,Bogota,Microcredito,3349951,176
2025-11-27,Bogota,Microcredito,2212801,149
2025-11-27,Bogota,Libranza,3780271,149
2025-11-27,Bogota,Microcredito,3123985,174
2025-11-27,Bogota,Credito Consumo,1771150,160
2025-11-27,Bogota,Microcredito,2212320,124
2025-11-27,Bogota,Credito Consumo,1761149,136
2025-11-27,Bogota,Libranza,3612351,143
2025-11-27,Bogota,Credito Consumo,3196771,103
2025-11-27,Bogota,Credito Consumo,2573532,175
2025-11-27,Bogota,Tarjeta Visa,4250818,109
2025-11-27,Bogota,Microcredito,556571,139
2025-11-27,Bogota,Microcredito,3835229,102
2025-11-27,Bogota,Credito Consumo,4769182,136
2025-11-27,Bogota,Microcredito,180086,112
2025-11-27,Bogota,Microcredito,1189910,170
2025-11-27,Bogota,Microcredito,609536,169
2025-11-27,Bogota,Tarjeta Visa,4826640,187
2025-11-27,Bogota,Tarjeta Visa,694613,146
2025-11-27,Bogota,Tarjeta Visa,2887024,104
2025-11-27,Bogota,Tarjeta Visa,859664,149
2025-11-27,Bogota,Microcredito,4650819,164
2025-11-27,Bogota,Credito Consumo,228283,109
2025-11-27,Bogota,Tarjeta Visa,2709253,151
2025-11-27,Bogota,Libranza,4416263,130
2025-11-27,Bogota,Libranza,3115691,126
2025-11-27,Bogota,Credito Consumo,4864008,194
2025-11-27,Bogota,Credito Consumo,2107538,192
2025-11-27,Bogota,Libranza,3844491,187
2025-11-27,Bogota,Tarjeta Visa,1914979,166
2025-11-27,Bogota,Microcredito,3396047,160
2025-11-27,Bogota,Microcredito,1033890,106
2025-11-27,Bogota,Microcredito,3856592,165
2025-11-27,Bogota,Credito Consumo,457140,189
2025-11-27,Bogota,Tarjeta Visa,1115928,145
2025-11-27,Bogota,Libranza,1675696,135
2025-11-27,Bogota,Credito Consumo,1824675,142
2025-11-27,Bogota,Credito Consumo,4067690,166
2025-11-27,Bogota,Tarjeta Visa,3438489,152
2025-11-27,Bogota,Tarjeta Visa,4658972,147
2025-11-27,Bogota,Credito Consumo,3352158,117
2025-11-27,Bogota,Libranza,664476,175
2025-11-27,Bogota,Tarjeta Visa,167892,138
2025-11-27,Bogota,Tarjeta Visa,1159972,197
2025-11-27,Bogota,Libranza,1058507,166
2025-11-27,Bogota,Libranza,4236033,103
2025-11-27,Bogota,Microcredito,893877,119
2025-11-27,Bogota,Credito Consumo,722234,108
2025-11-27,Bogota,Microcredito,1526393,165
2025-11-27,Bogota,Microcredito,137187,193
2025-11-27,Bogota,Tarjeta Visa,2282262,137
2025-11-27,Bogota,Libranza,2367663,180
2025-11-27,Bogota,Libranza,2327743,147
2025-11-27,Bogota,Tarjeta Visa,1459443,155
2025-11-27,Bogota,Credito Consumo,711107,134
2025-11-27,Bogota,Microcredito,4028488,120
2025-11-27,Bogota,Microcredito,1039404,149
2025-11-27,Bogota,Microcredito,3799388,139
2025-11-27,Bogota,Tarjeta Visa,3288352,157
2025-11-27,Bogota,Credito Consumo,2303424,143
2025-11-27,Bogota,Tarjeta Visa,2333220,158
2025-11-27,Bogota,Tarjeta Visa,4032052,173
2025-11-27,Bogota,Tarjeta Visa,4737264,190
2025-11-27,Bogota,Microcredito,3181921,176
2025-11-27,Bogota,Microcredito,4277839,139
2025-11-27,Bogota,Libranza,1880305,116
2025-11-27,Bogota,Libranza,3478367,113
2025-11-27,Bogota,Credito Consumo,969956,120
2025-11-27,Bogota,Microcredito,2799273,133
2025-11-27,Bogota,Credito Consumo,2853538,111
2025-11-27,Bogota,Libranza,3586737,160
2025-11-27,Bogota,Credito Consumo,4128873,180
2025-11-27,Bogota,Tarjeta Visa,2330836,184
2025-11-27,Bogota,Tarjeta Visa,4642086,185
2025-11-27,Bogota,Tarjeta Visa,1307370,191
2025-11-27,Bogota,Credito Consumo,4202135,120
2025-11-27,Bogota,Tarjeta Visa,2091883,132
2025-11-27,Bogota,Tarjeta Visa,4382567,114
2025-11-27,Bogota,Microcredito,3889789,133
2025-11-27,Bogota,Tarjeta Visa,620025,165
2025-11-27,Bogota,Tarjeta Visa,2242216,159
2025-11-27,Bogota,Libranza,3663637,122
2025-11-27,Bogota,Tarjeta Visa,862807,177
2025-11-27,Bogota,Tarjeta Visa,4539244,179
2025-11-27,Bogota,Credito Consumo,4080490,121
2025-11-27,Bogota,Credito Consumo,1136062,152
2025-11-27,Bogota,Credito Consumo,1532573,191
2025-11-27,Bogota,Libranza,1281166,108
2025-11-27,Bogota,Microcredito,3363720,137
2025-11-27,Bogota,Microcredito,741109,169
2025-11-27,Bogota,Tarjeta Visa,2508211,191
2025-11-27,Bogota,Tarjeta Visa,1802506,190
2025-11-27,Bogota,Credito Consumo,117119,135
2025-11-27,Bogota,Microcredito,3327092,194
2025-11-27,Bogota,Credito Consumo,2782454,187
2025-11-27,Bogota,Libranza,3504209,172
2025-11-27,Bogota,Libranza,710811,148
2025-11-27,Bogota,Credito Consumo,2697763,107
2025-11-27,Bogota,Credito Consumo,2396164,107
2025-11-27,Bogota,Microcredito,2910842,171
2025-11-27,Bogota,Credito Consumo,4600495,151
2025-11-27,Bogota,Libranza,319817,180
2025-11-27,Bogota,Credito Consumo,1054321,137
2025-11-27,Bogota,Credito Consumo,1309596,175
2025-11-27,Bogota,Tarjeta Visa,1738699,103
2025-11-27,Bogota,Credito Consumo,2650237,103
2025-11-27,Bogota,Tarjeta Visa,3079616,146
2025-11-27,Bogota,Credito Consumo,784070,130
2025-11-27,Bogota,Credito Consumo,3365989,102
2025-11-27,Bogota,Microcredito,3784201,123
2025-11-27,Bogota,Tarjeta Visa,4564823,153
2025-11-27,Bogota,Credito Consumo,431171,198
2025-11-27,Bogota,Tarjeta Visa,2473473,116
2025-11-27,Bogota,Tarjeta Visa,605338,116
2025-11-27,Bogota,Microcredito,4068918,108
2025-11-27,Bogota,Tarjeta Visa,3036009,128
2025-11-27,Bogota,Tarjeta Visa,1379417,174
2025-11-27,Bogota,Microcredito,3817843,187
2025-11-27,Bogota,Credito Consumo,1340838,190
2025-11-27,Bogota,Libranza,1406754,188
2025-11-27,Bogota,Tarjeta Visa,1137544,129
2025-11-27,Bogota,Tarjeta Visa,2123407,117
2025-11-27,Bogota,Tarjeta Visa,4131700,195
2025-11-27,Bogota,Tarjeta Visa,1275932,123
2025-11-27,Bogota,Libranza,3982917,169
2025-11-27,Bogota,Tarjeta Visa,1360300,114
2025-11-27,Bogota,Libranza,2228558,154
2025-11-27,Bogota,Microcredito,1476723,179
2025-11-27,Bogota,Libranza,1159158,115
2025-11-27,Bogota,Microcredito,4501080,146
2025-11-27,Bogota,Libranza,3885826,161
2025-11-27,Bogota,Credito Consumo,4487693,141
2025-11-27,Bogota,Libranza,3065676,138
2025-11-27,Bogota,Credito Consumo,1461912,176
2025-11-27,Bogota,Credito Consumo,4082526,155
2025-11-27,Bogota,Tarjeta Visa,3366518,111
2025-11-27,Bogota,Credito Consumo,1464198,196
2025-11-27,Bogota,Tarjeta Visa,3185315,175
2025-11-27,Bogota,Tarjeta Visa,1404147,180
2025-11-27,Bogota,Credito Consumo,995623,172
2025-11-27,Bogota,Microcredito,3990607,169
2025-11-27,Bogota,Libranza,1207885,102
2025-11-27,Bogota,Tarjeta Visa,3871225,190
2025-11-27,Bogota,Microcredito,2433619,155
2025-11-27,Bogota,Libranza,2395066,106
2025-11-27,Bogota,Microcredito,3675577,159
2025-11-27,Bogota,Credito Consumo,3318643,114
2025-11-27,Bogota,Credito Consumo,1950587,144
2025-11-27,Bogota,Credito Consumo,4894005,164
2025-11-27,Bogota,Microcredito,4316788,120
2025-11-27,Bogota,Microcredito,2406794,137
2025-11-27,Bogota,Tarjeta Visa,2756559,157
2025-11-27,Bogota,Libranza,1827865,120
2025-11-27,Bogota,Libranza,1871478,170
2025-11-27,Bogota,Tarjeta Visa,839934,190
2025-11-27,Bogota,Microcredito,175615,113
2025-11-27,Bogota,Libranza,4429931,191
2025-11-27,Bogota,Microcredito,4564706,107
2025-11-27,Bogota,Microcredito,3712129,198
2025-11-27,Bogota,Microcredito,4125780,183
2025-11-27,Bogota,Microcredito,768289,106
2025-11-27,Bogota,Microcredito,2746365,189
2025-11-27,Bogota,Credito Consumo,543027,158
2025-11-27,Bogota,Credito Consumo,3966633,100
2025-11-27,Bogota,Microcredito,4261882,146
2025-11-27,Bogota,Microcredito,2377813,146
2025-11-27,Bogota,Libranza,2478076,181
2025-11-27,Bogota,Tarjeta Visa,1584316,156
2025-11-27,Bogota,Credito Consumo,3270912,153
2025-11-27,Bogota,Tarjeta Visa,4591745,194
2025-11-27,Bogota,Microcredito,4701498,108
2025-11-27,Bogota,Microcredito,587326,192
2025-11-27,Bogota,Libranza,2065175,170
2025-11-27,Bogota,Microcredito,664356,187
2025-11-27,Bogota,Credito Consumo,4458805,106
2025-11-27,Bogota,Microcredito,1026021,159
2025-11-27,Bogota,Credito Consumo,4461665,125
2025-11-27,Bogota,Microcredito,893475,123
2025-11-27,Bogota,Libranza,1886624,115
2025-11-27,Bogota,Microcredito,3680011,111
2025-11-27,Bogota,Microcredito,3193050,121
2025-11-27,Bogota,Tarjeta Visa,1496162,175
2025-11-27,Bogota,Tarjeta Visa,4597020,130
2025-11-27,Bogota,Credito Consumo,3671895,195
2025-11-27,Bogota,Tarjeta Visa,355867,180
2025-11-27,Bogota,Credito Consumo,1192553,170
2025-11-27,Bogota,Libranza,801134,107
2025-11-27,Bogota,Credito Consumo,1611931,126
2025-11-27,Bogota,Credito Consumo,467516,197
2025-11-27,Bogota,Microcredito,818804,178
2025-11-27,Bogota,Credito Consumo,2768905,113
2025-11-27,Bogota,Tarjeta Visa,868925,130
2025-11-27,Bogota,Credito Consumo,4928041,166
2025-11-27,Bogota,Tarjeta Visa,1727474,134
2025-11-27,Bogota,Credito Consumo,3577053,171
2025-11-27,Bogota,Credito Consumo,4884269,124
2025-11-27,Bogota,Microcredito,284118,174
2025-11-27,Bogota,Credito Consumo,1194857,147
2025-11-27,Bogota,Microcredito,3537253,177
2025-11-27,Bogota,Libranza,230620,180
2025-11-27,Bogota,Microcredito,1130159,172
2025-11-27,Bogota,Credito Consumo,4662796,190
2025-11-27,Bogota,Libranza,2027155,129
2025-11-27,Bogota,Tarjeta Visa,2743296,162
2025-11-27,Bogota,Tarjeta Visa,949698,162
2025-11-27,Bogota,Credito Consumo,2655707,128
2025-11-27,Bogota,Libranza,631719,131
2025-11-27,Bogota,Credito Consumo,4868679,184
2025-11-27,Bogota,Credito Consumo,4933137,114
2025-11-27,Bogota,Credito Consumo,2466215,131
2025-11-27,Bogota,Libranza,2969604,177
2025-11-27,Bogota,Libranza,171228,134
2025-11-27,Bogota,Libranza,3800649,156
2025-11-27,Bogota,Tarjeta Visa,463387,161
2025-11-27,Bogota,Tarjeta Visa,3410373,114
2025-11-27,Bogota,Libranza,696294,150
2025-11-27,Bogota,Libranza,101258,180
2025-11-27,Bogota,Credito Consumo,638356,148
2025-11-27,Bogota,Microcredito,2325408,143
2025-11-27,Bogota,Credito Consumo,3381430,100
2025-11-27,Bogota,Tarjeta Visa,4812596,185
2025-11-27,Bogota,Tarjeta Visa,2748083,111
2025-11-27,Bogota,Credito Consumo,1449584,185
2025-11-27,Bogota,Libranza,717473,113
2025-11-27,Bogota,Microcredito,4594654,196
2025-11-27,Bogota,Tarjeta Visa,1421709,189
2025-11-27,Bogota,Tarjeta Visa,2653222,168
2025-11-27,Bogota,Libranza,2290205,139
2025-11-27,Bogota,Tarjeta Visa,4412875,104
2025-11-27,Bogota,Libranza,2963137,172
2025-11-27,Bogota,Microcredito,2392333,183
2025-11-27,Bogota,Tarjeta Visa,2119144,183
2025-11-27,Bogota,Tarjeta Visa,2139749,192
2025-11-27,Bogota,Credito Consumo,3090853,148
2025-11-27,Bogota,Libranza,4605633,156
2025-11-27,Bogota,Microcredito,4695841,190
2025-11-27,Bogota,Credito Consumo,1055386,163
2025-11-27,Bogota,Microcredito,1273225,111
2025-11-27,Bogota,Tarjeta Visa,229296,191
2025-11-27,Bogota,Tarjeta Visa,3166678,181
2025-11-27,Bogota,Credito Consumo,2278241,138
2025-11-27,Bogota,Credito Consumo,2088741,192
2025-11-27,Bogota,Microcredito,3581088,117
2025-11-27,Bogota,Microcredito,2756234,148
2025-11-27,Bogota,Credito Consumo,3469841,152
2025-11-27,Bogota,Libranza,2315739,131
2025-11-27,Bogota,Libranza,4700178,105
2025-11-27,Bogota,Microcredito,3436800,183
2025-11-27,Bogota,Libranza,2161128,162
2025-11-27,Bogota,Microcredito,4173457,192
2025-11-27,Bogota,Credito Consumo,1761169,108
2025-11-27,Bogota,Credito Consumo,122277,125
2025-11-27,Bogota,Libranza,325069,101
2025-11-27,Bogota,Libranza,2844704,121
2025-11-27,Bogota,Microcredito,3410611,127
2025-11-27,Bogota,Libranza,1140099,120
2025-11-27,Bogota,Credito Consumo,1911215,150
2025-11-27,Bogota,Microcredito,1414316,122
2025-11-27,Bogota,Microcredito,929682,194
2025-11-27,Bogota,Libranza,859704,136
2025-11-27,Bogota,Tarjeta Visa,4422782,190
2025-11-27,Bogota,Credito Consumo,1194028,161
2025-11-27,Bogota,Credito Consumo,1296874,194
2025-11-27,Bogota,Tarjeta Visa,4024305,122
2025-11-27,Bogota,Microcredito,956601,158
2025-11-27,Bogota,Credito Consumo,1617002,181
2025-11-27,Bogota,Tarjeta Visa,4727912,184
2025-11-27,Bogota,Tarjeta Visa,1063816,127
2025-11-27,Bogota,Tarjeta Visa,1685407,106
2025-11-27,Bogota,Tarjeta Visa,3178879,153
2025-11-27,Bogota,Libranza,933513,175
2025-11-27,Bogota,Credito Consumo,166868,103
2025-11-27,Bogota,Tarjeta Visa,2404551,161
2025-11-27,Bogota,Credito Consumo,2829516,183
2025-11-27,Bogota,Microcredito,2714061,115
2025-11-27,Bogota,Tarjeta Visa,284825,129
2025-11-27,Bogota,Tarjeta Visa,2746094,111
2025-11-27,Bogota,Microcredito,3357066,156
2025-11-27,Bogota,Credito Consumo,736369,190
2025-11-27,Bogota,Microcredito,4589895,188
2025-11-27,Bogota,Microcredito,1293652,168
2025-11-27,Bogota,Tarjeta Visa,3800735,184
2025-11-27,Bogota,Microcredito,935775,166
2025-11-27,Bogota,Microcredito,1972725,103
2025-11-27,Bogota,Libranza,3872363,123
2025-11-27,Bogota,Libranza,1825042,147
2025-11-27,Bogota,Tarjeta Visa,624339,115
2025-11-27,Bogota,Tarjeta Visa,4828607,184
2025-11-27,Bogota,Credito Consumo,1831909,175
2025-11-27,Bogota,Libranza,130936,191
2025-11-27,Bogota,Credito Consumo,1015496,180
2025-11-27,Bogota,Microcredito,1400872,139
2025-11-27,Bogota,Tarjeta Visa,372915,157
2025-11-27,Bogota,Tarjeta Visa,1839651,188
2025-11-27,Bogota,Microcredito,2004589,166
2025-11-27,Bogota,Libranza,306172,179
2025-11-27,Bogota,Microcredito,3002169,126
2025-11-27,Bogota,Microcredito,4013064,117
2025-11-27,Bogota,Microcredito,3621414,145
2025-11-27,Bogota,Tarjeta Visa,1927089,171
2025-11-27,Bogota,Credito Consumo,1518978,124
2025-11-27,Bogota,Microcredito,535536,160
2025-11-27,Bogota,Microcredito,4346490,109
2025-11-27,Bogota,Microcredito,1148577,122
2025-11-27,Bogota,Microcredito,2068632,160
2025-11-27,Bogota,Credito Consumo,525486,164
2025-11-27,Bogota,Libranza,4334520,120
2025-11-27,Bogota,Libranza,2277162,148
2025-11-27,Bogota,Credito Consumo,4434681,115
2025-11-27,Bogota,Libranza,2140138,169
2025-11-27,Bogota,Tarjeta Visa,4565291,157
2025-11-27,Bogota,Credito Consumo,3222212,127
2025-11-27,Bogota,Libranza,4062260,191
2025-11-27,Bogota,Libranza,1703073,129
2025-11-27,Bogota,Microcredito,4261129,182
2025-11-27,Bogota,Microcredito,420056,138
2025-11-27,Bogota,Credito Consumo,1493708,175
2025-11-27,Bogota,Tarjeta Visa,122758,189
2025-11-27,Bogota,Microcredito,602658,118
2025-11-27,Bogota,Credito Consumo,3346026,123
2025-11-27,Bogota,Libranza,2344095,153
2025-11-27,Bogota,Credito Consumo,210426,149
2025-11-27,Bogota,Microcredito,1690403,160
2025-11-27,Bogota,Libranza,4550188,123
2025-11-27,Bogota,Libranza,3866281,133
2025-11-27,Bogota,Tarjeta Visa,435019,163
2025-11-27,Bogota,Microcredito,2933043,162
2025-11-27,Bogota,Libranza,116180,146
2025-11-27,Bogota,Tarjeta Visa,4532851,151
2025-11-27,Bogota,Credito Consumo,3000702,107
2025-11-27,Bogota,Libranza,464964,136
2025-11-27,Bogota,Tarjeta Visa,4685566,191
2025-11-27,Bogota,Libranza,541505,195
2025-11-27,Bogota,Tarjeta Visa,659061,196
2025-11-27,Bogota,Tarjeta Visa,1153664,134
2025-11-27,Bogota,Tarjeta Visa,340682,101
2025-11-27,Bogota,Microcredito,1429694,109
2025-11-27,Bogota,Microcredito,4376142,109
2025-11-27,Bogota,Microcredito,664583,115
2025-11-27,Bogota,Microcredito,1208406,103
2025-11-27,Bogota,Libranza,980088,120
2025-11-27,Bogota,Tarjeta Visa,3164242,189
2025-11-27,Bogota,Tarjeta Visa,3632416,179
2025-11-27,Bogota,Microcredito,272394,197
2025-11-27,Bogota,Credito Consumo,3342494,194
2025-11-27,Bogota,Tarjeta Visa,4580084,185
2025-11-27,Bogota,Microcredito,992832,150
2025-11-27,Bogota,Tarjeta Visa,4412864,131
2025-11-27,Bogota,Microcredito,3159345,193
2025-11-27,Bogota,Microcredito,1300430,113
2025-11-27,Bogota,Credito Consumo,4712826,170
2025-11-27,Bogota,Libranza,3751651,188
2025-11-27,Bogota,Tarjeta Visa,3694752,180
2025-11-27,Bogota,Tarjeta Visa,874756,153
2025-11-27,Bogota,Microcredito,4124014,152
2025-11-27,Bogota,Microcredito,1927012,185
2025-11-27,Bogota,Tarjeta Visa,2147203,167
2025-11-27,Bogota,Libranza,1116597,116
2025-11-27,Bogota,Tarjeta Visa,4878805,116
2025-11-27,Bogota,Microcredito,3244446,172
2025-11-27,Bogota,Microcredito,4641440,127
2025-11-27,Bogota,Libranza,2709742,160
2025-11-27,Bogota,Credito Consumo,2864152,172
2025-11-27,Bogota,Tarjeta Visa,4178830,192
2025-11-27,Bogota,Tarjeta Visa,936541,128
2025-11-27,Bogota,Credito Consumo,762146,109
2025-11-27,Bogota,Libranza,3998505,135
2025-11-27,Bogota,Libranza,4598732,112
2025-11-27,Bogota,Microcredito,1125318,121
2025-11-27,Bogota,Tarjeta Visa,883303,185
2025-11-27,Bogota,Credito Consumo,4973076,160
2025-11-27,Bogota,Microcredito,4182845,103
2025-11-27,Bogota,Credito Consumo,579264,163
2025-11-27,Bogota,Microcredito,2413132,130
2025-11-27,Bogota,Credito Consumo,2430631,186
2025-11-27,Bogota,Tarjeta Visa,1602087,145
2025-11-27,Bogota,Microcredito,2424793,154
2025-11-27,Bogota,Microcredito,4265036,130
2025-11-27,Bogota,Tarjeta Visa,1219932,182
2025-11-27,Bogota,Libranza,3361312,161
2025-11-27,Bogota,Microcredito,921724,186
2025-11-27,Bogota,Microcredito,3057241,118
2025-11-27,Bogota,Tarjeta Visa,445496,173
2025-11-27,Bogota,Libranza,4039403,152
2025-11-27,Bogota,Microcredito,3822412,166
2025-11-27,Bogota,Libranza,4698665,109
2025-11-27,Bogota,Credito Consumo,691430,120
2025-11-27,Bogota,Tarjeta Visa,3319773,137
2025-11-27,Bogota,Microcredito,114880,195
2025-11-27,Bogota,Libranza,1359623,124
2025-11-27,Bogota,Microcredito,2618768,137
2025-11-27,Bogota,Microcredito,2251028,167
2025-11-27,Bogota,Microcredito,1413035,194
2025-11-27,Bogota,Credito Consumo,444359,178
2025-11-27,Bogota,Microcredito,3935046,163
2025-11-27,Bogota,Credito Consumo,1619745,100
2025-11-27,Bogota,Microcredito,4056454,176
2025-11-27,Bogota,Credito Consumo,2653947,195
2025-11-27,Bogota,Libranza,2437082,108
2025-11-27,Bogota,Tarjeta Visa,462402,161
2025-11-27,Bogota,Credito Consumo,3991492,130
2025-11-27,Bogota,Credito Consumo,4574754,103
2025-11-27,Bogota,Tarjeta Visa,2697247,152
2025-11-27,Bogota,Tarjeta Visa,497949,158
2025-11-27,Bogota,Credito Consumo,2783369,161
2025-11-27,Bogota,Libranza,419052,109
2025-11-27,Bogota,Microcredito,2724284,158
2025-11-27,Bogota,Libranza,3894781,189
2025-11-27,Bogota,Microcredito,345686,198
2025-11-27,Bogota,Credito Consumo,4949167,175
2025-11-27,Bogota,Credito Consumo,1875840,174
2025-11-27,Bogota,Tarjeta Visa,1697210,149
2025-11-27,Bogota,Microcredito,2038207,130
2025-11-27,Bogota,Tarjeta Visa,4294154,139
2025-11-27,Bogota,Tarjeta Visa,2311862,179
2025-11-27,Bogota,Libranza,1109817,103
2025-11-27,Bogota,Libranza,1435441,133
2025-11-27,Bogota,Credito Consumo,215870,145
2025-11-27,Bogota,Microcredito,848084,146
2025-11-27,Bogota,Microcredito,4450969,135
2025-11-27,Bogota,Credito Consumo,3023502,154
2025-11-27,Bogota,Libranza,1014183,195
2025-11-27,Bogota,Libranza,197541,150
2025-11-27,Bogota,Microcredito,426112,179
2025-11-27,Bogota,Libranza,2504090,173
2025-11-27,Bogota,Libranza,3008321,110
2025-11-27,Bogota,Libranza,619539,186
2025-11-27,Bogota,Microcredito,1198990,156
2025-11-27,Bogota,Credito Consumo,415901,159
2025-11-27,Bogota,Credito Consumo,3206830,103
2025-11-27,Bogota,Tarjeta Visa,3160931,100
2025-11-27,Bogota,Tarjeta Visa,2110600,176
2025-11-27,Bogota,Tarjeta Visa,2975656,138
2025-11-27,Bogota,Credito Consumo,4276057,115
2025-11-27,Bogota,Libranza,958935,144
2025-11-27,Bogota,Libranza,662819,196
2025-11-27,Bogota,Libranza,3009852,149
2025-11-27,Bogota,Credito Consumo,2176977,112
2025-11-27,Bogota,Libranza,3800139,120
2025-11-27,Bogota,Tarjeta Visa,656372,160
2025-11-27,Bogota,Libranza,3482961,165
2025-11-27,Bogota,Microcredito,1797308,139
2025-11-27,Bogota,Credito Consumo,3822310,190
2025-11-27,Bogota,Microcredito,1259316,108
2025-11-27,Bogota,Microcredito,2577436,162
2025-11-27,Bogota,Microcredito,2815899,117
2025-11-27,Bogota,Microcredito,3895199,108
2025-11-27,Bogota,Microcredito,2143409,115
2025-11-27,Bogota,Microcredito,4450431,189
2025-11-27,Bogota,Microcredito,3196768,176
2025-11-27,Bogota,Microcredito,3132461,107
2025-11-27,Bogota,Microcredito,520353,172
2025-11-27,Bogota,Libranza,1905904,198
2025-11-27,Bogota,Tarjeta Visa,4399013,198
2025-11-27,Bogota,Tarjeta Visa,2982628,158
2025-11-27,Bogota,Credito Consumo,4898987,146
2025-11-27,Bogota,Libranza,4329931,171
2025-11-27,Bogota,Tarjeta Visa,1168937,187
2025-11-27,Bogota,Tarjeta Visa,2622888,144
2025-11-27,Bogota,Microcredito,4005092,158
2025-11-27,Bogota,Credito Consumo,3368134,120
2025-11-27,Bogota,Microcredito,560627,163
2025-11-27,Bogota,Credito Consumo,563669,175
2025-11-27,Bogota,Libranza,4270528,186
2025-11-27,Bogota,Credito Consumo,2090036,112
2025-11-27,Bogota,Credito Consumo,4362351,102
2025-11-27,Bogota,Microcredito,1234501,168
2025-11-27,Bogota,Libranza,3158311,140
2025-11-27,Bogota,Libranza,2727853,193
2025-11-27,Bogota,Credito Consumo,1441012,191
2025-11-27,Bogota,Tarjeta Visa,4387432,117
2025-11-27,Bogota,Credito Consumo,1715193,130
2025-11-27,Bogota,Credito Consumo,4584008,136
2025-11-27,Bogota,Libranza,839816,173
2025-11-27,Bogota,Microcredito,1633726,103
2025-11-27,Bogota,Credito Consumo,4480047,138
2025-11-27,Bogota,Credito Consumo,2344411,107
2025-11-27,Bogota,Libranza,3713920,129
2025-11-27,Bogota,Tarjeta Visa,4870074,186
2025-11-27,Bogota,Libranza,3956323,120
2025-11-27,Bogota,Microcredito,3135873,188
2025-11-27,Bogota,Credito Consumo,2632123,155
2025-11-27,Bogota,Libranza,2590926,188
2025-11-27,Bogota,Tarjeta Visa,3297567,165
2025-11-27,Bogota,Microcredito,1493465,126
2025-11-27,Bogota,Microcredito,2388664,106
2025-11-27,Bogota,Microcredito,1708079,130
2025-11-27,Bogota,Credito Consumo,3544942,166
2025-11-27,Bogota,Tarjeta Visa,3333907,139
2025-11-27,Bogota,Libranza,3906879,151
2025-11-27,Bogota,Credito Consumo,1738778,115
2025-11-27,Bogota,Libranza,1940960,198
2025-11-27,Bogota,Libranza,762801,192
2025-11-27,Bogota,Microcredito,2823052,181
2025-11-27,Bogota,Microcredito,2959808,102
2025-11-27,Bogota,Libranza,4334867,150
2025-11-27,Bogota,Microcredito,1297214,119
2025-11-27,Bogota,Tarjeta Visa,3524894,115
2025-11-27,Bogota,Microcredito,1221044,182
2025-11-27,Bogota,Microcredito,780852,185
2025-11-27,Bogota,Tarjeta Visa,2069512,198
2025-11-27,Bogota,Tarjeta Visa,3764454,149
2025-11-27,Bogota,Libranza,4465341,165
2025-11-27,Bogota,Credito Consumo,2551599,129
2025-11-27,Bogota,Tarjeta Visa,3060170,100
2025-11-27,Bogota,Microcredito,656454,121
2025-11-27,Bogota,Credito Consumo,4531296,127
2025-11-27,Bogota,Credito Consumo,3034069,146
2025-11-27,Bogota,Tarjeta Visa,1451623,177
2025-11-27,Bogota,Tarjeta Visa,4164144,129
2025-11-27,Bogota,Libranza,1194423,114
2025-11-27,Bogota,Libranza,3336907,105
2025-11-27,Bogota,Credito Consumo,3477818,153
2025-11-27,Bogota,Tarjeta Visa,915599,134
2025-11-27,Bogota,Tarjeta Visa,4311398,169
2025-11-27,Bogota,Tarjeta Visa,3677106,132
2025-11-27,Bogota,Credito Consumo,1456971,109
2025-11-27,Bogota,Tarjeta Visa,161385,135
2025-11-27,Bogota,Libranza,4082089,151
2025-11-27,Bogota,Tarjeta Visa,4926835,157
2025-11-27,Bogota,Credito Consumo,4327855,135
2025-11-27,Bogota,Libranza,4930545,161
2025-11-27,Bogota,Microcredito,2827996,124
2025-11-27,Bogota,Tarjeta Visa,1020907,121
2025-11-27,Bogota,Credito Consumo,2063887,167
2025-11-27,Bogota,Libranza,2894528,115
2025-11-27,Bogota,Credito Consumo,2455848,157
2025-11-27,Bogota,Credito Consumo,1430156,104
2025-11-27,Bogota,Tarjeta Visa,828523,148
2025-11-27,Bogota,Credito Consumo,620003,138
2025-11-27,Bogota,Microcredito,2634286,191
2025-11-27,Bogota,Credito Consumo,4699052,142
2025-11-27,Bogota,Microcredito,864208,176
2025-11-27,Bogota,Libranza,1678018,125
2025-11-27,Bogota,Libranza,3093287,177
2025-11-27,Bogota,Tarjeta Visa,4037415,129
2025-11-27,Bogota,Credito Consumo,2931304,164
2025-11-27,Bogota,Libranza,2915773,156
2025-11-27,Bogota,Credito Consumo,4617025,133
2025-11-27,Bogota,Tarjeta Visa,1497518,158
2025-11-27,Bogota,Credito Consumo,369315,100
2025-11-27,Bogota,Libranza,1542090,162
2025-11-27,Bogota,Tarjeta Visa,346115,109
2025-11-27,Bogota,Tarjeta Visa,4598120,184
2025-11-27,Bogota,Credito Consumo,3952306,131
2025-11-27,Bogota,Libranza,3593865,140
2025-11-27,Bogota,Libranza,4883969,148
2025-11-27,Bogota,Libranza,2798560,145
2025-11-27,Bogota,Libranza,3724713,151
2025-11-27,Bogota,Microcredito,4712515,126
2025-11-27,Bogota,Libranza,4302649,129
2025-11-27,Bogota,Libranza,2070754,119
2025-11-27,Bogota,Tarjeta Visa,2340001,157
2025-11-27,Bogota,Libranza,304659,137
2025-11-27,Bogota,Tarjeta Visa,4239204,118
2025-11-27,Bogota,Microcredito,4945310,147
2025-11-27,Bogota,Tarjeta Visa,2992864,104
2025-11-27,Bogota,Libranza,1817319,176
2025-11-27,Bogota,Microcredito,4386806,182
2025-11-27,Bogota,Microcredito,1597583,182
2025-11-27,Bogota,Microcredito,293541,192
2025-11-27,Bogota,Microcredito,4274086,108
2025-11-27,Bogota,Microcredito,3064828,182
2025-11-27,Bogota,Libranza,2123047,172
2025-11-27,Bogota,Credito Consumo,1197284,119
2025-11-27,Bogota,Credito Consumo,3959947,184
2025-11-27,Bogota,Credito Consumo,3652866,101
2025-11-27,Bogota,Libranza,1594771,100
2025-11-27,Bogota,Microcredito,510540,148
2025-11-27,Bogota,Libranza,3881160,101
2025-11-27,Bogota,Tarjeta Visa,3098549,132
2025-11-27,Bogota,Microcredito,1416605,180
2025-11-27,Bogota,Microcredito,4989636,119
2025-11-27,Bogota,Libranza,4388680,116
2025-11-27,Bogota,Libranza,488840,101
2025-11-27,Bogota,Microcredito,4795662,148
2025-11-27,Bogota,Libranza,3916909,174
2025-11-27,Bogota,Libranza,4674555,132
2025-11-27,Bogota,Libranza,3511338,132
2025-11-27,Bogota,Microcredito,2833842,117
2025-11-27,Bogota,Credito Consumo,3671766,170
2025-11-27,Bogota,Tarjeta Visa,4164359,197
2025-11-27,Bogota,Tarjeta Visa,593975,107
2025-11-27,Bogota,Tarjeta Visa,4222424,171
2025-11-27,Bogota,Microcredito,1841382,124
2025-11-27,Bogota,Credito Consumo,3206876,192
2025-11-27,Bogota,Credito Consumo,471119,149
2025-11-27,Bogota,Microcredito,4834720,111
2025-11-27,Bogota,Libranza,2011041,100
2025-11-27,Bogota,Tarjeta Visa,4547749,152
2025-11-27,Bogota,Microcredito,4821656,141
2025-11-27,Bogota,Microcredito,323106,136
2025-11-27,Bogota,Tarjeta Visa,782065,122
2025-11-27,Bogota,Microcredito,2573781,176
2025-11-27,Bogota,Libranza,3074028,176
2025-11-27,Bogota,Tarjeta Visa,3910502,191
2025-11-27,Bogota,Microcredito,284432,145
2025-11-27,Bogota,Credito Consumo,1398394,175
2025-11-27,Bogota,Tarjeta Visa,3464078,107
2025-11-27,Bogota,Microcredito,4958536,122
2025-11-27,Bogota,Credito Consumo,1288706,174
2025-11-27,Bogota,Credito Consumo,3821228,170
2025-11-27,Bogota,Microcredito,3169498,188
2025-11-27,Bogota,Credito Consumo,3036719,123
2025-11-27,Bogota,Tarjeta Visa,321845,162
2025-11-27,Bogota,Microcredito,1831803,189
2025-11-27,Bogota,Microcredito,3992430,185
2025-11-27,Bogota,Libranza,3364064,101
2025-11-27,Bogota,Microcredito,4846972,106
2025-11-27,Bogota,Credito Consumo,3988554,133
2025-11-27,Bogota,Microcredito,1695754,160
2025-11-27,Bogota,Microcredito,4261205,169
2025-11-27,Bogota,Credito Consumo,357555,176
2025-11-27,Bogota,Microcredito,4590766,109
2025-11-27,Bogota,Libranza,2987512,144
2025-11-27,Bogota,Microcredito,1284560,186
2025-11-27,Bogota,Libranza,2060867,139
2025-11-27,Bogota,Microcredito,4884947,198
2025-11-27,Bogota,Tarjeta Visa,1806807,144
2025-11-27,Bogota,Libranza,4209153,125
2025-11-27,Bogota,Credito Consumo,4669490,100
2025-11-27,Bogota,Credito Consumo,2644073,128
2025-11-27,Bogota,Tarjeta Visa,4329486,180
2025-11-27,Bogota,Credito Consumo,2975021,141
2025-11-27,Bogota,Tarjeta Visa,4986429,194
2025-11-27,Bogota,Libranza,4842987,126
2025-11-27,Bogota,Microcredito,3460878,126
2025-11-27,Bogota,Libranza,1310223,121
2025-11-27,Bogota,Microcredito,1214285,198
2025-11-27,Bogota,Credito Consumo,180875,187
2025-11-27,Bogota,Credito Consumo,2614421,173
2025-11-27,Bogota,Credito Consumo,3704672,190
2025-11-27,Bogota,Credito Consumo,1762015,138
2025-11-27,Bogota,Microcredito,1555651,126
2025-11-27,Bogota,Libranza,2310244,165
2025-11-27,Bogota,Microcredito,744526,170
2025-11-27,Bogota,Microcredito,1064429,187
2025-11-27,Bogota,Tarjeta Visa,4797926,196
2025-11-27,Bogota,Tarjeta Visa,1836863,190
2025-11-27,Bogota,Libranza,1481179,142
2025-11-27,Bogota,Microcredito,4596413,181
2025-11-27,Bogota,Credito Consumo,3703392,149
2025-11-27,Bogota,Libranza,4012168,161
2025-11-27,Bogota,Credito Consumo,2835960,103
2025-11-27,Bogota,Libranza,2345819,113
2025-11-27,Bogota,Tarjeta Visa,3626063,172
2025-11-27,Bogota,Libranza,2890038,135
2025-11-27,Bogota,Libranza,864364,108
2025-11-27,Bogota,Tarjeta Visa,319354,180
2025-11-27,Bogota,Microcredito,2721059,117
2025-11-27,Bogota,Microcredito,2533103,122
2025-11-27,Bogota,Tarjeta Visa,528293,110
2025-11-27,Bogota,Microcredito,875744,141
2025-11-27,Bogota,Tarjeta Visa,486785,142
2025-11-27,Bogota,Libranza,2343261,154
2025-11-27,Bogota,Credito Consumo,4616001,142
2025-11-27,Bogota,Microcredito,3400022,149
2025-11-27,Bogota,Microcredito,3870320,172
2025-11-27,Bogota,Credito Consumo,2138398,156
2025-11-27,Bogota,Libranza,1462942,174
2025-11-27,Bogota,Tarjeta Visa,3741254,148
2025-11-27,Bogota,Tarjeta Visa,3922918,129
2025-11-27,Bogota,Tarjeta Visa,2649233,175
2025-11-27,Bogota,Tarjeta Visa,430496,186
2025-11-27,Bogota,Microcredito,4334334,138
2025-11-27,Bogota,Tarjeta Visa,2044333,110
2025-11-27,Bogota,Microcredito,1358098,150
2025-11-27,Bogota,Microcredito,2646782,114
2025-11-27,Bogota,Tarjeta Visa,124724,116
2025-11-27,Bogota,Credito Consumo,2452745,121
2025-11-27,Bogota,Tarjeta Visa,2850085,146
2025-11-27,Bogota,Libranza,3731593,148
2025-11-27,Bogota,Credito Consumo,4385790,127
2025-11-27,Bogota,Libranza,2222745,111
2025-11-27,Bogota,Credito Consumo,3427109,164
2025-11-27,Bogota,Microcredito,2440601,166
2025-11-27,Bogota,Microcredito,1910738,122
2025-11-27,Bogota,Microcredito,452774,101
2025-11-27,Bogota,Credito Consumo,4437901,114
2025-11-27,Bogota,Tarjeta Visa,2534425,117
2025-11-27,Bogota,Libranza,4314501,177
2025-11-27,Bogota,Credito Consumo,3013670,116
2025-11-27,Bogota,Tarjeta Visa,4480430,193
2025-11-27,Bogota,Credito Consumo,3822582,186
2025-11-27,Bogota,Tarjeta Visa,4813636,172
2025-11-27,Bogota,Tarjeta Visa,849174,106
2025-11-27,Bogota,Credito Consumo,405367,196
2025-11-27,Bogota,Tarjeta Visa,3572917,152
2025-11-27,Bogota,Credito Consumo,4910021,115
2025-11-27,Bogota,Tarjeta Visa,4299832,116
2025-11-27,Bogota,Libranza,3941653,166
2025-11-27,Bogota,Credito Consumo,4721759,122
2025-11-27,Bogota,Tarjeta Visa,4139239,140
2025-11-27,Bogota,Libranza,2961978,180
2025-11-27,Bogota,Credito Consumo,4544165,115
2025-11-27,Bogota,Microcredito,2683786,141
2025-11-27,Bogota,Microcredito,2237225,122
2025-11-27,Bogota,Microcredito,363320,112
2025-11-27,Bogota,Microcredito,1173110,108
2025-11-27,Bogota,Credito Consumo,3597552,184
2025-11-27,Bogota,Credito Consumo,3622409,108
2025-11-27,Bogota,Libranza,4318641,149
2025-11-27,Bogota,Credito Consumo,2629115,146
2025-11-27,Bogota,Credito Consumo,2105922,139
2025-11-27,Bogota,Libranza,1347268,141
2025-11-27,Bogota,Microcredito,1548199,134
2025-11-27,Bogota,Tarjeta Visa,1350536,159
2025-11-27,Bogota,Microcredito,1713895,118
2025-11-27,Bogota,Libranza,255587,141
2025-11-27,Bogota,Credito Consumo,4214125,182
2025-11-27,Bogota,Libranza,4705252,101
2025-11-27,Bogota,Tarjeta Visa,4349869,160
2025-11-27,Bogota,Credito Consumo,461819,123
2025-11-27,Bogota,Microcredito,606404,195
2025-11-27,Bogota,Credito Consumo,3549571,191
2025-11-27,Bogota,Libranza,1622408,187
2025-11-27,Bogota,Credito Consumo,2481949,132
2025-11-27,Bogota,Libranza,903220,133
2025-11-27,Bogota,Microcredito,420743,117
2025-11-27,Bogota,Credito Consumo,4359392,147
2025-11-27,Bogota,Libranza,4263635,152
2025-11-27,Bogota,Tarjeta Visa,2047990,126
2025-11-27,Bogota,Libranza,4591051,159
2025-11-27,Bogota,Libranza,3437925,121
2025-11-27,Bogota,Microcredito,3000819,187
2025-11-27,Bogota,Microcredito,4014507,179
2025-11-27,Bogota,Microcredito,3338843,165
2025-11-27,Bogota,Microcredito,1580771,139
2025-11-27,Bogota,Libranza,2505267,139
2025-11-27,Bogota,Credito Consumo,2613753,148
2025-11-27,Bogota,Libranza,4371943,111
2025-11-27,Bogota,Microcredito,811059,191
2025-11-27,Bogota,Tarjeta Visa,4640402,161
2025-11-27,Bogota,Libranza,3181991,169
2025-11-27,Bogota,Tarjeta Visa,4508696,119
2025-11-27,Bogota,Tarjeta Visa,1512660,104
2025-11-27,Bogota,Libranza,858729,150
2025-11-27,Bogota,Microcredito,3101336,169
2025-11-27,Bogota,Credito Consumo,3421153,109
2025-11-27,Bogota,Tarjeta Visa,3189460,184
2025-11-27,Bogota,Credito Consumo,3823418,134
2025-11-27,Bogota,Microcredito,2468296,193
2025-11-27,Bogota,Microcredito,2270301,178
2025-11-27,Bogota,Libranza,3737427,183
2025-11-27,Bogota,Tarjeta Visa,4874568,195
2025-11-27,Bogota,Libranza,4332112,196
2025-11-27,Bogota,Libranza,4757684,112
2025-11-27,Bogota,Credito Consumo,980624,147
2025-11-27,Bogota,Tarjeta Visa,473214,125
2025-11-27,Bogota,Microcredito,1584109,141
2025-11-27,Bogota,Credito Consumo,992518,147
2025-11-27,Bogota,Libranza,1935499,151
2025-11-27,Bogota,Microcredito,2562859,113
2025-11-27,Bogota,Tarjeta Visa,116307,189
2025-11-27,Bogota,Credito Consumo,2531625,113
2025-11-27,Bogota,Tarjeta Visa,3876295,179
2025-11-27,Bogota,Libranza,2970409,187
2025-11-27,Bogota,Microcredito,1253070,177
2025-11-27,Bogota,Libranza,2902295,142
2025-11-27,Bogota,Libranza,3383856,176
2025-11-27,Bogota,Tarjeta Visa,3164474,173
2025-11-27,Bogota,Libranza,672058,146
2025-11-27,Bogota,Microcredito,4838950,198
2025-11-27,Bogota,Microcredito,1935796,156
2025-11-27,Bogota,Tarjeta Visa,4253771,115
2025-11-27,Bogota,Microcredito,976058,173
2025-11-27,Bogota,Microcredito,4641542,181
2025-11-27,Bogota,Microcredito,3523760,185
2025-11-27,Bogota,Tarjeta Visa,635572,197
2025-11-27,Bogota,Libranza,4280366,196
2025-11-27,Bogota,Tarjeta Visa,3392009,194
2025-11-27,Bogota,Microcredito,244298,137
2025-11-27,Bogota,Microcredito,4897105,194
2025-11-27,Bogota,Credito Consumo,3388923,107
2025-11-27,Bogota,Tarjeta Visa,3288376,124
2025-11-27,Bogota,Microcredito,2683789,171
2025-11-27,Bogota,Microcredito,761345,151
2025-11-27,Bogota,Credito Consumo,4967376,157
2025-11-27,Bogota,Credito Consumo,4775246,149
2025-11-27,Bogota,Libranza,450329,165
2025-11-27,Bogota,Tarjeta Visa,2079398,187
2025-11-27,Bogota,Credito Consumo,2742449,139
2025-11-27,Bogota,Credito Consumo,3923527,191
2025-11-27,Bogota,Libranza,2488952,102
2025-11-27,Bogota,Tarjeta Visa,1488964,150
2025-11-27,Bogota,Tarjeta Visa,2782772,104
2025-11-27,Bogota,Libranza,4852277,146
2025-11-27,Bogota,Credito Consumo,1718994,119
2025-11-27,Bogota,Tarjeta Visa,4139771,118
2025-11-27,Bogota,Credito Consumo,3027913,120
2025-11-27,Bogota,Tarjeta Visa,1615615,147
2025-11-27,Bogota,Tarjeta Visa,3025700,113
2025-11-27,Bogota,Tarjeta Visa,4138672,115
2025-11-27,Bogota,Microcredito,3674318,158
2025-11-27,Bogota,Credito Consumo,2118308,162
2025-11-27,Bogota,Microcredito,3755558,111
2025-11-27,Bogota,Libranza,3838769,129
2025-11-27,Bogota,Microcredito,442866,133
2025-11-27,Bogota,Credito Consumo,767762,114
2025-11-27,Bogota,Credito Consumo,3395374,129
2025-11-27,Bogota,Tarjeta Visa,882228,193
2025-11-27,Bogota,Libranza,4908342,137
2025-11-27,Bogota,Tarjeta Visa,2771530,179
2025-11-27,Bogota,Tarjeta Visa,2513476,126
2025-11-27,Bogota,Microcredito,4534590,130
2025-11-27,Bogota,Microcredito,983767,180
2025-11-27,Bogota,Libranza,4442673,166
2025-11-27,Bogota,Libranza,1968000,108
2025-11-27,Bogota,Microcredito,2258844,164
2025-11-27,Bogota,Credito Consumo,4024417,192
2025-11-27,Bogota,Credito Consumo,3498842,144
2025-11-27,Bogota,Credito Consumo,2501241,183
2025-11-27,Bogota,Credito Consumo,1096388,150
2025-11-27,Bogota,Libranza,816647,193
2025-11-27,Bogota,Microcredito,4514253,156
2025-11-27,Bogota,Libranza,1361900,171
2025-11-27,Bogota,Tarjeta Visa,2650323,122
2025-11-27,Bogota,Libranza,106907,194
2025-11-27,Bogota,Tarjeta Visa,228791,169
2025-11-27,Bogota,Credito Consumo,1342032,139
2025-11-27,Bogota,Microcredito,2483777,102
2025-11-27,Bogota,Microcredito,2899783,187
2025-11-27,Bogota,Libranza,2480577,184
2025-11-27,Bogota,Microcredito,4744246,177
2025-11-27,Bogota,Tarjeta Visa,1869392,197
2025-11-27,Bogota,Libranza,2121827,183
2025-11-27,Bogota,Libranza,1146455,116
2025-11-27,Bogota,Credito Consumo,134198,114
2025-11-27,Bogota,Credito Consumo,1067777,167
2025-11-27,Bogota,Tarjeta Visa,3038401,109
2025-11-27,Bogota,Libranza,1346584,160
2025-11-27,Bogota,Tarjeta Visa,2423310,138
2025-11-27,Bogota,Tarjeta Visa,2687397,190
2025-11-27,Bogota,Libranza,667874,145
2025-11-27,Bogota,Tarjeta Visa,3346176,159
2025-11-27,Bogota,Microcredito,4862406,129
2025-11-27,Bogota,Credito Consumo,503338,164
2025-11-27,Bogota,Tarjeta Visa,776714,112
2025-11-27,Bogota,Libranza,3218868,195
2025-11-27,Bogota,Libranza,2739334,152
2025-11-27,Bogota,Credito Consumo,4673100,142
2025-11-27,Bogota,Microcredito,914270,153
2025-11-27,Bogota,Credito Consumo,4278975,195
2025-11-27,Bogota,Libranza,230088,190
2025-11-27,Bogota,Libranza,2908009,128
2025-11-27,Bogota,Libranza,3511462,142
2025-11-27,Bogota,Libranza,3671231,140
2025-11-27,Bogota,Credito Consumo,525751,167
2025-11-27,Bogota,Microcredito,257477,168
2025-11-27,Bogota,Libranza,3415238,108
2025-11-27,Bogota,Tarjeta Visa,2326070,131
2025-11-27,Bogota,Tarjeta Visa,3834014,162
2025-11-27,Bogota,Libranza,3406767,112
2025-11-27,Bogota,Libranza,4144347,136
2025-11-27,Bogota,Microcredito,4217604,141
2025-11-27,Bogota,Microcredito,3576804,190
2025-11-27,Bogota,Tarjeta Visa,1490997,148
2025-11-27,Bogota,Microcredito,1662983,129
2025-11-27,Bogota,Credito Consumo,3460055,156
2025-11-27,Bogota,Credito Consumo,1187208,196
2025-11-27,Bogota,Tarjeta Visa,3074514,157
2025-11-27,Bogota,Libranza,281524,191
2025-11-27,Bogota,Microcredito,3154092,156
2025-11-27,Bogota,Microcredito,1180024,163
2025-11-27,Bogota,Libranza,3980683,112
2025-11-27,Bogota,Libranza,4993544,161
2025-11-27,Bogota,Credito Consumo,4509506,155
2025-11-27,Bogota,Libranza,1770250,149
2025-11-27,Bogota,Microcredito,130430,157
2025-11-27,Bogota,Microcredito,1817456,149
2025-11-27,Bogota,Credito Consumo,2026208,114
2025-11-27,Bogota,Credito Consumo,1961648,184
2025-11-27,Bogota,Microcredito,2944105,101
2025-11-27,Bogota,Tarjeta Visa,2911455,198
2025-11-27,Bogota,Microcredito,4777158,157
2025-11-27,Bogota,Microcredito,3982307,114
2025-11-27,Bogota,Libranza,3516385,162
2025-11-27,Bogota,Credito Consumo,3969297,161
2025-11-27,Bogota,Credito Consumo,4156579,150
2025-11-27,Bogota,Tarjeta Visa,4244714,107
2025-11-27,Bogota,Credito Consumo,678364,177
2025-11-27,Bogota,Libranza,2910945,173
2025-11-27,Bogota,Libranza,3901226,106
2025-11-27,Bogota,Libranza,2821924,107
2025-11-27,Bogota,Tarjeta Visa,2494707,198
2025-11-27,Bogota,Credito Consumo,3119965,119
2025-11-27,Bogota,Credito Consumo,3607988,107
2025-11-27,Bogota,Microcredito,517035,198
2025-11-27,Bogota,Microcredito,1246218,103
2025-11-27,Bogota,Libranza,1691907,153
2025-11-27,Bogota,Libranza,4281358,109
2025-11-27,Bogota,Tarjeta Visa,2721758,161
2025-11-27,Bogota,Credito Consumo,4700368,120
2025-11-27,Bogota,Tarjeta Visa,4126756,143
2025-11-27,Bogota,Tarjeta Visa,2778031,144
2025-11-27,Bogota,Microcredito,1634185,157
2025-11-27,Bogota,Tarjeta Visa,4258105,157
2025-11-27,Bogota,Credito Consumo,876343,129
2025-11-27,Bogota,Tarjeta Visa,2054903,142
2025-11-27,Bogota,Tarjeta Visa,3741287,183
2025-11-27,Bogota,Libranza,1701325,158
2025-11-27,Bogota,Libranza,2915955,110
2025-11-27,Bogota,Libranza,143837,172
2025-11-27,Bogota,Tarjeta Visa,4404253,171
2025-11-27,Bogota,Credito Consumo,1292381,190
2025-11-27,Bogota,Tarjeta Visa,3262602,182
2025-11-27,Bogota,Libranza,4571800,178
2025-11-27,Bogota,Credito Consumo,2952284,171
2025-11-27,Bogota,Microcredito,757586,107
2025-11-27,Bogota,Libranza,3028093,191
2025-11-27,Bogota,Libranza,2848935,160
2025-11-27,Bogota,Credito Consumo,4906007,170
2025-11-27,Bogota,Microcredito,3536798,195
2025-11-27,Bogota,Microcredito,4200225,171
2025-11-27,Bogota,Libranza,4083322,171
2025-11-27,Bogota,Credito Consumo,4195244,133
2025-11-27,Bogota,Microcredito,2313148,138
2025-11-27,Bogota,Libranza,1701060,183
2025-11-27,Bogota,Libranza,3777048,166
2025-11-27,Bogota,Libranza,3171252,165
2025-11-27,Bogota,Microcredito,2746942,169
2025-11-27,Bogota,Credito Consumo,1385977,145
2025-11-27,Bogota,Libranza,4857347,195
2025-11-27,Bogota,Tarjeta Visa,1883915,188
2025-11-27,Bogota,Microcredito,3082410,194
2025-11-27,Bogota,Libranza,1489818,169
2025-11-27,Bogota,Credito Consumo,3709691,189
2025-11-27,Bogota,Credito Consumo,2506376,154
2025-11-27,Bogota,Tarjeta Visa,4470434,167
2025-11-27,Bogota,Credito Consumo,3643632,189
2025-11-27,Bogota,Tarjeta Visa,1254839,175
2025-11-27,Bogota,Tarjeta Visa,4362220,109
2025-11-27,Bogota,Microcredito,2706280,180
2025-11-27,Bogota,Credito Consumo,3239287,174
2025-11-27,Bogota,Libranza,1788508,103
2025-11-27,Bogota,Microcredito,1734637,186
2025-11-27,Bogota,Microcredito,2640629,182
2025-11-27,Bogota,Microcredito,1978401,128
2025-11-27,Bogota,Tarjeta Visa,2258307,118
2025-11-27,Bogota,Tarjeta Visa,758561,178
2025-11-27,Bogota,Credito Consumo,3271940,145
2025-11-27,Bogota,Credito Consumo,2665884,184
2025-11-27,Bogota,Microcredito,3507229,107
2025-11-27,Bogota,Libranza,385984,110
2025-11-27,Bogota,Libranza,3385797,182
2025-11-27,Bogota,Tarjeta Visa,698280,174
2025-11-27,Bogota,Credito Consumo,3882944,197
2025-11-27,Bogota,Credito Consumo,4365257,108
2025-11-27,Bogota,Tarjeta Visa,1715566,113
2025-11-27,Bogota,Credito Consumo,1984593,165
2025-11-27,Bogota,Credito Consumo,2946722,193
2025-11-27,Bogota,Microcredito,3107522,190
2025-11-27,Bogota,Tarjeta Visa,931918,112
2025-11-27,Bogota,Tarjeta Visa,252832,154
2025-11-27,Bogota,Credito Consumo,2715771,147
2025-11-27,Bogota,Tarjeta Visa,208329,152
2025-11-27,Bogota,Microcredito,2676705,150
2025-11-27,Bogota,Libranza,4960755,130
2025-11-27,Bogota,Tarjeta Visa,4425103,179
2025-11-27,Bogota,Microcredito,3466538,104
2025-11-27,Bogota,Tarjeta Visa,3993818,189
2025-11-27,Bogota,Credito Consumo,2635146,164
2025-11-27,Bogota,Microcredito,4482058,104
2025-11-27,Bogota,Libranza,3492576,183
2025-11-27,Bogota,Libranza,3835809,170
2025-11-27,Bogota,Libranza,3280492,139
2025-11-27,Bogota,Tarjeta Visa,3626449,179
2025-11-27,Bogota,Credito Consumo,4178019,126
2025-11-27,Bogota,Libranza,4421431,143
2025-11-27,Bogota,Libranza,253228,119
2025-11-27,Bogota,Microcredito,1631859,135
2025-11-27,Bogota,Tarjeta Visa,1694886,131
2025-11-27,Bogota,Microcredito,2024841,109
2025-11-27,Bogota,Libranza,814557,149
2025-11-27,Bogota,Credito Consumo,4894968,116
2025-11-27,Bogota,Microcredito,1452891,195
2025-11-27,Bogota,Libranza,2752557,117
2025-11-27,Bogota,Libranza,1522441,182
2025-11-27,Bogota,Libranza,2912774,162
2025-11-27,Bogota,Microcredito,4957931,125
2025-11-27,Bogota,Libranza,257078,135
2025-11-27,Bogota,Credito Consumo,3355934,107
2025-11-27,Bogota,Credito Consumo,1390942,144
2025-11-27,Bogota,Libranza,1007814,174
2025-11-27,Bogota,Libranza,528759,198
2025-11-27,Bogota,Credito Consumo,2203062,168
2025-11-27,Bogota,Credito Consumo,739229,194
2025-11-27,Bogota,Credito Consumo,4302736,167
2025-11-27,Bogota,Microcredito,4480776,109
2025-11-27,Bogota,Credito Consumo,1845938,174
2025-11-27,Bogota,Tarjeta Visa,976769,121
2025-11-27,Bogota,Credito Consumo,1934748,197
2025-11-27,Bogota,Microcredito,4849238,150
2025-11-27,Bogota,Libranza,1808508,136
2025-11-27,Bogota,Libranza,1599855,137
2025-11-27,Bogota,Tarjeta Visa,270803,133
2025-11-27,Bogota,Libranza,2820742,119
2025-11-27,Bogota,Microcredito,3443477,160
2025-11-27,Bogota,Tarjeta Visa,1290913,164
2025-11-27,Bogota,Credito Consumo,231034,104
2025-11-27,Bogota,Libranza,2612009,185
2025-11-27,Bogota,Tarjeta Visa,1726822,159
2025-11-27,Bogota,Microcredito,2584027,188
2025-11-27,Bogota,Microcredito,3216004,188
2025-11-27,Bogota,Credito Consumo,2168635,181
2025-11-27,Bogota,Credito Consumo,4215169,116
2025-11-27,Bogota,Microcredito,679082,165
2025-11-27,Bogota,Credito Consumo,4001882,147
2025-11-27,Bogota,Microcredito,2024326,187
2025-11-27,Bogota,Tarjeta Visa,4150669,106
2025-11-27,Bogota,Libranza,4060792,127
2025-11-27,Bogota,Microcredito,2693614,139
2025-11-27,Bogota,Microcredito,3732857,158
2025-11-27,Bogota,Libranza,2092983,126
2025-11-27,Bogota,Tarjeta Visa,3044111,153
2025-11-27,Bogota,Libranza,3049247,121
2025-11-27,Bogota,Credito Consumo,3035596,118
2025-11-27,Bogota,Libranza,2667034,183
2025-11-27,Bogota,Microcredito,631767,184
2025-11-27,Bogota,Microcredito,4173243,124
2025-11-27,Bogota,Libranza,1834860,154
2025-11-27,Bogota,Libranza,2291474,180
2025-11-27,Bogota,Libranza,2643383,149
2025-11-27,Bogota,Credito Consumo,3599503,144
2025-11-27,Bogota,Credito Consumo,259350,142
2025-11-27,Bogota,Tarjeta Visa,1830118,111
2025-11-27,Bogota,Credito Consumo,3483878,101
2025-11-27,Bogota,Credito Consumo,2924879,191
2025-11-27,Bogota,Credito Consumo,4886500,134
2025-11-27,Bogota,Microcredito,266821,145
2025-11-27,Bogota,Libranza,4440268,150
2025-11-27,Bogota,Libranza,2281263,120
2025-11-27,Bogota,Tarjeta Visa,1535581,156
2025-11-27,Bogota,Microcredito,3064309,120
2025-11-27,Bogota,Tarjeta Visa,2345609,174
2025-11-27,Bogota,Microcredito,4867717,153
2025-11-27,Bogota,Libranza,4153052,132
2025-11-27,Bogota,Tarjeta Visa,467405,196
2025-11-27,Bogota,Libranza,2790528,154
2025-11-27,Bogota,Tarjeta Visa,2600606,171
2025-11-27,Bogota,Microcredito,593194,195
2025-11-27,Bogota,Credito Consumo,3450013,166
2025-11-27,Bogota,Microcredito,4077356,164
2025-11-27,Bogota,Credito Consumo,4166234,156
2025-11-27,Bogota,Tarjeta Visa,1134016,129
2025-11-27,Bogota,Libranza,740864,130
2025-11-27,Bogota,Microcredito,3172176,141
2025-11-27,Bogota,Credito Consumo,565520,142
2025-11-27,Bogota,Credito Consumo,2340460,123
2025-11-27,Bogota,Microcredito,583402,113
2025-11-27,Bogota,Tarjeta Visa,106508,102
2025-11-27,Bogota,Libranza,2892399,111
2025-11-27,Bogota,Libranza,2699068,162
2025-11-27,Bogota,Credito Consumo,3925225,157
2025-11-27,Bogota,Microcredito,3417660,108
2025-11-27,Bogota,Libranza,3042551,123
2025-11-27,Bogota,Tarjeta Visa,939928,166
2025-11-27,Bogota,Libranza,4473641,123
2025-11-27,Bogota,Microcredito,2183503,152
2025-11-27,Bogota,Tarjeta Visa,4563940,154
2025-11-27,Bogota,Tarjeta Visa,1272711,160
2025-11-27,Bogota,Microcredito,2298452,147
2025-11-27,Bogota,Microcredito,1184647,145
2025-11-27,Bogota,Credito Consumo,2961812,179
2025-11-27,Bogota,Libranza,1801208,112
2025-11-27,Bogota,Credito Consumo,4887789,185
2025-11-27,Bogota,Libranza,801123,116
2025-11-27,Bogota,Credito Consumo,2677917,141
2025-11-27,Bogota,Credito Consumo,2198871,191
2025-11-27,Bogota,Tarjeta Visa,2929321,130
2025-11-27,Bogota,Microcredito,1730155,182
2025-11-27,Bogota,Microcredito,4590558,182
2025-11-27,Bogota,Credito Consumo,905399,138
2025-11-27,Bogota,Libranza,2110638,138
2025-11-27,Bogota,Libranza,709753,180
2025-11-27,Bogota,Microcredito,2316607,146
2025-11-27,Bogota,Microcredito,2088987,101
2025-11-27,Bogota,Tarjeta Visa,2310285,193
2025-11-27,Bogota,Microcredito,604560,115
2025-11-27,Bogota,Tarjeta Visa,2658437,102
2025-11-27,Bogota,Microcredito,2782460,170
2025-11-27,Bogota,Microcredito,973359,100
2025-11-27,Bogota,Credito Consumo,3844005,114
2025-11-27,Bogota,Tarjeta Visa,1172808,137
2025-11-27,Bogota,Libranza,2353210,182
2025-11-27,Bogota,Tarjeta Visa,3057790,183
2025-11-27,Bogota,Libranza,3169415,176
2025-11-27,Bogota,Libranza,1928391,130
2025-11-27,Bogota,Tarjeta Visa,518973,193
2025-11-27,Bogota,Microcredito,4437733,150
2025-11-27,Bogota,Credito Consumo,1323682,134
2025-11-27,Bogota,Credito Consumo,4148356,143
2025-11-27,Bogota,Credito Consumo,326890,152
2025-11-27,Bogota,Credito Consumo,2106833,113
2025-11-27,Bogota,Microcredito,996807,167
2025-11-27,Bogota,Libranza,419175,195
2025-11-27,Bogota,Microcredito,1683475,108
2025-11-27,Bogota,Tarjeta Visa,3963485,165
2025-11-27,Bogota,Libranza,3924086,131
2025-11-27,Bogota,Libranza,4792326,105
2025-11-27,Bogota,Libranza,3385218,158
2025-11-27,Bogota,Microcredito,4868699,101
2025-11-27,Bogota,Credito Consumo,3745566,153
2025-11-27,Bogota,Tarjeta Visa,4972120,100
2025-11-27,Bogota,Microcredito,3250807,123
2025-11-27,Bogota,Microcredito,684807,113
2025-11-27,Bogota,Microcredito,2034112,128
2025-11-27,Bogota,Libranza,4284648,118
2025-11-27,Bogota,Tarjeta Visa,3519251,119
2025-11-27,Bogota,Credito Consumo,583785,108
2025-11-27,Bogota,Credito Consumo,4116422,191
2025-11-27,Bogota,Libranza,2086886,143
2025-11-27,Bogota,Tarjeta Visa,1681948,196
2025-11-27,Bogota,Credito Consumo,2078848,152
2025-11-27,Bogota,Libranza,930007,179
2025-11-27,Bogota,Tarjeta Visa,1132813,130
2025-11-27,Bogota,Microcredito,1956682,102
2025-11-27,Bogota,Tarjeta Visa,4106294,145
2025-11-27,Bogota,Tarjeta Visa,1605211,186
2025-11-27,Bogota,Microcredito,4714532,129
2025-11-27,Bogota,Microcredito,695825,117
2025-11-27,Bogota,Tarjeta Visa,651155,164
2025-11-27,Bogota,Tarjeta Visa,4404320,175
2025-11-27,Bogota,Microcredito,3518603,155
2025-11-27,Bogota,Tarjeta Visa,802080,178
2025-11-27,Bogota,Tarjeta Visa,1698136,150
2025-11-27,Bogota,Microcredito,2798540,116
2025-11-27,Bogota,Credito Consumo,1126920,108
2025-11-27,Bogota,Credito Consumo,164775,110
2025-11-27,Bogota,Microcredito,4774214,161
2025-11-27,Bogota,Microcredito,626626,108
2025-11-27,Bogota,Credito Consumo,1676981,193
2025-11-27,Bogota,Microcredito,1745634,132
2025-11-27,Bogota,Credito Consumo,3185091,147
2025-11-27,Bogota,Credito Consumo,1707422,102
2025-11-27,Bogota,Tarjeta Visa,3338348,198
2025-11-27,Bogota,Microcredito,3806837,133
2025-11-27,Bogota,Libranza,2072250,194
2025-11-27,Bogota,Tarjeta Visa,153867,142
2025-11-27,Bogota,Tarjeta Visa,3175254,136
2025-11-27,Bogota,Tarjeta Visa,1168305,166
2025-11-27,Bogota,Microcredito,1969421,195
2025-11-27,Bogota,Libranza,3730599,109
2025-11-27,Bogota,Microcredito,1610027,168
2025-11-27,Bogota,Credito Consumo,4721725,116
2025-11-27,Bogota,Libranza,683890,137
2025-11-27,Bogota,Tarjeta Visa,3059280,146
2025-11-27,Bogota,Tarjeta Visa,512505,138
2025-11-27,Bogota,Libranza,1288300,190
2025-11-27,Bogota,Libranza,3888012,160
2025-11-27,Bogota,Microcredito,576954,101
2025-11-27,Bogota,Libranza,1454817,104
2025-11-27,Bogota,Libranza,2503366,116
2025-11-27,Bogota,Credito Consumo,3689718,147
2025-11-27,Bogota,Tarjeta Visa,1018626,198
2025-11-27,Bogota,Libranza,3942127,123
2025-11-27,Bogota,Libranza,2612122,167
2025-11-27,Bogota,Microcredito,3586734,125
2025-11-27,Bogota,Credito Consumo,3538868,114
2025-11-27,Bogota,Tarjeta Visa,3247400,119
2025-11-27,Bogota,Credito Consumo,2792270,166
2025-11-27,Bogota,Libranza,3333578,128
2025-11-27,Bogota,Tarjeta Visa,384371,123
2025-11-27,Bogota,Credito Consumo,907935,128
2025-11-27,Bogota,Libranza,737960,188
2025-11-27,Bogota,Credito Consumo,487579,120
2025-11-27,Bogota,Credito Consumo,3039029,195
2025-11-27,Bogota,Microcredito,2875748,126
2025-11-27,Bogota,Tarjeta Visa,1600850,154
2025-11-27,Bogota,Libranza,4526890,120
2025-11-27,Bogota,Credito Consumo,3177737,100
2025-11-27,Bogota,Libranza,570700,193
2025-11-27,Bogota,Credito Consumo,2766233,123
2025-11-27,Bogota,Libranza,2349819,198
2025-11-27,Bogota,Credito Consumo,4395854,109
2025-11-27,Bogota,Credito Consumo,3931289,188
2025-11-27,Bogota,Microcredito,2374394,151
2025-11-27,Bogota,Credito Consumo,4284192,156
2025-11-27,Bogota,Libranza,1709889,126
2025-11-27,Bogota,Microcredito,2913439,109
2025-11-27,Bogota,Microcredito,718353,188
2025-11-27,Bogota,Credito Consumo,1704034,164
2025-11-27,Bogota,Tarjeta Visa,1760916,175
2025-11-27,Bogota,Libranza,1429481,182
2025-11-27,Bogota,Microcredito,2355546,194
2025-11-27,Bogota,Libranza,3874207,179
2025-11-27,Bogota,Tarjeta Visa,2077764,137
2025-11-27,Bogota,Microcredito,2260441,110
2025-11-27,Bogota,Libranza,452142,168
2025-11-27,Bogota,Credito Consumo,1399066,167
2025-11-27,Bogota,Libranza,4355254,117
2025-11-27,Bogota,Libranza,2728159,148
2025-11-27,Bogota,Libranza,2070464,107
2025-11-27,Bogota,Microcredito,689204,184
2025-11-27,Bogota,Credito Consumo,2404169,125
2025-11-27,Bogota,Microcredito,3233342,196
2025-11-27,Bogota,Credito Consumo,1612551,152
2025-11-27,Bogota,Tarjeta Visa,3728260,123
2025-11-27,Bogota,Credito Consumo,2768607,164
2025-11-27,Bogota,Tarjeta Visa,2502863,162
2025-11-27,Bogota,Microcredito,4652453,135
2025-11-27,Bogota,Tarjeta Visa,4167971,134
2025-11-27,Bogota,Credito Consumo,4455872,120
2025-11-27,Bogota,Tarjeta Visa,1932013,130
2025-11-27,Bogota,Microcredito,1704249,189
2025-11-27,Bogota,Tarjeta Visa,301047,173
2025-11-27,Bogota,Microcredito,4599729,145
2025-11-27,Bogota,Microcredito,3926129,123
2025-11-27,Bogota,Microcredito,4694642,149
2025-11-27,Bogota,Libranza,2745443,133
2025-11-27,Bogota,Microcredito,4178468,140
2025-11-27,Bogota,Credito Consumo,1385240,139
2025-11-27,Bogota,Credito Consumo,4956086,125
2025-11-27,Bogota,Libranza,4236194,171
2025-11-27,Bogota,Credito Consumo,1137499,171
2025-11-27,Bogota,Credito Consumo,1197169,151
2025-11-27,Bogota,Libranza,4613978,127
2025-11-27,Bogota,Credito Consumo,503072,173
2025-11-27,Bogota,Libranza,2914222,100
2025-11-27,Bogota,Libranza,4524267,177
2025-11-27,Bogota,Tarjeta Visa,697596,116
2025-11-27,Bogota,Libranza,3011641,108
2025-11-27,Bogota,Tarjeta Visa,4752021,127
2025-11-27,Bogota,Tarjeta Visa,4101306,147
2025-11-27,Bogota,Libranza,4153834,157
2025-11-27,Bogota,Libranza,4740049,157
2025-11-27,Bogota,Libranza,2153293,109
2025-11-27,Bogota,Credito Consumo,2837055,143
2025-11-27,Bogota,Credito Consumo,1574837,123
2025-11-27,Bogota,Microcredito,1383596,156
2025-11-27,Bogota,Microcredito,2218889,177
2025-11-27,Bogota,Libranza,861579,175
2025-11-27,Bogota,Tarjeta Visa,2316866,189
2025-11-27,Bogota,Credito Consumo,2477814,146
2025-11-27,Bogota,Tarjeta Visa,1477290,184
2025-11-27,Bogota,Libranza,1024850,106
2025-11-27,Bogota,Libranza,240005,102
2025-11-27,Bogota,Libranza,2855416,184
2025-11-27,Bogota,Microcredito,831241,193
2025-11-27,Bogota,Libranza,1361868,132
2025-11-27,Bogota,Libranza,3936566,106
2025-11-27,Bogota,Tarjeta Visa,1367393,156
2025-11-27,Bogota,Libranza,4469541,148
2025-11-27,Bogota,Microcredito,4162621,138
2025-11-27,Bogota,Microcredito,4160947,170
2025-11-27,Bogota,Credito Consumo,4011161,141
2025-11-27,Bogota,Microcredito,2809419,119
2025-11-27,Bogota,Libranza,3911423,198
2025-11-27,Bogota,Tarjeta Visa,3985778,125
2025-11-27,Bogota,Libranza,2604785,185
2025-11-27,Bogota,Microcredito,3222533,172
2025-11-27,Bogota,Credito Consumo,3475601,173
2025-11-27,Bogota,Libranza,2898247,140
2025-11-27,Bogota,Credito Consumo,1682658,121
2025-11-27,Bogota,Credito Consumo,1726627,145
2025-11-27,Bogota,Credito Consumo,1997026,143
2025-11-27,Bogota,Libranza,1087430,180
2025-11-27,Bogota,Libranza,4300599,187
2025-11-27,Bogota,Microcredito,4107547,170
2025-11-27,Bogota,Tarjeta Visa,218271,155
2025-11-27,Bogota,Credito Consumo,4660866,106
2025-11-27,Bogota,Credito Consumo,4096435,139
2025-11-27,Bogota,Tarjeta Visa,2878212,184
2025-11-27,Bogota,Tarjeta Visa,499665,166
2025-11-27,Bogota,Libranza,4363258,101
2025-11-27,Bogota,Libranza,3996945,178
2025-11-27,Bogota,Microcredito,3280269,113
2025-11-27,Bogota,Credito Consumo,971006,109
2025-11-27,Bogota,Tarjeta Visa,1876114,104
2025-11-27,Bogota,Credito Consumo,3351815,121
2025-11-27,Bogota,Tarjeta Visa,1371305,185
2025-11-27,Bogota,Microcredito,4207233,110
2025-11-27,Bogota,Libranza,524728,143
2025-11-27,Bogota,Libranza,2994090,135
2025-11-27,Bogota,Credito Consumo,724152,166
2025-11-27,Bogota,Tarjeta Visa,2371195,177
2025-11-27,Bogota,Libranza,245067,143
2025-11-27,Bogota,Microcredito,1807651,151
2025-11-27,Bogota,Tarjeta Visa,2874797,111
2025-11-27,Bogota,Tarjeta Visa,606536,179
2025-11-27,Bogota,Microcredito,1531066,193
2025-11-27,Bogota,Libranza,2180212,184
2025-11-27,Bogota,Tarjeta Visa,2543853,144
2025-11-27,Bogota,Tarjeta Visa,3637582,105
2025-11-27,Bogota,Libranza,1445478,124
2025-11-27,Bogota,Credito Consumo,889599,153
2025-11-27,Bogota,Tarjeta Visa,520157,152
2025-11-27,Bogota,Credito Consumo,2385000,112
2025-11-27,Bogota,Credito Consumo,3731793,174
2025-11-27,Bogota,Tarjeta Visa,4737850,145
2025-11-27,Bogota,Libranza,3439688,149
2025-11-27,Bogota,Libranza,2431781,137
2025-11-27,Bogota,Credito Consumo,3369271,156
2025-11-27,Bogota,Microcredito,2512744,112
2025-11-27,Bogota,Credito Consumo,4373838,191
2025-11-27,Bogota,Libranza,3418091,173
2025-11-27,Bogota,Microcredito,4516795,177
2025-11-27,Bogota,Credito Consumo,1009047,127
2025-11-27,Bogota,Credito Consumo,2233303,155
2025-11-27,Bogota,Credito Consumo,4521688,177
2025-11-27,Bogota,Libranza,3196408,118
2025-11-27,Bogota,Microcredito,530821,171
2025-11-27,Bogota,Libranza,2570965,120
2025-11-27,Bogota,Libranza,2536945,113
2025-11-27,Bogota,Credito Consumo,3487842,178
2025-11-27,Bogota,Libranza,198823,115
2025-11-27,Bogota,Tarjeta Visa,1217467,159
2025-11-27,Bogota,Microcredito,547892,113
2025-11-27,Bogota,Tarjeta Visa,1557980,114
2025-11-27,Bogota,Libranza,1709844,198
2025-11-27,Bogota,Tarjeta Visa,3023904,172
2025-11-27,Bogota,Libranza,2680177,135
2025-11-27,Bogota,Microcredito,4218352,185
2025-11-27,Bogota,Microcredito,3549120,172
2025-11-27,Bogota,Libranza,349234,135
2025-11-27,Bogota,Microcredito,2502515,154
2025-11-27,Bogota,Credito Consumo,1811605,121
2025-11-27,Bogota,Microcredito,465790,103
2025-11-27,Bogota,Credito Consumo,174360,136
2025-11-27,Bogota,Microcredito,3846695,103
2025-11-27,Bogota,Credito Consumo,4841001,152
2025-11-27,Bogota,Credito Consumo,4340436,188
2025-11-27,Bogota,Microcredito,1141321,173
2025-11-27,Bogota,Libranza,1348049,137
2025-11-27,Bogota,Credito Consumo,3929445,109
2025-11-27,Bogota,Credito Consumo,2486916,168
2025-11-27,Bogota,Tarjeta Visa,1733085,160
2025-11-27,Bogota,Credito Consumo,3008602,168
2025-11-27,Bogota,Microcredito,4851318,156
2025-11-27,Bogota,Libranza,2194726,139
2025-11-27,Bogota,Microcredito,639007,115
2025-11-27,Bogota,Tarjeta Visa,3679872,104
2025-11-27,Bogota,Tarjeta Visa,1550437,180
2025-11-27,Bogota,Libranza,4946091,185
2025-11-27,Bogota,Credito Consumo,945417,126
2025-11-27,Bogota,Libranza,3508545,101
2025-11-27,Bogota,Libranza,355050,108
2025-11-27,Bogota,Credito Consumo,3288730,155
2025-11-27,Bogota,Libranza,4037957,145
2025-11-27,Bogota,Microcredito,1706217,159
2025-11-27,Bogota,Credito Consumo,2172482,106
2025-11-27,Bogota,Libranza,962490,111
2025-11-27,Bogota,Libranza,4214913,154
2025-11-27,Bogota,Libranza,2949706,154
2025-11-27,Bogota,Microcredito,3360999,133
2025-11-27,Bogota,Microcredito,3989499,105
2025-11-27,Bogota,Libranza,4660125,189
2025-11-27,Bogota,Tarjeta Visa,1981198,158
2025-11-27,Bogota,Credito Consumo,3465276,166
2025-11-27,Bogota,Microcredito,2954105,159
2025-11-27,Bogota,Tarjeta Visa,4775409,156
2025-11-27,Bogota,Libranza,1212193,175
2025-11-27,Bogota,Credito Consumo,3179625,121
2025-11-27,Bogota,Tarjeta Visa,2577866,178
2025-11-27,Bogota,Microcredito,1758792,107
2025-11-27,Bogota,Libranza,692332,131
2025-11-27,Bogota,Tarjeta Visa,3466011,198
2025-11-27,Bogota,Libranza,408264,115
2025-11-27,Bogota,Microcredito,4876462,144
2025-11-27,Bogota,Credito Consumo,2949167,161
2025-11-27,Bogota,Libranza,256935,188
2025-11-27,Bogota,Credito Consumo,374140,146
2025-11-27,Bogota,Libranza,1897047,163
2025-11-27,Bogota,Microcredito,4442391,131
2025-11-27,Bogota,Credito Consumo,3233419,195
2025-11-27,Bogota,Tarjeta Visa,3463747,149
2025-11-27,Bogota,Tarjeta Visa,2054080,111
2025-11-27,Bogota,Credito Consumo,2835698,145
2025-11-27,Bogota,Microcredito,290122,131
2025-11-27,Bogota,Tarjeta Visa,2962947,107
2025-11-27,Bogota,Credito Consumo,1771570,116
2025-11-27,Bogota,Credito Consumo,2228036,160
2025-11-27,Bogota,Tarjeta Visa,4504080,182
2025-11-27,Bogota,Microcredito,2452831,151
2025-11-27,Bogota,Tarjeta Visa,4671694,136
2025-11-27,Bogota,Libranza,3993120,118
2025-11-27,Bogota,Libranza,2755723,153
2025-11-27,Bogota,Credito Consumo,4191943,127
2025-11-27,Bogota,Tarjeta Visa,592069,161
2025-11-27,Bogota,Credito Consumo,3850798,111
2025-11-27,Bogota,Libranza,4773222,136
2025-11-27,Bogota,Libranza,2275061,116
2025-11-27,Bogota,Tarjeta Visa,2319803,137
2025-11-27,Bogota,Libranza,845731,192
2025-11-27,Bogota,Microcredito,2015332,189
2025-11-27,Bogota,Libranza,1367865,147
2025-11-27,Bogota,Libranza,2025284,102
2025-11-27,Bogota,Microcredito,4063889,128
2025-11-27,Bogota,Libranza,3149539,144
2025-11-27,Bogota,Tarjeta Visa,3159320,172
2025-11-27,Bogota,Microcredito,4777123,101
2025-11-27,Bogota,Credito Consumo,4524008,177
2025-11-27,Bogota,Credito Consumo,1905709,125
2025-11-27,Bogota,Tarjeta Visa,4836299,114
2025-11-27,Bogota,Credito Consumo,1341199,121
2025-11-27,Bogota,Microcredito,1930032,150
2025-11-27,Bogota,Microcredito,4837425,169
2025-11-27,Bogota,Libranza,1853076,127
2025-11-27,Bogota,Credito Consumo,1412682,167
2025-11-27,Bogota,Microcredito,312725,166
2025-11-27,Bogota,Tarjeta Visa,3308976,137
2025-11-27,Bogota,Libranza,2709488,121
2025-11-27,Bogota,Libranza,525013,138
2025-11-27,Bogota,Libranza,2927716,181
2025-11-27,Bogota,Tarjeta Visa,4497174,120
2025-11-27,Bogota,Microcredito,1631842,198
2025-11-27,Bogota,Credito Consumo,133764,166
2025-11-27,Bogota,Tarjeta Visa,3097027,177
2025-11-27,Bogota,Credito Consumo,760994,111
2025-11-27,Bogota,Libranza,1909347,195
2025-11-27,Bogota,Tarjeta Visa,2920079,118
2025-11-27,Bogota,Libranza,3785608,146
2025-11-27,Bogota,Tarjeta Visa,1697588,152
2025-11-27,Bogota,Tarjeta Visa,2255854,146
2025-11-27,Bogota,Credito Consumo,3728288,125
2025-11-27,Bogota,Credito Consumo,3042254,147
2025-11-27,Bogota,Libranza,3777926,168
2025-11-27,Bogota,Tarjeta Visa,2155116,169
2025-11-27,Bogota,Microcredito,1964445,184
2025-11-27,Bogota,Tarjeta Visa,681419,138
2025-11-27,Bogota,Credito Consumo,3740463,184
2025-11-27,Bogota,Microcredito,488261,191
2025-11-27,Bogota,Microcredito,4928205,141
2025-11-27,Bogota,Tarjeta Visa,4036110,159
2025-11-27,Bogota,Tarjeta Visa,4541894,181
2025-11-27,Bogota,Credito Consumo,652207,192
2025-11-27,Bogota,Credito Consumo,2111664,190
2025-11-27,Bogota,Libranza,3669003,123
2025-11-27,Bogota,Credito Consumo,3102708,179
2025-11-27,Bogota,Credito Consumo,4122177,176
2025-11-27,Bogota,Tarjeta Visa,3971308,179
2025-11-27,Bogota,Credito Consumo,1301287,169
2025-11-27,Bogota,Tarjeta Visa,3622683,129
2025-11-27,Bogota,Microcredito,2333956,168
2025-11-27,Bogota,Libranza,3835843,130
2025-11-27,Bogota,Tarjeta Visa,2340460,102
2025-11-27,Bogota,Microcredito,4532728,181
2025-11-27,Bogota,Credito Consumo,2637292,109
2025-11-27,Bogota,Microcredito,3652882,109
2025-11-27,Bogota,Libranza,103011,129
2025-11-27,Bogota,Microcredito,4823958,178
2025-11-27,Bogota,Credito Consumo,702311,193
2025-11-27,Bogota,Libranza,3846605,134
2025-11-27,Bogota,Libranza,1360934,139
2025-11-27,Bogota,Libranza,3217734,128
2025-11-27,Bogota,Tarjeta Visa,1214686,108
2025-11-27,Bogota,Credito Consumo,2321618,121
2025-11-27,Bogota,Tarjeta Visa,1742575,166
2025-11-27,Bogota,Libranza,3149791,147
2025-11-27,Bogota,Credito Consumo,943817,178
2025-11-27,Bogota,Credito Consumo,3572961,177
2025-11-27,Bogota,Microcredito,1179980,184
2025-11-27,Bogota,Libranza,3225614,163
2025-11-27,Bogota,Microcredito,564803,116
2025-11-27,Bogota,Libranza,1401661,100
2025-11-27,Bogota,Credito Consumo,3480269,113
2025-11-27,Bogota,Libranza,1601179,193
2025-11-27,Bogota,Tarjeta Visa,692876,184
2025-11-27,Bogota,Libranza,3740280,148
2025-11-27,Bogota,Credito Consumo,4398223,125
2025-11-27,Bogota,Credito Consumo,560568,147
2025-11-27,Bogota,Microcredito,2657466,190
2025-11-27,Bogota,Credito Consumo,2427172,121
2025-11-27,Bogota,Credito Consumo,576627,135
2025-11-27,Bogota,Microcredito,4868157,179
2025-11-27,Bogota,Libranza,4560528,122
2025-11-27,Bogota,Libranza,4688810,156
2025-11-27,Bogota,Credito Consumo,994831,129
2025-11-27,Bogota,Tarjeta Visa,1600449,178
2025-11-27,Bogota,Tarjeta Visa,1060090,171
2025-11-27,Bogota,Tarjeta Visa,1817486,147
2025-11-27,Bogota,Credito Consumo,846979,175
2025-11-27,Bogota,Libranza,4343878,103
2025-11-27,Bogota,Credito Consumo,3344904,133
2025-11-27,Bogota,Tarjeta Visa,3204350,114
2025-11-27,Bogota,Microcredito,1388601,131
2025-11-27,Bogota,Credito Consumo,2178042,120
2025-11-27,Bogota,Tarjeta Visa,4485810,110
2025-11-27,Bogota,Credito Consumo,1810855,193
2025-11-27,Bogota,Tarjeta Visa,967598,156
2025-11-27,Bogota,Microcredito,3118768,145
2025-11-27,Bogota,Libranza,4208709,169
2025-11-27,Bogota,Microcredito,3036804,169
2025-11-27,Bogota,Tarjeta Visa,2320001,160
2025-11-27,Bogota,Tarjeta Visa,1580605,190
2025-11-27,Bogota,Libranza,3256525,193
2025-11-27,Bogota,Tarjeta Visa,1521398,100
2025-11-27,Bogota,Tarjeta Visa,2956480,186
2025-11-27,Bogota,Libranza,2743828,116
2025-11-27,Bogota,Credito Consumo,2836584,176
2025-11-27,Bogota,Credito Consumo,1534654,162
2025-11-27,Bogota,Libranza,1949000,182
2025-11-27,Bogota,Tarjeta Visa,560387,198
2025-11-27,Bogota,Libranza,2740261,136
2025-11-27,Bogota,Microcredito,1384508,161
2025-11-27,Bogota,Tarjeta Visa,3303349,150
2025-11-27,Bogota,Microcredito,3012106,176
2025-11-27,Bogota,Microcredito,1705643,110
2025-11-27,Bogota,Microcredito,858197,113
2025-11-27,Bogota,Microcredito,4738379,135
2025-11-27,Bogota,Credito Consumo,3824815,151
2025-11-27,Bogota,Libranza,3829669,171
2025-11-27,Bogota,Libranza,881866,131
2025-11-27,Bogota,Microcredito,970788,174
2025-11-27,Bogota,Libranza,228187,131
2025-11-27,Bogota,Credito Consumo,3265133,120
2025-11-27,Bogota,Tarjeta Visa,3090298,168
2025-11-27,Bogota,Credito Consumo,655748,189
2025-11-27,Bogota,Tarjeta Visa,647465,112
2025-11-27,Bogota,Microcredito,1884202,173
2025-11-27,Bogota,Microcredito,1277942,148
2025-11-27,Bogota,Tarjeta Visa,1819526,191
2025-11-27,Bogota,Tarjeta Visa,4748573,195
2025-11-27,Bogota,Microcredito,1414504,108
2025-11-27,Bogota,Credito Consumo,1677909,112
2025-11-27,Bogota,Credito Consumo,3063054,126
2025-11-27,Bogota,Tarjeta Visa,4801145,169
2025-11-27,Bogota,Tarjeta Visa,4657617,126
2025-11-27,Bogota,Microcredito,4444849,150
2025-11-27,Bogota,Tarjeta Visa,4180925,122
2025-11-27,Bogota,Microcredito,2734901,147
2025-11-27,Bogota,Microcredito,173469,109
2025-11-27,Bogota,Microcredito,4856524,122
2025-11-27,Bogota,Tarjeta Visa,3028127,133
2025-11-27,Bogota,Tarjeta Visa,4002784,168
2025-11-27,Bogota,Tarjeta Visa,998473,148
2025-11-27,Bogota,Tarjeta Visa,2429292,144
2025-11-27,Bogota,Microcredito,4790076,138
2025-11-27,Bogota,Libranza,4389148,100
2025-11-27,Bogota,Microcredito,1873545,125
2025-11-27,Bogota,Microcredito,2683194,194
2025-11-27,Bogota,Libranza,4811802,134
2025-11-27,Bogota,Libranza,3160149,158
2025-11-27,Bogota,Microcredito,420998,110
2025-11-27,Bogota,Credito Consumo,4023035,197
2025-11-27,Bogota,Microcredito,3226574,176
2025-11-27,Bogota,Microcredito,3831899,195
2025-11-27,Bogota,Tarjeta Visa,1863216,184
2025-11-27,Bogota,Microcredito,2297838,169
2025-11-27,Bogota,Libranza,3036342,168
2025-11-27,Bogota,Tarjeta Visa,2411159,141
2025-11-27,Bogota,Tarjeta Visa,3139787,139
2025-11-27,Bogota,Microcredito,3204217,142
2025-11-27,Bogota,Credito Consumo,1076494,123
2025-11-27,Bogota,Libranza,1330273,105
2025-11-27,Bogota,Libranza,4266954,128
2025-11-27,Bogota,Libranza,4615496,160
2025-11-27,Bogota,Microcredito,3559585,161
2025-11-27,Bogota,Microcredito,2594946,102
2025-11-27,Bogota,Credito Consumo,2256951,153
2025-11-27,Bogota,Tarjeta Visa,4402945,164
2025-11-27,Bogota,Libranza,2146065,189
2025-11-27,Bogota,Tarjeta Visa,1213760,185
2025-11-27,Bogota,Microcredito,1866042,104
2025-11-27,Bogota,Credito Consumo,3660631,150
2025-11-27,Bogota,Credito Consumo,1728152,115
2025-11-27,Bogota,Credito Consumo,1805337,129
2025-11-27,Bogota,Credito Consumo,2331682,147
2025-11-27,Bogota,Microcredito,1837482,113
2025-11-27,Bogota,Credito Consumo,4927147,172
2025-11-27,Bogota,Credito Consumo,1598691,148
2025-11-27,Bogota,Libranza,3380501,157
2025-11-27,Bogota,Credito Consumo,2047428,164
2025-11-27,Bogota,Credito Consumo,4415518,135
2025-11-27,Bogota,Libranza,3897864,196
2025-11-27,Bogota,Credito Consumo,295872,101
2025-11-27,Bogota,Credito Consumo,2955435,190
2025-11-27,Bogota,Tarjeta Visa,146877,116
2025-11-27,Bogota,Microcredito,2341771,131
2025-11-27,Bogota,Libranza,4498321,181
2025-11-27,Bogota,Tarjeta Visa,4152125,105
2025-11-27,Bogota,Credito Consumo,3387671,154
2025-11-27,Bogota,Credito Consumo,2316527,169
2025-11-27,Bogota,Microcredito,366641,176
2025-11-27,Bogota,Libranza,1946753,189
2025-11-27,Bogota,Libranza,1393853,149
2025-11-27,Bogota,Tarjeta Visa,3525946,156
2025-11-27,Bogota,Tarjeta Visa,1028221,195
2025-11-27,Bogota,Libranza,2557436,150
2025-11-27,Bogota,Microcredito,2996432,191
2025-11-27,Bogota,Credito Consumo,1710498,121
2025-11-27,Bogota,Tarjeta Visa,4194915,133
2025-11-27,Bogota,Credito Consumo,2008411,160
2025-11-27,Bogota,Microcredito,3047427,184
2025-11-27,Bogota,Libranza,1293131,101
2025-11-27,Bogota,Libranza,279866,107
2025-11-27,Bogota,Tarjeta Visa,4627314,147
2025-11-27,Bogota,Libranza,2651187,180
2025-11-27,Bogota,Tarjeta Visa,2620298,168
2025-11-27,Bogota,Tarjeta Visa,2640042,146
2025-11-27,Bogota,Credito Consumo,2786731,197
2025-11-27,Bogota,Credito Consumo,2471088,147
2025-11-27,Bogota,Tarjeta Visa,1149935,132
2025-11-27,Bogota,Microcredito,423310,180
2025-11-27,Bogota,Tarjeta Visa,2176910,119
2025-11-27,Bogota,Libranza,235107,128
2025-11-27,Bogota,Credito Consumo,4687722,182
2025-11-27,Bogota,Tarjeta Visa,3353164,198
2025-11-27,Bogota,Tarjeta Visa,808008,137
2025-11-27,Bogota,Credito Consumo,1928319,151
2025-11-27,Bogota,Credito Consumo,1298589,153
2025-11-27,Bogota,Libranza,1239449,187
2025-11-27,Bogota,Microcredito,3274660,116
2025-11-27,Bogota,Microcredito,441685,165
2025-11-27,Bogota,Libranza,953608,124
2025-11-27,Bogota,Libranza,4353642,127
2025-11-27,Bogota,Tarjeta Visa,911237,136
2025-11-27,Bogota,Microcredito,3440908,170
2025-11-27,Bogota,Tarjeta Visa,264336,132
2025-11-27,Bogota,Credito Consumo,1539119,112
2025-11-27,Bogota,Libranza,1308602,191
2025-11-27,Bogota,Libranza,2404291,114
2025-11-27,Bogota,Credito Consumo,3568654,132
2025-11-27,Bogota,Credito Consumo,3505874,137
2025-11-27,Bogota,Libranza,138612,188
2025-11-27,Bogota,Microcredito,3592998,158
2025-11-27,Bogota,Credito Consumo,1015133,161
2025-11-27,Bogota,Credito Consumo,2519248,161
2025-11-27,Bogota,Microcredito,2371985,135
2025-11-27,Bogota,Tarjeta Visa,4265926,151
2025-11-27,Bogota,Credito Consumo,1373163,171
2025-11-27,Bogota,Libranza,2891425,112
2025-11-27,Bogota,Microcredito,945961,137
2025-11-27,Bogota,Microcredito,472064,107
2025-11-27,Bogota,Credito Consumo,2124494,105
2025-11-27,Bogota,Microcredito,3113498,189
2025-11-27,Bogota,Libranza,116204,112
2025-11-27,Bogota,Microcredito,2262099,139
2025-11-27,Bogota,Tarjeta Visa,2748979,165
2025-11-27,Bogota,Libranza,3384461,132
2025-11-27,Bogota,Libranza,2438653,104
2025-11-27,Bogota,Tarjeta Visa,1703074,152
2025-11-27,Bogota,Microcredito,524752,148
2025-11-27,Bogota,Credito Consumo,2325595,173
2025-11-27,Bogota,Libranza,1384722,120
2025-11-27,Bogota,Microcredito,4622326,188
2025-11-27,Bogota,Tarjeta Visa,389653,182
2025-11-27,Bogota,Credito Consumo,3143370,138
2025-11-27,Bogota,Microcredito,1591898,149
2025-11-27,Bogota,Microcredito,2081890,103
2025-11-27,Bogota,Libranza,4272979,192
2025-11-27,Bogota,Microcredito,1884087,128
2025-11-27,Bogota,Microcredito,157599,198
2025-11-27,Bogota,Libranza,1462127,170
2025-11-27,Bogota,Tarjeta Visa,1835241,100
2025-11-27,Bogota,Tarjeta Visa,3337415,124
2025-11-27,Bogota,Microcredito,3030409,159
2025-11-27,Bogota,Credito Consumo,2716690,111
2025-11-27,Bogota,Credito Consumo,4471940,103
2025-11-27,Bogota,Libranza,3660252,119
2025-11-27,Bogota,Credito Consumo,2721114,139
2025-11-27,Bogota,Libranza,1041131,119
2025-11-27,Bogota,Credito Consumo,1366497,131
2025-11-27,Bogota,Microcredito,2211520,101
2025-11-27,Bogota,Credito Consumo,551196,165
2025-11-27,Bogota,Credito Consumo,4451940,198
2025-11-27,Bogota,Libranza,388250,111
2025-11-27,Bogota,Microcredito,478610,142
2025-11-27,Bogota,Microcredito,4100046,126
2025-11-27,Bogota,Microcredito,1078696,182
2025-11-27,Bogota,Microcredito,2965019,106
2025-11-27,Bogota,Credito Consumo,634712,172
2025-11-27,Bogota,Credito Consumo,2783920,173
2025-11-27,Bogota,Credito Consumo,316235,154
2025-11-27,Bogota,Microcredito,3623597,149
2025-11-27,Bogota,Libranza,1746090,133
2025-11-27,Bogota,Microcredito,4198342,142
2025-11-27,Bogota,Credito Consumo,190475,188
2025-11-27,Bogota,Libranza,1638790,122
2025-11-27,Bogota,Credito Consumo,2832684,162
2025-11-27,Bogota,Tarjeta Visa,3754587,176
2025-11-27,Bogota,Tarjeta Visa,3140385,168
2025-11-27,Bogota,Tarjeta Visa,3719510,198
2025-11-27,Bogota,Microcredito,1772312,134
2025-11-27,Bogota,Tarjeta Visa,4622468,157
2025-11-27,Bogota,Microcredito,988555,180
2025-11-27,Bogota,Tarjeta Visa,961155,109
2025-11-27,Bogota,Microcredito,2254585,134
2025-11-27,Bogota,Microcredito,1799481,118
2025-11-27,Bogota,Credito Consumo,4989196,142
2025-11-27,Bogota,Libranza,2288815,109
2025-11-27,Bogota,Tarjeta Visa,759934,171
2025-11-27,Bogota,Credito Consumo,3920418,156
2025-11-27,Bogota,Libranza,4104318,163
2025-11-27,Bogota,Tarjeta Visa,3818815,154
2025-11-27,Bogota,Credito Consumo,1144696,135
2025-11-27,Bogota,Libranza,1891645,191
2025-11-27,Bogota,Tarjeta Visa,4533700,111
2025-11-27,Bogota,Microcredito,3746127,190
2025-11-27,Bogota,Credito Consumo,290711,142
2025-11-27,Bogota,Libranza,2318330,126
2025-11-27,Bogota,Credito Consumo,4740611,105
2025-11-27,Bogota,Tarjeta Visa,2485455,171
2025-11-27,Bogota,Credito Consumo,2480557,108
2025-11-27,Bogota,Tarjeta Visa,2001348,153
2025-11-27,Bogota,Microcredito,1998733,132
2025-11-27,Bogota,Tarjeta Visa,4376306,189
2025-11-27,Bogota,Microcredito,3772384,167
2025-11-27,Bogota,Microcredito,3423357,114
2025-11-27,Bogota,Microcredito,2153493,183
2025-11-27,Bogota,Microcredito,1875683,161
2025-11-27,Bogota,Tarjeta Visa,751445,114
2025-11-27,Bogota,Libranza,1379372,143
2025-11-27,Bogota,Tarjeta Visa,105472,187
2025-11-27,Bogota,Libranza,4901095,113
2025-11-27,Bogota,Libranza,858015,184
2025-11-27,Bogota,Microcredito,4781262,119
2025-11-27,Bogota,Tarjeta Visa,2576843,120
2025-11-27,Bogota,Libranza,4091595,137
2025-11-27,Bogota,Credito Consumo,4519168,104
2025-11-27,Bogota,Tarjeta Visa,4880590,194
2025-11-27,Bogota,Credito Consumo,3065066,153
2025-11-27,Bogota,Tarjeta Visa,2142161,100
2025-11-27,Bogota,Tarjeta Visa,3418455,173
2025-11-27,Bogota,Tarjeta Visa,1177783,171
2025-11-27,Bogota,Credito Consumo,4482415,188
2025-11-27,Bogota,Microcredito,1381800,111
2025-11-27,Bogota,Microcredito,2237631,153
2025-11-27,Bogota,Libranza,4309179,194
2025-11-27,Bogota,Tarjeta Visa,2575113,105
2025-11-27,Bogota,Libranza,1240713,127
2025-11-27,Bogota,Tarjeta Visa,4484424,163
2025-11-27,Bogota,Tarjeta Visa,1120303,183
2025-11-27,Bogota,Tarjeta Visa,618476,128
2025-11-27,Bogota,Tarjeta Visa,487222,139
2025-11-27,Bogota,Libranza,1201192,184
2025-11-27,Bogota,Credito Consumo,4401139,170
2025-11-27,Bogota,Libranza,2519877,195
2025-11-27,Bogota,Libranza,769627,107
2025-11-27,Bogota,Libranza,4650732,160
2025-11-27,Bogota,Libranza,3974247,194
2025-11-27,Bogota,Libranza,239902,193
2025-11-27,Bogota,Credito Consumo,2980377,121
2025-11-27,Bogota,Tarjeta Visa,2512354,118
2025-11-27,Bogota,Tarjeta Visa,4830625,189
2025-11-27,Bogota,Libranza,1224420,130
2025-11-27,Bogota,Credito Consumo,906504,134
2025-11-27,Bogota,Microcredito,2409930,144
2025-11-27,Bogota,Libranza,2163268,103
2025-11-27,Bogota,Credito Consumo,870046,192
2025-11-27,Bogota,Credito Consumo,3730909,130
2025-11-27,Bogota,Credito Consumo,1758716,179
2025-11-27,Bogota,Microcredito,2369797,172
2025-11-27,Bogota,Libranza,3658856,115
2025-11-27,Bogota,Credito Consumo,231432,124
2025-11-27,Bogota,Libranza,3492749,157
2025-11-27,Bogota,Microcredito,3043755,189
2025-11-27,Bogota,Credito Consumo,664481,143
2025-11-27,Bogota,Tarjeta Visa,3125979,198
2025-11-27,Bogota,Credito Consumo,1867431,178
2025-11-27,Bogota,Tarjeta Visa,1123910,197
2025-11-27,Bogota,Microcredito,1034012,151
2025-11-27,Bogota,Libranza,3004407,108
2025-11-27,Bogota,Libranza,4997332,178
2025-11-27,Bogota,Libranza,773669,194
2025-11-27,Bogota,Microcredito,1170035,168
2025-11-27,Bogota,Microcredito,509974,112
2025-11-27,Bogota,Tarjeta Visa,1836378,183
2025-11-27,Bogota,Credito Consumo,3298413,187
2025-11-27,Bogota,Tarjeta Visa,1514776,110
2025-11-27,Bogota,Credito Consumo,239408,167
2025-11-27,Bogota,Microcredito,1975268,131
2025-11-27,Bogota,Libranza,2646847,166
2025-11-27,Bogota,Libranza,3500695,109
2025-11-27,Bogota,Credito Consumo,3485900,167
2025-11-27,Bogota,Tarjeta Visa,2270381,152
2025-11-27,Bogota,Microcredito,4992292,125
2025-11-27,Bogota,Libranza,1545084,111
2025-11-27,Bogota,Microcredito,4291477,166
2025-11-27,Bogota,Microcredito,2597111,186
2025-11-27,Bogota,Microcredito,3944878,109
2025-11-27,Bogota,Libranza,2551384,181
2025-11-27,Bogota,Credito Consumo,4740241,111
2025-11-27,Bogota,Credito Consumo,2138873,138
2025-11-27,Bogota,Tarjeta Visa,4286744,107
2025-11-27,Bogota,Credito Consumo,867242,136
2025-11-27,Bogota,Credito Consumo,233723,131
2025-11-27,Bogota,Microcredito,1226316,125
2025-11-27,Bogota,Credito Consumo,3114067,129
2025-11-27,Bogota,Libranza,3200101,172
2025-11-27,Bogota,Libranza,1234498,116
2025-11-27,Bogota,Tarjeta Visa,2572257,119
2025-11-27,Bogota,Libranza,1097685,157
2025-11-27,Bogota,Microcredito,1306150,118
2025-11-27,Bogota,Libranza,2657504,149
2025-11-27,Bogota,Tarjeta Visa,3450524,101
2025-11-27,Bogota,Tarjeta Visa,3097171,121
2025-11-27,Bogota,Credito Consumo,2429867,188
2025-11-27,Bogota,Microcredito,684726,147
2025-11-27,Bogota,Libranza,1333197,175
2025-11-27,Bogota,Credito Consumo,1570107,158
2025-11-27,Bogota,Libranza,2624762,196
2025-11-27,Bogota,Libranza,2692231,186
2025-11-27,Bogota,Libranza,1798538,180
2025-11-27,Bogota,Tarjeta Visa,1975576,113
2025-11-27,Bogota,Libranza,1162109,161
2025-11-27,Bogota,Tarjeta Visa,2066477,119
2025-11-27,Bogota,Credito Consumo,1824055,160
2025-11-27,Bogota,Tarjeta Visa,655528,177
2025-11-27,Bogota,Credito Consumo,484360,112
2025-11-27,Bogota,Libranza,822471,198
2025-11-27,Bogota,Libranza,726981,181
2025-11-27,Bogota,Credito Consumo,600327,118
2025-11-27,Bogota,Libranza,414469,105
2025-11-27,Bogota,Credito Consumo,1348034,111
2025-11-27,Bogota,Credito Consumo,1806724,157
2025-11-27,Bogota,Credito Consumo,1987425,102
2025-11-27,Bogota,Tarjeta Visa,1298616,146
2025-11-27,Bogota,Credito Consumo,3940520,160
2025-11-27,Bogota,Credito Consumo,2082411,143
2025-11-27,Bogota,Credito Consumo,3720689,139
2025-11-27,Bogota,Microcredito,4737522,143
2025-11-27,Bogota,Microcredito,4564242,152
2025-11-27,Bogota,Libranza,3087274,110
2025-11-27,Bogota,Tarjeta Visa,4330154,149
2025-11-27,Bogota,Microcredito,3546956,153
2025-11-27,Bogota,Microcredito,603486,191
2025-11-27,Bogota,Tarjeta Visa,3388538,158
2025-11-27,Bogota,Credito Consumo,3521730,182
2025-11-27,Bogota,Tarjeta Visa,4997038,153
2025-11-27,Bogota,Credito Consumo,2662231,171
2025-11-27,Bogota,Tarjeta Visa,2870132,148
2025-11-27,Bogota,Microcredito,4756046,108
2025-11-27,Bogota,Credito Consumo,2708287,106
2025-11-27,Bogota,Credito Consumo,1684152,174
2025-11-27,Bogota,Libranza,1648067,158
2025-11-27,Bogota,Tarjeta Visa,2574588,134
2025-11-27,Bogota,Microcredito,3317553,125
2025-11-27,Bogota,Microcredito,4720105,144
2025-11-27,Bogota,Microcredito,1846128,124
2025-11-27,Bogota,Libranza,818193,161
2025-11-27,Bogota,Microcredito,1654607,117
2025-11-27,Bogota,Libranza,2882648,177
2025-11-27,Bogota,Tarjeta Visa,1398242,198
2025-11-27,Bogota,Credito Consumo,3265227,137
2025-11-27,Bogota,Tarjeta Visa,3789292,184
2025-11-27,Bogota,Credito Consumo,2503481,160
2025-11-27,Bogota,Credito Consumo,3007654,194
2025-11-27,Bogota,Tarjeta Visa,2224284,189
2025-11-27,Bogota,Credito Consumo,3360242,173
2025-11-27,Bogota,Microcredito,613086,196
2025-11-27,Bogota,Tarjeta Visa,174807,143
2025-11-27,Bogota,Microcredito,4507926,198
2025-11-27,Bogota,Tarjeta Visa,2311492,154
2025-11-27,Bogota,Microcredito,1730471,130
2025-11-27,Bogota,Microcredito,4504364,180
2025-11-27,Bogota,Microcredito,1574902,154
2025-11-27,Bogota,Microcredito,603991,142
2025-11-27,Bogota,Libranza,435655,113
2025-11-27,Bogota,Libranza,2454631,198
2025-11-27,Bogota,Libranza,2107063,111
2025-11-27,Bogota,Libranza,1057716,198
2025-11-27,Bogota,Credito Consumo,3749623,166
2025-11-27,Bogota,Tarjeta Visa,3687342,127
2025-11-27,Bogota,Tarjeta Visa,4587783,186
2025-11-27,Bogota,Microcredito,2104417,122
2025-11-27,Bogota,Microcredito,1952006,182
2025-11-27,Bogota,Microcredito,1405815,170
2025-11-27,Bogota,Credito Consumo,4265638,108
2025-11-27,Bogota,Credito Consumo,1756147,149
2025-11-27,Bogota,Libranza,943350,104
2025-11-27,Bogota,Libranza,2525714,177
2025-11-27,Bogota,Microcredito,405089,104
2025-11-27,Bogota,Credito Consumo,3884032,190
2025-11-27,Bogota,Libranza,2676478,177
2025-11-27,Bogota,Tarjeta Visa,2466629,104
2025-11-27,Bogota,Credito Consumo,3334397,197
2025-11-27,Bogota,Credito Consumo,4326357,189
2025-11-27,Bogota,Microcredito,2134002,129
2025-11-27,Bogota,Libranza,3695573,173
2025-11-27,Bogota,Credito Consumo,1257028,161
2025-11-27,Bogota,Tarjeta Visa,4150741,105
2025-11-27,Bogota,Libranza,1760126,157
2025-11-27,Bogota,Microcredito,4074233,119
2025-11-27,Bogota,Libranza,3650337,107
2025-11-27,Bogota,Tarjeta Visa,3069400,155
2025-11-27,Bogota,Libranza,3695923,156
2025-11-27,Bogota,Libranza,1643197,179
2025-11-27,Bogota,Microcredito,2627774,187
2025-11-27,Bogota,Microcredito,4709330,133
2025-11-27,Bogota,Microcredito,716826,157
2025-11-27,Bogota,Credito Consumo,450542,190
2025-11-27,Bogota,Libranza,1729488,109
2025-11-27,Bogota,Libranza,1072116,160
2025-11-27,Bogota,Tarjeta Visa,2021202,104
2025-11-27,Bogota,Tarjeta Visa,101854,110
2025-11-27,Bogota,Tarjeta Visa,2697077,158
2025-11-27,Bogota,Libranza,1795944,103
2025-11-27,Bogota,Tarjeta Visa,3064855,119
2025-11-27,Bogota,Tarjeta Visa,4261254,159
2025-11-27,Bogota,Microcredito,3083979,185
2025-11-27,Bogota,Credito Consumo,197010,134
2025-11-27,Bogota,Microcredito,4132516,120
2025-11-27,Bogota,Tarjeta Visa,2105063,155
2025-11-27,Bogota,Libranza,258593,143
2025-11-27,Bogota,Credito Consumo,1712999,179
2025-11-27,Bogota,Tarjeta Visa,619752,103
2025-11-27,Bogota,Credito Consumo,4589081,116
2025-11-27,Bogota,Libranza,723565,184
2025-11-27,Bogota,Microcredito,4241685,107
2025-11-27,Bogota,Credito Consumo,4768689,189
2025-11-27,Bogota,Credito Consumo,4310679,187
2025-11-27,Bogota,Microcredito,4958264,134
2025-11-27,Bogota,Tarjeta Visa,3071581,145
2025-11-27,Bogota,Microcredito,3798683,105
2025-11-27,Bogota,Libranza,738443,142
2025-11-27,Bogota,Credito Consumo,3106656,197
2025-11-27,Bogota,Credito Consumo,3372800,167
2025-11-27,Bogota,Libranza,2166801,128
2025-11-27,Bogota,Microcredito,4033271,115
2025-11-27,Bogota,Tarjeta Visa,1924359,148
2025-11-27,Bogota,Libranza,3175158,198
2025-11-27,Bogota,Credito Consumo,3828248,170
2025-11-27,Bogota,Credito Consumo,2117067,153
2025-11-27,Bogota,Credito Consumo,4525339,182
2025-11-27,Bogota,Credito Consumo,3460505,104
2025-11-27,Bogota,Microcredito,4409701,188
2025-11-27,Bogota,Libranza,4780268,162
2025-11-27,Bogota,Tarjeta Visa,2782388,103
2025-11-27,Bogota,Credito Consumo,2373178,150
2025-11-27,Bogota,Libranza,1325159,113
2025-11-27,Bogota,Libranza,1088457,178
2025-11-27,Bogota,Libranza,3449664,147
2025-11-27,Bogota,Libranza,1080869,190
2025-11-27,Bogota,Tarjeta Visa,2316392,183
2025-11-27,Bogota,Credito Consumo,2740920,197
2025-11-27,Bogota,Libranza,2421619,173
2025-11-27,Bogota,Credito Consumo,2491949,141
2025-11-27,Bogota,Libranza,4804917,174
2025-11-27,Bogota,Credito Consumo,4886284,151
2025-11-27,Bogota,Tarjeta Visa,2465429,121
2025-11-27,Bogota,Libranza,3598518,125
2025-11-27,Bogota,Tarjeta Visa,4470757,187
2025-11-27,Bogota,Libranza,2841256,146
2025-11-27,Bogota,Microcredito,3683801,111
2025-11-27,Bogota,Libranza,1507708,126
2025-11-27,Bogota,Credito Consumo,156905,110
2025-11-27,Bogota,Microcredito,4919677,156
2025-11-27,Bogota,Libranza,2528858,105
2025-11-27,Bogota,Credito Consumo,818039,157
2025-11-27,Bogota,Credito Consumo,3312684,180
2025-11-27,Bogota,Credito Consumo,4324103,149
2025-11-27,Bogota,Tarjeta Visa,2934012,159
2025-11-27,Bogota,Tarjeta Visa,2581709,151
2025-11-27,Bogota,Microcredito,1945980,134
2025-11-27,Bogota,Microcredito,442943,139
2025-11-27,Bogota,Tarjeta Visa,1652334,140
2025-11-27,Bogota,Credito Consumo,1775007,171
2025-11-27,Bogota,Credito Consumo,4470477,184
2025-11-27,Bogota,Tarjeta Visa,1980024,132
2025-11-27,Bogota,Microcredito,4646412,130
2025-11-27,Bogota,Tarjeta Visa,1138392,117
2025-11-27,Bogota,Credito Consumo,2807813,124
2025-11-27,Bogota,Libranza,4869991,103
2025-11-27,Bogota,Credito Consumo,1678191,169
2025-11-27,Bogota,Tarjeta Visa,437329,150
2025-11-27,Bogota,Credito Consumo,2176121,101
2025-11-27,Bogota,Microcredito,164176,103
2025-11-27,Bogota,Tarjeta Visa,3089632,188
2025-11-27,Bogota,Microcredito,483767,193
2025-11-27,Bogota,Libranza,987926,178
2025-11-27,Bogota,Microcredito,2185668,170
2025-11-27,Bogota,Tarjeta Visa,1807937,171
2025-11-27,Bogota,Microcredito,2053482,177
2025-11-27,Bogota,Libranza,1498444,127
2025-11-27,Bogota,Tarjeta Visa,3526312,147
2025-11-27,Bogota,Tarjeta Visa,3397449,107
2025-11-27,Bogota,Tarjeta Visa,1411963,128
2025-11-27,Bogota,Microcredito,3394410,167
2025-11-27,Bogota,Microcredito,4220593,179
2025-11-27,Bogota,Microcredito,275528,143
2025-11-27,Bogota,Microcredito,3016474,102
2025-11-27,Bogota,Credito Consumo,2348814,178
2025-11-27,Bogota,Tarjeta Visa,2693751,113
2025-11-27,Bogota,Libranza,2733584,137
2025-11-27,Bogota,Microcredito,2633325,176
2025-11-27,Bogota,Libranza,1413892,161
2025-11-27,Bogota,Tarjeta Visa,4823397,185
2025-11-27,Bogota,Libranza,3921032,189
2025-11-27,Bogota,Tarjeta Visa,4708931,186
2025-11-27,Bogota,Microcredito,356834,171
2025-11-27,Bogota,Tarjeta Visa,4451130,129
2025-11-27,Bogota,Tarjeta Visa,517988,162
2025-11-27,Bogota,Tarjeta Visa,1772877,143
2025-11-27,Bogota,Credito Consumo,4274259,135
2025-11-27,Bogota,Tarjeta Visa,2306127,126
2025-11-27,Bogota,Microcredito,269148,128
2025-11-27,Bogota,Tarjeta Visa,3008152,175
2025-11-27,Bogota,Credito Consumo,3729623,180
2025-11-27,Bogota,Libranza,1551321,105
2025-11-27,Bogota,Credito Consumo,4626375,104
2025-11-27,Bogota,Libranza,622045,106
2025-11-27,Bogota,Tarjeta Visa,4691557,114
2025-11-27,Bogota,Tarjeta Visa,2870256,106
2025-11-27,Bogota,Tarjeta Visa,3119497,135
2025-11-27,Bogota,Tarjeta Visa,1737144,176
2025-11-27,Bogota,Tarjeta Visa,4751288,180
2025-11-27,Bogota,Credito Consumo,4859750,191
2025-11-27,Bogota,Credito Consumo,4747361,130
2025-11-27,Bogota,Credito Consumo,754981,172
2025-11-27,Bogota,Credito Consumo,547063,124
2025-11-27,Bogota,Tarjeta Visa,1375354,185
2025-11-27,Bogota,Credito Consumo,3588257,190
2025-11-27,Bogota,Credito Consumo,1709823,133
2025-11-27,Bogota,Tarjeta Visa,4438015,161
2025-11-27,Bogota,Credito Consumo,2380141,163
2025-11-27,Bogota,Credito Consumo,4049946,145
2025-11-27,Bogota,Libranza,3267804,160
2025-11-27,Bogota,Credito Consumo,4149109,122
2025-11-27,Bogota,Tarjeta Visa,4099599,196
2025-11-27,Bogota,Microcredito,4059552,155
2025-11-27,Bogota,Microcredito,2195717,162
2025-11-27,Bogota,Libranza,4283280,127
2025-11-27,Bogota,Libranza,1659301,120
2025-11-27,Bogota,Tarjeta Visa,3792586,166
2025-11-27,Bogota,Tarjeta Visa,3074781,167
2025-11-27,Bogota,Tarjeta Visa,183267,111
2025-11-27,Bogota,Microcredito,119467,121
2025-11-27,Bogota,Tarjeta Visa,315236,186
2025-11-27,Bogota,Microcredito,108548,179
2025-11-27,Bogota,Tarjeta Visa,868807,126
2025-11-27,Bogota,Libranza,1537725,115
2025-11-27,Bogota,Libranza,2742478,110
2025-11-27,Bogota,Libranza,1529284,129
2025-11-27,Bogota,Tarjeta Visa,4587029,189
2025-11-27,Bogota,Credito Consumo,2144319,165
2025-11-27,Bogota,Libranza,4172215,134
2025-11-27,Bogota,Libranza,4396277,110
2025-11-27,Bogota,Tarjeta Visa,1805306,143
2025-11-27,Bogota,Tarjeta Visa,2205091,120
2025-11-27,Bogota,Microcredito,261476,135
2025-11-27,Bogota,Credito Consumo,541799,128
2025-11-27,Bogota,Microcredito,2493855,153
2025-11-27,Bogota,Credito Consumo,4442285,191
2025-11-27,Bogota,Libranza,2668708,111
2025-11-27,Bogota,Libranza,260203,169
2025-11-27,Bogota,Tarjeta Visa,2590988,198
2025-11-27,Bogota,Credito Consumo,4762675,116
2025-11-27,Bogota,Microcredito,3319698,149
2025-11-27,Bogota,Libranza,4646875,126
2025-11-27,Bogota,Credito Consumo,1981380,155
2025-11-27,Bogota,Tarjeta Visa,2476474,140
2025-11-27,Bogota,Libranza,2004633,107
2025-11-27,Bogota,Tarjeta Visa,2471700,141
2025-11-27,Bogota,Tarjeta Visa,3528741,184
2025-11-27,Bogota,Tarjeta Visa,3590227,102
2025-11-27,Bogota,Tarjeta Visa,2474662,131
2025-11-27,Bogota,Libranza,1798615,160
2025-11-27,Bogota,Credito Consumo,1879424,148
2025-11-27,Bogota,Microcredito,2790131,156
2025-11-27,Bogota,Microcredito,350345,141
2025-11-27,Bogota,Tarjeta Visa,3131082,147
2025-11-27,Bogota,Libranza,1569376,176
2025-11-27,Bogota,Libranza,3797437,114
2025-11-27,Bogota,Credito Consumo,639972,184
2025-11-27,Bogota,Credito Consumo,1814528,130
2025-11-27,Bogota,Libranza,3221616,104
2025-11-27,Bogota,Tarjeta Visa,3108734,170
2025-11-27,Bogota,Libranza,4494319,110
2025-11-27,Bogota,Credito Consumo,3475230,144
2025-11-27,Bogota,Microcredito,622584,110
2025-11-27,Bogota,Libranza,3184292,144
2025-11-27,Bogota,Libranza,3017462,147
2025-11-27,Bogota,Microcredito,3140450,140
2025-11-27,Bogota,Microcredito,4949752,137
2025-11-27,Bogota,Microcredito,1771467,191
2025-11-27,Bogota,Credito Consumo,2318862,163
2025-11-27,Bogota,Microcredito,505890,188
2025-11-27,Bogota,Microcredito,3088327,111
2025-11-27,Bogota,Libranza,4875431,162
2025-11-27,Bogota,Credito Consumo,2356111,105
2025-11-27,Bogota,Microcredito,3149699,101
2025-11-27,Bogota,Microcredito,1951444,171
2025-11-27,Bogota,Tarjeta Visa,1763209,172
2025-11-27,Bogota,Tarjeta Visa,947754,172
2025-11-27,Bogota,Credito Consumo,2320265,108
2025-11-27,Bogota,Tarjeta Visa,2948851,176
2025-11-27,Bogota,Microcredito,4014249,119
2025-11-27,Bogota,Microcredito,4970730,134
2025-11-27,Bogota,Libranza,160983,150
2025-11-27,Bogota,Tarjeta Visa,2304823,145
2025-11-27,Bogota,Tarjeta Visa,400873,117
2025-11-27,Bogota,Tarjeta Visa,4696323,181
2025-11-27,Bogota,Tarjeta Visa,1294193,145
2025-11-27,Bogota,Libranza,303289,105
2025-11-27,Bogota,Credito Consumo,1799751,146
2025-11-27,Bogota,Tarjeta Visa,3236458,153
2025-11-27,Bogota,Microcredito,1065286,184
2025-11-27,Bogota,Tarjeta Visa,3218061,156
2025-11-27,Bogota,Tarjeta Visa,1197756,107
2025-11-27,Bogota,Tarjeta Visa,3132866,134
2025-11-27,Bogota,Libranza,2809671,170
2025-11-27,Bogota,Libranza,391852,120
2025-11-27,Bogota,Libranza,4689313,132
2025-11-27,Bogota,Libranza,560786,129
2025-11-27,Bogota,Credito Consumo,4742855,165
2025-11-27,Bogota,Tarjeta Visa,2939012,130
2025-11-27,Bogota,Libranza,4851797,187
2025-11-27,Bogota,Tarjeta Visa,2341859,155
2025-11-27,Bogota,Libranza,1346707,166
2025-11-27,Bogota,Tarjeta Visa,2958591,187
2025-11-27,Bogota,Libranza,628125,154
2025-11-27,Bogota,Libranza,968383,126
2025-11-27,Bogota,Credito Consumo,1272033,145
2025-11-27,Bogota,Credito Consumo,971714,165
2025-11-27,Bogota,Tarjeta Visa,827819,195
2025-11-27,Bogota,Credito Consumo,3817326,150
2025-11-27,Bogota,Microcredito,4522289,143
2025-11-27,Bogota,Tarjeta Visa,4277813,140
2025-11-27,Bogota,Libranza,898443,191
2025-11-27,Bogota,Microcredito,1906995,100
2025-11-27,Bogota,Libranza,4566078,106
2025-11-27,Bogota,Microcredito,790476,118
2025-11-27,Bogota,Tarjeta Visa,1542670,162
2025-11-27,Bogota,Libranza,4324284,192
2025-11-27,Bogota,Credito Consumo,2565167,142
2025-11-27,Bogota,Libranza,696483,193
2025-11-27,Bogota,Libranza,1071149,150
2025-11-27,Bogota,Microcredito,2774661,180
2025-11-27,Bogota,Credito Consumo,1167404,144
2025-11-27,Bogota,Tarjeta Visa,2865851,168
2025-11-27,Bogota,Tarjeta Visa,2638671,197
2025-11-27,Bogota,Credito Consumo,1945034,153
2025-11-27,Bogota,Tarjeta Visa,3751422,150
2025-11-27,Bogota,Tarjeta Visa,769224,148
2025-11-27,Bogota,Microcredito,2159433,161
2025-11-27,Bogota,Tarjeta Visa,2958247,121
2025-11-27,Bogota,Credito Consumo,2698784,103
2025-11-27,Bogota,Libranza,1878514,125
2025-11-27,Bogota,Credito Consumo,598417,136
2025-11-27,Bogota,Tarjeta Visa,2786415,143
2025-11-27,Bogota,Libranza,1930950,117
2025-11-27,Bogota,Credito Consumo,2839685,119
2025-11-27,Bogota,Libranza,1428563,172
2025-11-27,Bogota,Microcredito,4779996,159
2025-11-27,Bogota,Credito Consumo,2191231,153
2025-11-27,Bogota,Tarjeta Visa,1930046,170
2025-11-27,Bogota,Credito Consumo,397123,112
2025-11-27,Bogota,Tarjeta Visa,4196745,162
2025-11-27,Bogota,Tarjeta Visa,3121544,127
2025-11-27,Bogota,Tarjeta Visa,2829544,109
2025-11-27,Bogota,Libranza,4810645,155
2025-11-27,Bogota,Microcredito,735316,157
2025-11-27,Bogota,Microcredito,3473161,155
2025-11-27,Bogota,Microcredito,1709684,166
2025-11-27,Bogota,Credito Consumo,1412293,143
2025-11-27,Bogota,Libranza,4864226,115
2025-11-27,Bogota,Credito Consumo,413369,147
2025-11-27,Bogota,Libranza,1739825,178
2025-11-27,Bogota,Credito Consumo,112285,106
2025-11-27,Bogota,Libranza,1280371,134
2025-11-27,Bogota,Tarjeta Visa,4919955,152
2025-11-27,Bogota,Tarjeta Visa,3673955,130
2025-11-27,Bogota,Libranza,293377,190
2025-11-27,Bogota,Microcredito,1266743,119
2025-11-27,Bogota,Tarjeta Visa,2251933,145
2025-11-27,Bogota,Libranza,2958413,135
2025-11-27,Bogota,Tarjeta Visa,4749500,198
2025-11-27,Bogota,Libranza,2405202,198
2025-11-27,Bogota,Libranza,539468,147
2025-11-27,Bogota,Libranza,994773,167
2025-11-27,Bogota,Libranza,4497365,106
2025-11-27,Bogota,Credito Consumo,841297,113
2025-11-27,Bogota,Credito Consumo,2132496,176
2025-11-27,Bogota,Tarjeta Visa,2399213,198
2025-11-27,Bogota,Tarjeta Visa,1347820,154
2025-11-27,Bogota,Libranza,802630,120
2025-11-27,Bogota,Credito Consumo,3313793,186
2025-11-27,Bogota,Tarjeta Visa,1630513,162
2025-11-27,Bogota,Microcredito,3989425,144
2025-11-27,Bogota,Credito Consumo,469076,194
2025-11-27,Bogota,Credito Consumo,4965583,181
2025-11-27,Bogota,Libranza,4875112,163
2025-11-27,Bogota,Credito Consumo,4777509,151
2025-11-27,Bogota,Tarjeta Visa,3778444,171
2025-11-27,Bogota,Libranza,929278,111
2025-11-27,Bogota,Microcredito,3994453,173
2025-11-27,Bogota,Tarjeta Visa,4138270,178
2025-11-27,Bogota,Libranza,3563913,154
2025-11-27,Bogota,Credito Consumo,3574717,123
2025-11-27,Bogota,Credito Consumo,4443291,191
2025-11-27,Bogota,Libranza,321043,121
2025-11-27,Bogota,Libranza,2845748,148
2025-11-27,Bogota,Tarjeta Visa,2634659,163
2025-11-27,Bogota,Credito Consumo,2952604,117
2025-11-27,Bogota,Libranza,4490711,196
2025-11-27,Bogota,Credito Consumo,499317,163
2025-11-27,Bogota,Microcredito,4377662,105
2025-11-27,Bogota,Credito Consumo,709408,110
2025-11-27,Bogota,Microcredito,2746856,144
2025-11-27,Bogota,Microcredito,2729169,191
2025-11-27,Bogota,Libranza,2745683,113
2025-11-27,Bogota,Libranza,2061959,171
2025-11-27,Bogota,Credito Consumo,3722566,110
2025-11-27,Bogota,Microcredito,4461525,168
2025-11-27,Bogota,Microcredito,2502947,156
2025-11-27,Bogota,Tarjeta Visa,2846662,139
2025-11-27,Bogota,Libranza,1967950,177
2025-11-27,Bogota,Credito Consumo,260411,108
2025-11-27,Bogota,Tarjeta Visa,2171016,102
2025-11-27,Bogota,Tarjeta Visa,4557657,157
2025-11-27,Bogota,Microcredito,2626766,183
2025-11-27,Bogota,Microcredito,3904608,125
2025-11-27,Bogota,Libranza,4075541,113
2025-11-27,Bogota,Libranza,4012219,168
2025-11-27,Bogota,Credito Consumo,4231874,155
2025-11-27,Bogota,Libranza,3947271,100
2025-11-27,Bogota,Credito Consumo,394988,105
2025-11-27,Bogota,Libranza,269839,117
2025-11-27,Bogota,Libranza,728012,108
2025-11-27,Bogota,Tarjeta Visa,476463,151
2025-11-27,Bogota,Tarjeta Visa,2621692,156
2025-11-27,Bogota,Microcredito,2945440,167
2025-11-27,Bogota,Credito Consumo,4175580,157
2025-11-27,Bogota,Libranza,1366843,155
2025-11-27,Bogota,Credito Consumo,3516282,159
2025-11-27,Bogota,Libranza,1687727,169
2025-11-27,Bogota,Credito Consumo,2325444,102
2025-11-27,Bogota,Credito Consumo,3025660,163
2025-11-27,Bogota,Credito Consumo,4210505,111
2025-11-27,Bogota,Tarjeta Visa,3641667,115
2025-11-27,Bogota,Microcredito,880236,116
2025-11-27,Bogota,Libranza,943037,165
2025-11-27,Bogota,Libranza,1948868,172
2025-11-27,Bogota,Credito Consumo,1484943,133
2025-11-27,Bogota,Microcredito,1157677,100
2025-11-27,Bogota,Microcredito,2940744,126
2025-11-27,Bogota,Libranza,4480852,125
2025-11-27,Bogota,Libranza,386796,138
2025-11-27,Bogota,Credito Consumo,1504843,167
2025-11-27,Bogota,Credito Consumo,2647255,137
2025-11-27,Bogota,Tarjeta Visa,4845768,146
2025-11-27,Bogota,Tarjeta Visa,3597241,163
2025-11-27,Bogota,Microcredito,3657831,106
2025-11-27,Bogota,Credito Consumo,3341435,164
2025-11-27,Bogota,Tarjeta Visa,4820178,117
2025-11-27,Bogota,Credito Consumo,1319564,142
2025-11-27,Bogota,Microcredito,3541046,171
2025-11-27,Bogota,Libranza,4997419,140
2025-11-27,Bogota,Libranza,3183308,120
2025-11-27,Bogota,Libranza,1736208,124
2025-11-27,Bogota,Tarjeta Visa,1599261,147
2025-11-27,Bogota,Microcredito,3979764,130
2025-11-27,Bogota,Tarjeta Visa,335797,135
2025-11-27,Bogota,Libranza,4194146,152
2025-11-27,Bogota,Tarjeta Visa,3433709,164
2025-11-27,Bogota,Libranza,979292,189
2025-11-27,Bogota,Tarjeta Visa,4184014,144
2025-11-27,Bogota,Tarjeta Visa,1486513,111
2025-11-27,Bogota,Libranza,3481138,118
2025-11-27,Bogota,Libranza,2767665,186
2025-11-27,Bogota,Microcredito,4706955,140
2025-11-27,Bogota,Microcredito,922868,114
2025-11-27,Bogota,Tarjeta Visa,4930777,170
2025-11-27,Bogota,Credito Consumo,401356,122
2025-11-27,Bogota,Libranza,2456186,142
2025-11-27,Bogota,Credito Consumo,1639791,104
2025-11-27,Bogota,Microcredito,3160563,180
2025-11-27,Bogota,Microcredito,4009401,113
2025-11-27,Bogota,Microcredito,2679238,139
2025-11-27,Bogota,Tarjeta Visa,2677962,125
2025-11-27,Bogota,Libranza,3530785,192
2025-11-27,Bogota,Tarjeta Visa,3846539,162
2025-11-27,Bogota,Microcredito,3963757,193
2025-11-27,Bogota,Microcredito,796991,136
2025-11-27,Bogota,Microcredito,726459,162
2025-11-27,Bogota,Libranza,2801955,126
2025-11-27,Bogota,Credito Consumo,4185463,113
2025-11-27,Bogota,Tarjeta Visa,878591,134
2025-11-27,Bogota,Libranza,3339378,137
2025-11-27,Bogota,Tarjeta Visa,4772483,152
2025-11-27,Bogota,Microcredito,4514717,164
2025-11-27,Bogota,Credito Consumo,3114207,150
2025-11-27,Bogota,Credito Consumo,3279331,195
2025-11-27,Bogota,Libranza,1964423,172
2025-11-27,Bogota,Libranza,125205,166
2025-11-27,Bogota,Credito Consumo,3461056,168
2025-11-27,Bogota,Microcredito,3320570,183
2025-11-27,Bogota,Tarjeta Visa,3450996,187
2025-11-27,Bogota,Microcredito,4939388,100
2025-11-27,Bogota,Libranza,1965454,127
2025-11-27,Bogota,Tarjeta Visa,850454,184
2025-11-27,Bogota,Libranza,3223490,161
2025-11-27,Bogota,Libranza,2031781,198
2025-11-27,Bogota,Microcredito,4302839,143
2025-11-27,Bogota,Tarjeta Visa,1160016,184
2025-11-27,Bogota,Microcredito,3067904,133
2025-11-27,Bogota,Libranza,3307970,146
2025-11-27,Bogota,Microcredito,4774911,121
2025-11-27,Bogota,Microcredito,1573110,120
2025-11-27,Bogota,Microcredito,3105425,195
2025-11-27,Bogota,Credito Consumo,272201,172
2025-11-27,Bogota,Libranza,3839429,179
2025-11-27,Bogota,Credito Consumo,4839461,121
2025-11-27,Bogota,Credito Consumo,3180593,108
2025-11-27,Bogota,Credito Consumo,2651779,144
2025-11-27,Bogota,Microcredito,2573853,152
2025-11-27,Bogota,Microcredito,1696278,134
2025-11-27,Bogota,Credito Consumo,2873594,189
2025-11-27,Bogota,Tarjeta Visa,2731423,176
2025-11-27,Bogota,Microcredito,1770744,181
2025-11-27,Bogota,Tarjeta Visa,1676692,179
2025-11-27,Bogota,Libranza,3929830,163
2025-11-27,Bogota,Libranza,1330786,112
2025-11-27,Bogota,Credito Consumo,3529604,161
2025-11-27,Bogota,Tarjeta Visa,378941,172
2025-11-27,Bogota,Microcredito,2410455,172
2025-11-27,Bogota,Tarjeta Visa,1979819,132
2025-11-27,Bogota,Microcredito,3846764,113
2025-11-27,Bogota,Libranza,4155881,106
2025-11-27,Bogota,Credito Consumo,4931498,142
2025-11-27,Bogota,Libranza,4065993,181
2025-11-27,Bogota,Credito Consumo,1745890,173
2025-11-27,Bogota,Libranza,2457804,139
2025-11-27,Bogota,Tarjeta Visa,3929008,119
2025-11-27,Bogota,Tarjeta Visa,971174,133
2025-11-27,Bogota,Libranza,4235987,102
2025-11-27,Bogota,Libranza,4407064,123
2025-11-27,Bogota,Credito Consumo,1721784,131
2025-11-27,Bogota,Tarjeta Visa,1471009,192
2025-11-27,Bogota,Libranza,1109644,140
2025-11-27,Bogota,Credito Consumo,495835,133
2025-11-27,Bogota,Credito Consumo,4267386,133
2025-11-27,Bogota,Libranza,3093557,123
2025-11-27,Bogota,Libranza,239425,126
2025-11-27,Bogota,Credito Consumo,2807646,185
2025-11-27,Bogota,Tarjeta Visa,2797396,122
2025-11-27,Bogota,Credito Consumo,3885046,185
2025-11-27,Bogota,Libranza,1256326,164
2025-11-27,Bogota,Credito Consumo,3153399,109
2025-11-27,Bogota,Credito Consumo,348930,186
2025-11-27,Bogota,Tarjeta Visa,3853214,195
2025-11-27,Bogota,Microcredito,791594,139
2025-11-27,Bogota,Libranza,258647,142
2025-11-27,Bogota,Libranza,4744326,126
2025-11-27,Bogota,Microcredito,734072,175
2025-11-27,Bogota,Credito Consumo,2681317,125
2025-11-27,Bogota,Microcredito,3866537,182
2025-11-27,Bogota,Microcredito,3384691,189
2025-11-27,Bogota,Credito Consumo,2672011,161
2025-11-27,Bogota,Credito Consumo,2939836,131
2025-11-27,Bogota,Microcredito,4837881,133
2025-11-27,Bogota,Tarjeta Visa,4616584,116
2025-11-27,Bogota,Microcredito,2503542,112
2025-11-27,Bogota,Microcredito,2949611,174
2025-11-27,Bogota,Tarjeta Visa,1727380,104
2025-11-27,Bogota,Libranza,4842860,189
2025-11-27,Bogota,Libranza,404907,180
2025-11-27,Bogota,Tarjeta Visa,4591886,158
2025-11-27,Bogota,Microcredito,4103448,120
2025-11-27,Bogota,Microcredito,3624091,153
2025-11-27,Bogota,Credito Consumo,852439,119
2025-11-27,Bogota,Tarjeta Visa,2437823,138
2025-11-27,Bogota,Tarjeta Visa,1056178,154
2025-11-27,Bogota,Tarjeta Visa,174140,160
2025-11-27,Bogota,Credito Consumo,429982,137
2025-11-27,Bogota,Credito Consumo,4278878,152
2025-11-27,Bogota,Microcredito,1129732,198
2025-11-27,Bogota,Tarjeta Visa,2382987,152
2025-11-27,Bogota,Libranza,292110,109
2025-11-27,Bogota,Credito Consumo,1919637,198
2025-11-27,Bogota,Credito Consumo,4597495,109
2025-11-27,Bogota,Credito Consumo,250813,160
2025-11-27,Bogota,Tarjeta Visa,2665145,176
2025-11-27,Bogota,Tarjeta Visa,3331079,168
2025-11-27,Bogota,Microcredito,4725576,179
2025-11-27,Bogota,Microcredito,203659,166
2025-11-27,Bogota,Credito Consumo,1465599,155
2025-11-27,Bogota,Microcredito,1611112,108
2025-11-27,Bogota,Credito Consumo,4319635,192
2025-11-27,Bogota,Microcredito,426241,120
2025-11-27,Bogota,Tarjeta Visa,4254984,190
2025-11-27,Bogota,Credito Consumo,2219031,198
2025-11-27,Bogota,Credito Consumo,2514288,168
2025-11-27,Bogota,Libranza,236146,173
2025-11-27,Bogota,Microcredito,160757,185
2025-11-27,Bogota,Microcredito,3903439,174
2025-11-27,Bogota,Tarjeta Visa,1860456,172
2025-11-27,Bogota,Libranza,3532015,175
2025-11-27,Bogota,Tarjeta Visa,4648585,151
2025-11-27,Bogota,Credito Consumo,3402228,172
2025-11-27,Bogota,Libranza,2195145,102
2025-11-27,Bogota,Microcredito,1274576,150
2025-11-27,Bogota,Tarjeta Visa,2236876,196
2025-11-27,Bogota,Tarjeta Visa,756590,137
2025-11-27,Bogota,Microcredito,175038,122
2025-11-27,Bogota,Tarjeta Visa,398539,135
2025-11-27,Bogota,Libranza,527443,118
2025-11-27,Bogota,Credito Consumo,4741613,147
2025-11-27,Bogota,Tarjeta Visa,4455199,114
2025-11-27,Bogota,Libranza,4238077,138
2025-11-27,Bogota,Credito Consumo,1989533,159
2025-11-27,Bogota,Microcredito,3934708,103
2025-11-27,Bogota,Credito Consumo,3160101,119
2025-11-27,Bogota,Tarjeta Visa,4724167,105
2025-11-27,Bogota,Libranza,2159950,161
2025-11-27,Bogota,Tarjeta Visa,4689306,172
2025-11-27,Bogota,Microcredito,4422248,176
2025-11-27,Bogota,Microcredito,2928457,145
2025-11-27,Bogota,Libranza,3105374,118
2025-11-27,Bogota,Libranza,724101,136
2025-11-27,Bogota,Tarjeta Visa,4376816,198
2025-11-27,Bogota,Tarjeta Visa,3778286,177
2025-11-27,Bogota,Libranza,3952060,186
2025-11-27,Bogota,Microcredito,701706,150
2025-11-27,Bogota,Libranza,1097826,105
2025-11-27,Bogota,Credito Consumo,3938997,175
2025-11-27,Bogota,Tarjeta Visa,3712753,128
2025-11-27,Bogota,Microcredito,437062,170
2025-11-27,Bogota,Credito Consumo,1167431,151
2025-11-27,Bogota,Microcredito,338697,198
2025-11-27,Bogota,Tarjeta Visa,1221913,181
2025-11-27,Bogota,Tarjeta Visa,4354216,198
2025-11-27,Bogota,Microcredito,3756284,166
2025-11-27,Bogota,Credito Consumo,2272504,137
2025-11-27,Bogota,Tarjeta Visa,2463038,126
2025-11-27,Bogota,Microcredito,2944342,188
2025-11-27,Bogota,Microcredito,4799576,148
2025-11-27,Bogota,Credito Consumo,1886686,132
2025-11-27,Bogota,Tarjeta Visa,3213049,190
2025-11-27,Bogota,Microcredito,2978342,170
2025-11-27,Bogota,Microcredito,584187,151
2025-11-27,Bogota,Libranza,1536462,181
2025-11-27,Bogota,Libranza,2771535,134
2025-11-27,Bogota,Libranza,2741080,173
2025-11-27,Bogota,Credito Consumo,2220556,157
2025-11-27,Bogota,Tarjeta Visa,1874960,169
2025-11-27,Bogota,Credito Consumo,1336880,139
2025-11-27,Bogota,Tarjeta Visa,3764934,198
2025-11-27,Bogota,Tarjeta Visa,518487,132
2025-11-27,Bogota,Microcredito,4985828,143
2025-11-27,Bogota,Microcredito,3258372,194
2025-11-27,Bogota,Libranza,2883392,112
2025-11-27,Bogota,Libranza,484501,191
2025-11-27,Bogota,Libranza,2202473,157
2025-11-27,Bogota,Tarjeta Visa,361605,113
2025-11-27,Bogota,Credito Consumo,3187451,152
2025-11-27,Bogota,Libranza,635817,193
2025-11-27,Bogota,Libranza,1114702,103
2025-11-27,Bogota,Microcredito,3691941,128
2025-11-27,Bogota,Libranza,1548000,109
2025-11-27,Bogota,Microcredito,4964123,168
2025-11-27,Bogota,Libranza,1400151,114
2025-11-27,Bogota,Credito Consumo,677804,125
2025-11-27,Bogota,Credito Consumo,1889791,184
2025-11-27,Bogota,Libranza,2550794,130
2025-11-27,Bogota,Microcredito,1991049,142
2025-11-27,Bogota,Tarjeta Visa,2702021,122
2025-11-27,Bogota,Credito Consumo,3377967,180
2025-11-27,Bogota,Microcredito,4507670,195
2025-11-27,Bogota,Credito Consumo,2080442,113
2025-11-27,Bogota,Credito Consumo,3921212,116
2025-11-27,Bogota,Tarjeta Visa,2520428,110
2025-11-27,Bogota,Tarjeta Visa,2837074,167
2025-11-27,Bogota,Libranza,852156,127
2025-11-27,Bogota,Credito Consumo,273065,158
2025-11-27,Bogota,Credito Consumo,1894116,159
2025-11-27,Bogota,Libranza,3634516,127
2025-11-27,Bogota,Credito Consumo,823003,117
2025-11-27,Bogota,Libranza,3491588,160
2025-11-27,Bogota,Credito Consumo,3406204,144
2025-11-27,Bogota,Tarjeta Visa,276911,115
2025-11-27,Bogota,Microcredito,2512945,131
2025-11-27,Bogota,Microcredito,1699713,155
2025-11-27,Bogota,Credito Consumo,3760192,185
2025-11-27,Bogota,Tarjeta Visa,480449,166
2025-11-27,Bogota,Tarjeta Visa,4515476,109
2025-11-27,Bogota,Microcredito,4667603,175
2025-11-27,Bogota,Microcredito,1681200,134
2025-11-27,Bogota,Tarjeta Visa,2792268,186
2025-11-27,Bogota,Libranza,3718803,162
2025-11-27,Bogota,Microcredito,4713988,186
2025-11-27,Bogota,Microcredito,3555527,195
2025-11-27,Bogota,Libranza,4832507,117
2025-11-27,Bogota,Microcredito,2043786,163
2025-11-27,Bogota,Libranza,1040096,198
2025-11-27,Bogota,Tarjeta Visa,1775311,126
2025-11-27,Bogota,Libranza,2118951,136
2025-11-27,Bogota,Microcredito,772530,131
2025-11-27,Bogota,Microcredito,1287476,189
2025-11-27,Bogota,Tarjeta Visa,1798165,131
2025-11-27,Bogota,Libranza,3400181,118
2025-11-27,Bogota,Tarjeta Visa,2675890,106
2025-11-27,Bogota,Tarjeta Visa,4102493,107
2025-11-27,Bogota,Credito Consumo,1800914,140
2025-11-27,Bogota,Credito Consumo,1595890,145
2025-11-27,Bogota,Tarjeta Visa,3622829,106
2025-11-27,Bogota,Tarjeta Visa,1039824,162
2025-11-27,Bogota,Libranza,1831713,136
2025-11-27,Bogota,Microcredito,4704608,126
2025-11-27,Bogota,Libranza,3896855,167
2025-11-27,Bogota,Microcredito,1943662,137
2025-11-27,Bogota,Tarjeta Visa,2506364,184
2025-11-27,Bogota,Microcredito,1477527,115
2025-11-27,Bogota,Microcredito,3382007,178
2025-11-27,Bogota,Microcredito,4413381,108
2025-11-27,Bogota,Libranza,234947,100
2025-11-27,Bogota,Microcredito,3579370,170
2025-11-27,Bogota,Credito Consumo,2499470,112
2025-11-27,Bogota,Microcredito,715467,190
2025-11-27,Bogota,Libranza,2041745,173
2025-11-27,Bogota,Tarjeta Visa,2912973,124
2025-11-27,Bogota,Libranza,1673784,141
2025-11-27,Bogota,Libranza,296451,159
2025-11-27,Bogota,Tarjeta Visa,4752753,188
2025-11-27,Bogota,Microcredito,1383105,145
2025-11-27,Bogota,Libranza,3334241,178
2025-11-27,Bogota,Libranza,417540,109
2025-11-27,Bogota,Microcredito,111554,143
2025-11-27,Bogota,Tarjeta Visa,250866,151
2025-11-27,Bogota,Credito Consumo,3315714,169
2025-11-27,Bogota,Tarjeta Visa,4494186,157
2025-11-27,Bogota,Libranza,2342108,163
2025-11-27,Bogota,Credito Consumo,4677801,166
2025-11-27,Bogota,Libranza,3715507,153
2025-11-27,Bogota,Libranza,161209,179
2025-11-27,Bogota,Microcredito,3188564,149
2025-11-27,Bogota,Libranza,3637289,158
2025-11-27,Bogota,Tarjeta Visa,4865876,123
2025-11-27,Bogota,Tarjeta Visa,114112,176
2025-11-27,Bogota,Microcredito,2144986,134
2025-11-27,Bogota,Tarjeta Visa,333595,135
2025-11-27,Bogota,Microcredito,2739757,157
2025-11-27,Bogota,Microcredito,194511,166
2025-11-27,Bogota,Libranza,334705,108
2025-11-27,Bogota,Credito Consumo,1447850,134
2025-11-27,Bogota,Libranza,1223018,181
2025-11-27,Bogota,Libranza,322488,133
2025-11-27,Bogota,Credito Consumo,3607685,162
2025-11-27,Bogota,Libranza,1069596,171
2025-11-27,Bogota,Credito Consumo,3883013,118
2025-11-27,Bogota,Credito Consumo,4163154,195
2025-11-27,Bogota,Microcredito,4838835,151
2025-11-27,Bogota,Microcredito,2724632,103
2025-11-27,Bogota,Libranza,2488630,121
2025-11-27,Bogota,Libranza,392303,191
2025-11-27,Bogota,Microcredito,2867550,197
2025-11-27,Bogota,Libranza,592824,145
2025-11-27,Bogota,Credito Consumo,2285646,196
2025-11-27,Bogota,Credito Consumo,1144858,182
2025-11-27,Bogota,Tarjeta Visa,1169218,102
2025-11-27,Bogota,Microcredito,844491,153
2025-11-27,Bogota,Microcredito,1845388,178
2025-11-27,Bogota,Tarjeta Visa,2001643,108
2025-11-27,Bogota,Microcredito,4705785,161
2025-11-27,Bogota,Libranza,2645095,167
2025-11-27,Bogota,Microcredito,1552723,192
2025-11-27,Bogota,Libranza,1379427,148
2025-11-27,Bogota,Microcredito,1614428,171
2025-11-27,Bogota,Libranza,2923644,149
2025-11-27,Bogota,Libranza,3922690,185
2025-11-27,Bogota,Microcredito,1963392,164
2025-11-27,Bogota,Tarjeta Visa,3122394,124
2025-11-27,Bogota,Microcredito,1989049,182
2025-11-27,Bogota,Microcredito,4872892,150
2025-11-27,Bogota,Libranza,4153683,192
2025-11-27,Bogota,Tarjeta Visa,2651300,185
2025-11-27,Bogota,Microcredito,3833240,170
2025-11-27,Bogota,Tarjeta Visa,1191871,100
2025-11-27,Bogota,Credito Consumo,1552152,135
2025-11-27,Bogota,Tarjeta Visa,3033924,106
2025-11-27,Bogota,Credito Consumo,3141840,140
2025-11-27,Bogota,Tarjeta Visa,4789262,197
2025-11-27,Bogota,Libranza,988933,113
2025-11-27,Bogota,Tarjeta Visa,3835770,182
2025-11-27,Bogota,Credito Consumo,184360,183
2025-11-27,Bogota,Credito Consumo,3718851,183
2025-11-27,Bogota,Credito Consumo,4072841,134
2025-11-27,Bogota,Credito Consumo,4069868,167
2025-11-27,Bogota,Tarjeta Visa,423215,112
2025-11-27,Bogota,Tarjeta Visa,4574148,197
2025-11-27,Bogota,Tarjeta Visa,4862370,174
2025-11-27,Bogota,Credito Consumo,4869473,102
2025-11-27,Bogota,Libranza,855681,191
2025-11-27,Bogota,Tarjeta Visa,3194595,100
2025-11-27,Bogota,Credito Consumo,1575069,177
2025-11-27,Bogota,Microcredito,4382044,176
2025-11-27,Bogota,Libranza,1804593,103
2025-11-27,Bogota,Microcredito,1422104,101
2025-11-27,Bogota,Microcredito,4734380,165
2025-11-27,Bogota,Libranza,4522544,147
2025-11-27,Bogota,Microcredito,243889,163
2025-11-27,Bogota,Tarjeta Visa,794477,158
2025-11-27,Bogota,Libranza,805578,160
2025-11-27,Bogota,Libranza,1067441,185
2025-11-27,Bogota,Libranza,4216393,177
2025-11-27,Bogota,Microcredito,2746027,187
2025-11-27,Bogota,Credito Consumo,2936526,170
2025-11-27,Bogota,Credito Consumo,4165697,109
2025-11-27,Bogota,Credito Consumo,4969681,167
2025-11-27,Bogota,Libranza,4053876,161
2025-11-27,Bogota,Tarjeta Visa,327295,148
2025-11-27,Bogota,Microcredito,2970192,153
2025-11-27,Bogota,Libranza,2576920,190
2025-11-27,Bogota,Libranza,3240900,122
2025-11-27,Bogota,Microcredito,3948605,160
2025-11-27,Bogota,Libranza,2564582,149
2025-11-27,Bogota,Credito Consumo,305967,133
2025-11-27,Bogota,Credito Consumo,615682,190
2025-11-27,Bogota,Libranza,165423,188
2025-11-27,Bogota,Tarjeta Visa,3410070,161
2025-11-27,Bogota,Tarjeta Visa,1150513,191
2025-11-27,Bogota,Microcredito,3457892,193
2025-11-27,Bogota,Microcredito,324017,115
2025-11-27,Bogota,Microcredito,2567564,197
2025-11-27,Bogota,Libranza,3929726,155
2025-11-27,Bogota,Microcredito,4803327,129
2025-11-27,Bogota,Libranza,2819705,113
2025-11-27,Bogota,Tarjeta Visa,4022908,169
2025-11-27,Bogota,Libranza,804412,186
2025-11-27,Bogota,Tarjeta Visa,1847507,152
2025-11-27,Bogota,Tarjeta Visa,2429631,140
2025-11-27,Bogota,Tarjeta Visa,1009772,182
2025-11-27,Bogota,Microcredito,2283614,177
2025-11-27,Bogota,Libranza,2027979,117
2025-11-27,Bogota,Tarjeta Visa,2945897,134
2025-11-27,Bogota,Tarjeta Visa,4855665,170
2025-11-27,Bogota,Credito Consumo,3556717,131
2025-11-27,Bogota,Microcredito,3030749,137
2025-11-27,Bogota,Tarjeta Visa,2546832,174
2025-11-27,Bogota,Libranza,2055608,141
2025-11-27,Bogota,Libranza,4110511,198
2025-11-27,Bogota,Tarjeta Visa,3060491,145
2025-11-27,Bogota,Credito Consumo,2154875,116
2025-11-27,Bogota,Tarjeta Visa,4548126,108
2025-11-27,Bogota,Tarjeta Visa,1420423,130
2025-11-27,Bogota,Libranza,417898,157
2025-11-27,Bogota,Credito Consumo,4757806,145
2025-11-27,Bogota,Credito Consumo,3341278,103
2025-11-27,Bogota,Tarjeta Visa,3168055,124
2025-11-27,Bogota,Microcredito,4241195,173
2025-11-27,Bogota,Credito Consumo,2104662,144
2025-11-27,Bogota,Tarjeta Visa,3270173,196
2025-11-27,Bogota,Microcredito,1734550,117
2025-11-27,Bogota,Tarjeta Visa,2277572,101
2025-11-27,Bogota,Libranza,4450625,147
2025-11-27,Bogota,Credito Consumo,1952748,137
2025-11-27,Bogota,Credito Consumo,3277678,124
2025-11-27,Bogota,Tarjeta Visa,4762687,183
2025-11-27,Bogota,Credito Consumo,4950617,153
2025-11-27,Bogota,Libranza,108168,101
2025-11-27,Bogota,Libranza,601521,143
2025-11-27,Bogota,Microcredito,1772783,181
2025-11-27,Bogota,Libranza,1687084,183
2025-11-27,Bogota,Credito Consumo,3824795,194
2025-11-27,Bogota,Microcredito,3508871,131
2025-11-27,Bogota,Credito Consumo,4449364,151
2025-11-27,Bogota,Credito Consumo,3946121,175
2025-11-27,Bogota,Credito Consumo,211916,138
2025-11-27,Bogota,Libranza,2936504,126
2025-11-27,Bogota,Tarjeta Visa,2637120,105
2025-11-27,Bogota,Microcredito,351017,170
2025-11-27,Bogota,Libranza,1935100,133
2025-11-27,Bogota,Libranza,2903008,178
2025-11-27,Bogota,Credito Consumo,3427787,123
2025-11-27,Bogota,Libranza,2486291,171
2025-11-27,Bogota,Microcredito,782839,121
2025-11-27,Bogota,Tarjeta Visa,225940,140
2025-11-27,Bogota,Credito Consumo,3467396,137
2025-11-27,Bogota,Tarjeta Visa,2614775,141
2025-11-27,Bogota,Credito Consumo,237680,170
2025-11-27,Bogota,Microcredito,291613,124
2025-11-27,Bogota,Credito Consumo,3591023,110
2025-11-27,Bogota,Libranza,816584,171
2025-11-27,Bogota,Microcredito,963506,155
2025-11-27,Bogota,Tarjeta Visa,1629008,170
2025-11-27,Bogota,Microcredito,4038243,121
2025-11-27,Bogota,Tarjeta Visa,2103865,127
2025-11-27,Bogota,Libranza,2098041,197
2025-11-27,Bogota,Microcredito,1076998,169
2025-11-27,Bogota,Credito Consumo,4015053,166
2025-11-27,Bogota,Libranza,673421,120
2025-11-27,Bogota,Credito Consumo,913035,139
2025-11-27,Bogota,Microcredito,3912795,131
2025-11-27,Bogota,Tarjeta Visa,2101930,150
2025-11-27,Bogota,Tarjeta Visa,917970,172
2025-11-27,Bogota,Credito Consumo,2709663,122
2025-11-27,Bogota,Libranza,4881836,141
2025-11-27,Bogota,Credito Consumo,2708479,144
2025-11-27,Bogota,Microcredito,3501205,167
2025-11-27,Bogota,Microcredito,2399425,160
2025-11-27,Bogota,Microcredito,1841554,153
2025-11-27,Bogota,Tarjeta Visa,4330502,195
2025-11-27,Bogota,Credito Consumo,1578387,198
2025-11-27,Bogota,Tarjeta Visa,4515962,195
2025-11-27,Bogota,Microcredito,4467480,131
2025-11-27,Bogota,Credito Consumo,2322360,118
2025-11-27,Bogota,Microcredito,4925112,177
2025-11-27,Bogota,Tarjeta Visa,4193935,176
2025-11-27,Bogota,Microcredito,3915879,114
2025-11-27,Bogota,Microcredito,2259344,150
2025-11-27,Bogota,Libranza,4911909,187
2025-11-27,Bogota,Microcredito,1420713,170
2025-11-27,Bogota,Libranza,3600521,133
2025-11-27,Bogota,Tarjeta Visa,3041861,132
2025-11-27,Bogota,Libranza,4664139,129
2025-11-27,Bogota,Credito Consumo,1704069,140
2025-11-27,Bogota,Libranza,3421884,108
2025-11-27,Bogota,Microcredito,1116294,153
2025-11-27,Bogota,Tarjeta Visa,371935,144
2025-11-27,Bogota,Libranza,2608412,155
2025-11-27,Bogota,Credito Consumo,628889,100
2025-11-27,Bogota,Tarjeta Visa,3876261,173
2025-11-27,Bogota,Microcredito,1206592,109
2025-11-27,Bogota,Tarjeta Visa,4865649,160
2025-11-27,Bogota,Microcredito,4463359,164
2025-11-27,Bogota,Tarjeta Visa,2916616,140
2025-11-27,Bogota,Libranza,3392990,186
2025-11-27,Bogota,Credito Consumo,1109187,157
2025-11-27,Bogota,Libranza,2384827,141
2025-11-27,Bogota,Microcredito,4329445,192
2025-11-27,Bogota,Tarjeta Visa,4716345,155
2025-11-27,Bogota,Libranza,2155559,168
2025-11-27,Bogota,Microcredito,4244402,160
2025-11-27,Bogota,Microcredito,4172270,171
2025-11-27,Bogota,Tarjeta Visa,983377,121
2025-11-27,Bogota,Credito Consumo,4581815,100
2025-11-27,Bogota,Credito Consumo,2084503,160
2025-11-27,Bogota,Libranza,4030800,124
2025-11-27,Bogota,Tarjeta Visa,2966044,162
2025-11-27,Bogota,Microcredito,3820399,107
2025-11-27,Bogota,Libranza,4833047,172
2025-11-27,Bogota,Credito Consumo,1821072,175
2025-11-27,Bogota,Credito Consumo,3508603,139
2025-11-27,Bogota,Microcredito,2637433,142
2025-11-27,Bogota,Tarjeta Visa,2052625,121
2025-11-27,Bogota,Libranza,2040429,149
2025-11-27,Bogota,Tarjeta Visa,1237293,132
2025-11-27,Bogota,Tarjeta Visa,4242141,154
2025-11-27,Bogota,Libranza,368689,157
2025-11-27,Bogota,Microcredito,1667074,117
2025-11-27,Bogota,Libranza,3785563,126
2025-11-27,Bogota,Microcredito,3729513,108
2025-11-27,Bogota,Microcredito,2088978,133
2025-11-27,Bogota,Libranza,1355982,126
2025-11-27,Bogota,Tarjeta Visa,519580,158
2025-11-27,Bogota,Tarjeta Visa,2500376,105
2025-11-27,Bogota,Credito Consumo,3953288,120
2025-11-27,Bogota,Libranza,2341187,143
2025-11-27,Bogota,Microcredito,2557223,157
2025-11-27,Bogota,Credito Consumo,2872998,109
2025-11-27,Bogota,Tarjeta Visa,4360842,108
2025-11-27,Bogota,Microcredito,1867655,142
2025-11-27,Bogota,Microcredito,4457888,176
2025-11-27,Bogota,Libranza,4209390,167
2025-11-27,Bogota,Libranza,3273985,190
2025-11-27,Bogota,Microcredito,695630,190
2025-11-27,Bogota,Tarjeta Visa,4450997,137
2025-11-27,Bogota,Tarjeta Visa,3646695,162
2025-11-27,Bogota,Credito Consumo,4291574,155
2025-11-27,Bogota,Tarjeta Visa,2531141,112
2025-11-27,Bogota,Microcredito,1964454,112
2025-11-27,Bogota,Microcredito,3824482,157
2025-11-27,Bogota,Credito Consumo,4633722,160
2025-11-27,Bogota,Tarjeta Visa,2238174,142
2025-11-27,Bogota,Tarjeta Visa,3252371,134
2025-11-27,Bogota,Microcredito,278768,140
2025-11-27,Bogota,Credito Consumo,2884210,150
2025-11-27,Bogota,Libranza,1722722,178
2025-11-27,Bogota,Microcredito,2764623,188
2025-11-27,Bogota,Credito Consumo,357908,121
2025-11-27,Bogota,Microcredito,1978556,143
2025-11-27,Bogota,Microcredito,1979046,165
2025-11-27,Bogota,Credito Consumo,4310401,173
2025-11-27,Bogota,Credito Consumo,3964275,120
2025-11-27,Bogota,Tarjeta Visa,4216429,186
2025-11-27,Bogota,Tarjeta Visa,1994107,192
2025-11-27,Bogota,Tarjeta Visa,3906941,122
2025-11-27,Bogota,Microcredito,3149162,105
2025-11-27,Bogota,Credito Consumo,799322,196
2025-11-27,Bogota,Credito Consumo,429599,177
2025-11-27,Bogota,Microcredito,4125890,107
2025-11-27,Bogota,Microcredito,4939000,174
2025-11-27,Bogota,Credito Consumo,2741706,173
2025-11-27,Bogota,Microcredito,1164824,169
2025-11-27,Bogota,Libranza,4667265,176
2025-11-27,Bogota,Libranza,3884144,107
2025-11-27,Bogota,Microcredito,1728429,172
2025-11-27,Bogota,Credito Consumo,2318551,130
2025-11-27,Bogota,Microcredito,3424173,161
2025-11-27,Bogota,Credito Consumo,1382988,147
2025-11-27,Bogota,Libranza,1981518,160
2025-11-27,Bogota,Credito Consumo,3576330,196
2025-11-27,Bogota,Credito Consumo,2302328,124
2025-11-27,Bogota,Tarjeta Visa,1485437,103
2025-11-27,Bogota,Libranza,4168494,138
2025-11-27,Bogota,Microcredito,2729934,150
2025-11-27,Bogota,Tarjeta Visa,3637367,144
2025-11-27,Bogota,Credito Consumo,2139093,116
2025-11-27,Bogota,Libranza,1436653,114
2025-11-27,Bogota,Libranza,3161184,146
2025-11-27,Bogota,Tarjeta Visa,2151924,197
2025-11-27,Bogota,Credito Consumo,4329108,181
2025-11-27,Bogota,Tarjeta Visa,846531,160
2025-11-27,Bogota,Tarjeta Visa,911121,145
2025-11-27,Bogota,Credito Consumo,3661904,116
2025-11-27,Bogota,Tarjeta Visa,3422626,172
2025-11-27,Bogota,Libranza,3547164,167
2025-11-27,Bogota,Libranza,252585,165
2025-11-27,Bogota,Microcredito,4995370,128
2025-11-27,Bogota,Tarjeta Visa,2492798,192
2025-11-27,Bogota,Credito Consumo,1670114,132
2025-11-27,Bogota,Tarjeta Visa,3214188,122
2025-11-27,Bogota,Tarjeta Visa,1467219,114
2025-11-27,Bogota,Microcredito,1665116,104
2025-11-27,Bogota,Libranza,1437251,173
2025-11-27,Bogota,Tarjeta Visa,452473,168
2025-11-27,Bogota,Microcredito,1416809,146
2025-11-27,Bogota,Tarjeta Visa,4296902,138
2025-11-27,Bogota,Libranza,4152662,103
2025-11-27,Bogota,Credito Consumo,4770382,180
2025-11-27,Bogota,Libranza,2205184,109
2025-11-27,Bogota,Libranza,156245,160
2025-11-27,Bogota,Credito Consumo,2999618,109
2025-11-27,Bogota,Libranza,4627824,181
2025-11-27,Bogota,Microcredito,4694206,176
2025-11-27,Bogota,Tarjeta Visa,1562782,136
2025-11-27,Bogota,Microcredito,2694619,153
2025-11-27,Bogota,Microcredito,3809185,118
2025-11-27,Bogota,Microcredito,694570,109
2025-11-27,Bogota,Credito Consumo,905997,171
2025-11-27,Bogota,Tarjeta Visa,1225499,116
2025-11-27,Bogota,Tarjeta Visa,541580,178
2025-11-27,Bogota,Tarjeta Visa,3736990,189
2025-11-27,Bogota,Microcredito,4809744,195
2025-11-27,Bogota,Microcredito,1449297,162
2025-11-27,Bogota,Tarjeta Visa,2032984,106
2025-11-27,Bogota,Libranza,704142,110
2025-11-27,Bogota,Tarjeta Visa,4759664,101
2025-11-27,Bogota,Libranza,3939048,153
2025-11-27,Bogota,Credito Consumo,1968382,157
2025-11-27,Bogota,Tarjeta Visa,1314089,158
2025-11-27,Bogota,Credito Consumo,4973157,130
2025-11-27,Bogota,Microcredito,2785402,141
2025-11-27,Bogota,Credito Consumo,1196772,129
2025-11-27,Bogota,Tarjeta Visa,4701503,194
2025-11-27,Bogota,Credito Consumo,2463551,163
2025-11-27,Bogota,Tarjeta Visa,1405183,158
2025-11-27,Bogota,Credito Consumo,3308752,155
2025-11-27,Bogota,Libranza,4303852,132
2025-11-27,Bogota,Microcredito,395800,101
2025-11-27,Bogota,Tarjeta Visa,2565550,177
2025-11-27,Bogota,Libranza,1793087,145
2025-11-27,Bogota,Tarjeta Visa,3166257,126
2025-11-27,Bogota,Tarjeta Visa,3383917,181
2025-11-27,Bogota,Credito Consumo,1314892,188
2025-11-27,Bogota,Libranza,4406532,186
2025-11-27,Bogota,Tarjeta Visa,1016361,107
2025-11-27,Bogota,Credito Consumo,2553568,167
2025-11-27,Bogota,Microcredito,3990023,149
2025-11-27,Bogota,Microcredito,2652495,186
2025-11-27,Bogota,Tarjeta Visa,1094647,168
2025-11-27,Bogota,Tarjeta Visa,4993811,189
2025-11-27,Bogota,Libranza,3864242,130
2025-11-27,Bogota,Libranza,4404073,140
2025-11-27,Bogota,Credito Consumo,2618880,104
2025-11-27,Bogota,Libranza,601120,135
2025-11-27,Bogota,Microcredito,1887824,167
2025-11-27,Bogota,Libranza,4413694,100
2025-11-27,Bogota,Credito Consumo,3562959,161
2025-11-27,Bogota,Libranza,245148,154
2025-11-27,Bogota,Libranza,2841560,197
2025-11-27,Bogota,Tarjeta Visa,1572065,192
2025-11-27,Bogota,Libranza,4632939,126
2025-11-27,Bogota,Credito Consumo,732585,172
2025-11-27,Bogota,Microcredito,3112202,137
2025-11-27,Bogota,Credito Consumo,3818079,105
2025-11-27,Bogota,Microcredito,4509692,119
2025-11-27,Bogota,Tarjeta Visa,3342043,132
2025-11-27,Bogota,Tarjeta Visa,608299,105
2025-11-27,Bogota,Credito Consumo,4112146,194
2025-11-27,Bogota,Microcredito,728185,132
2025-11-27,Bogota,Credito Consumo,4777171,170
2025-11-27,Bogota,Libranza,1605351,114
2025-11-27,Bogota,Credito Consumo,1692341,182
2025-11-27,Bogota,Microcredito,4315103,163
2025-11-27,Bogota,Libranza,4961010,153
2025-11-27,Bogota,Credito Consumo,4205544,188
2025-11-27,Bogota,Microcredito,1224901,114
2025-11-27,Bogota,Tarjeta Visa,142553,145
2025-11-27,Bogota,Microcredito,1714173,119
2025-11-27,Bogota,Credito Consumo,2285574,151
2025-11-27,Bogota,Libranza,1692932,148
2025-11-27,Bogota,Credito Consumo,1999208,146
2025-11-27,Bogota,Credito Consumo,4276066,142
2025-11-27,Bogota,Microcredito,4457394,198
2025-11-27,Bogota,Credito Consumo,3669917,175
2025-11-27,Bogota,Tarjeta Visa,1048287,132
2025-11-27,Bogota,Credito Consumo,1953009,183
2025-11-27,Bogota,Tarjeta Visa,106227,141
2025-11-27,Bogota,Microcredito,2260921,104
2025-11-27,Bogota,Tarjeta Visa,1758305,102
2025-11-27,Bogota,Microcredito,2151136,189
2025-11-27,Bogota,Microcredito,4367524,144
2025-11-27,Bogota,Libranza,3231106,168
2025-11-27,Bogota,Tarjeta Visa,215098,154
2025-11-27,Bogota,Credito Consumo,2277834,136
2025-11-27,Bogota,Tarjeta Visa,2102531,135
2025-11-27,Bogota,Tarjeta Visa,3192981,147
2025-11-27,Bogota,Tarjeta Visa,831554,186
2025-11-27,Bogota,Credito Consumo,727784,129
2025-11-27,Bogota,Microcredito,1050180,157
2025-11-27,Bogota,Libranza,329985,175
2025-11-27,Bogota,Tarjeta Visa,779146,161
2025-11-27,Bogota,Credito Consumo,3259141,164
2025-11-27,Bogota,Credito Consumo,4732500,169
2025-11-27,Bogota,Libranza,2301930,144
2025-11-27,Bogota,Credito Consumo,4798666,191
2025-11-27,Bogota,Credito Consumo,1832153,142
2025-11-27,Bogota,Tarjeta Visa,1870085,144
2025-11-27,Bogota,Microcredito,885364,123
2025-11-27,Bogota,Microcredito,3599328,153
2025-11-27,Bogota,Microcredito,2415345,164
2025-11-27,Bogota,Libranza,3167249,103
2025-11-27,Bogota,Credito Consumo,4975339,183
2025-11-27,Bogota,Tarjeta Visa,2379702,135
2025-11-27,Bogota,Microcredito,174555,181
2025-11-27,Bogota,Libranza,2656553,174
2025-11-27,Bogota,Tarjeta Visa,1987641,189
2025-11-27,Bogota,Microcredito,2277482,161
2025-11-27,Bogota,Libranza,330665,180
2025-11-27,Bogota,Microcredito,2776875,184
2025-11-27,Bogota,Libranza,899454,191
2025-11-27,Bogota,Libranza,2057860,189
2025-11-27,Bogota,Tarjeta Visa,1593338,174
2025-11-27,Bogota,Libranza,1284081,169
2025-11-27,Bogota,Credito Consumo,1584231,140
2025-11-27,Bogota,Libranza,2348740,153
2025-11-27,Bogota,Libranza,3436490,117
2025-11-27,Bogota,Credito Consumo,2654934,114
2025-11-27,Bogota,Tarjeta Visa,2062094,151
2025-11-27,Bogota,Libranza,747147,100
2025-11-27,Bogota,Tarjeta Visa,1187594,163
2025-11-27,Bogota,Tarjeta Visa,689116,158
2025-11-27,Bogota,Microcredito,2680229,178
2025-11-27,Bogota,Credito Consumo,1860529,131
2025-11-27,Bogota,Microcredito,4293847,128
2025-11-27,Bogota,Tarjeta Visa,2005232,172
2025-11-27,Bogota,Libranza,3288998,132
2025-11-27,Bogota,Tarjeta Visa,2513767,194
2025-11-27,Bogota,Tarjeta Visa,4774989,113
2025-11-27,Bogota,Libranza,3994025,128
2025-11-27,Bogota,Credito Consumo,4284625,164
2025-11-27,Bogota,Libranza,1391483,157
2025-11-27,Bogota,Credito Consumo,1416422,157
2025-11-27,Bogota,Credito Consumo,1773111,131
2025-11-27,Bogota,Libranza,3262975,159
2025-11-27,Bogota,Microcredito,3296474,162
2025-11-27,Bogota,Tarjeta Visa,1783276,194
2025-11-27,Bogota,Credito Consumo,4399171,157
2025-11-27,Bogota,Credito Consumo,289461,169
2025-11-27,Bogota,Tarjeta Visa,1671626,188
2025-11-27,Bogota,Tarjeta Visa,1250791,164
2025-11-27,Bogota,Microcredito,3073880,113
2025-11-27,Bogota,Libranza,1059363,109
2025-11-27,Bogota,Tarjeta Visa,3107779,169
2025-11-27,Bogota,Libranza,2853598,151
2025-11-27,Bogota,Credito Consumo,4446485,192
2025-11-27,Bogota,Tarjeta Visa,4868539,128
2025-11-27,Bogota,Microcredito,3963106,131
2025-11-27,Bogota,Libranza,2202611,142
2025-11-27,Bogota,Microcredito,1035966,193
2025-11-27,Bogota,Credito Consumo,1915230,136
2025-11-27,Bogota,Libranza,1601850,143
2025-11-27,Bogota,Tarjeta Visa,3882981,113
2025-11-27,Bogota,Tarjeta Visa,1073694,142
2025-11-27,Bogota,Credito Consumo,3825062,180
2025-11-27,Bogota,Microcredito,1162736,106
2025-11-27,Bogota,Microcredito,1589818,132
2025-11-27,Bogota,Microcredito,1585152,130
2025-11-27,Bogota,Tarjeta Visa,3220050,147
2025-11-27,Bogota,Credito Consumo,2554436,156
2025-11-27,Bogota,Microcredito,2173237,160
2025-11-27,Bogota,Tarjeta Visa,830454,111
2025-11-27,Bogota,Libranza,1912202,190
2025-11-27,Bogota,Credito Consumo,3132795,145
2025-11-27,Bogota,Tarjeta Visa,3468922,116
2025-11-27,Bogota,Libranza,2506413,161
2025-11-27,Bogota,Credito Consumo,2323313,183
2025-11-27,Bogota,Credito Consumo,4540471,189
2025-11-27,Bogota,Tarjeta Visa,3280078,129
2025-11-27,Bogota,Tarjeta Visa,1387348,198
2025-11-27,Bogota,Credito Consumo,4408866,103
2025-11-27,Bogota,Microcredito,314900,188
2025-11-27,Bogota,Credito Consumo,4306501,196
2025-11-27,Bogota,Libranza,3206770,131
2025-11-27,Bogota,Tarjeta Visa,2174392,166
2025-11-27,Bogota,Tarjeta Visa,2205402,174
2025-11-27,Bogota,Credito Consumo,4096582,135
2025-11-27,Bogota,Credito Consumo,3291731,155
2025-11-27,Bogota,Libranza,2612175,126
2025-11-27,Bogota,Credito Consumo,504873,168
2025-11-27,Bogota,Credito Consumo,3657528,177
2025-11-27,Bogota,Microcredito,1494411,100
2025-11-27,Bogota,Microcredito,2502254,193
2025-11-27,Bogota,Tarjeta Visa,1154456,155
2025-11-27,Bogota,Tarjeta Visa,2691140,150
2025-11-27,Bogota,Tarjeta Visa,3211657,101
2025-11-27,Bogota,Tarjeta Visa,2617749,115
2025-11-27,Bogota,Tarjeta Visa,110192,196
2025-11-27,Bogota,Tarjeta Visa,1516127,132
2025-11-27,Bogota,Microcredito,4135016,179
2025-11-27,Bogota,Credito Consumo,4438408,112
2025-11-27,Bogota,Credito Consumo,2426803,124
2025-11-27,Bogota,Libranza,4197736,174
2025-11-27,Bogota,Microcredito,129614,154
2025-11-27,Bogota,Credito Consumo,3962762,168
2025-11-27,Bogota,Tarjeta Visa,4755891,130
2025-11-27,Bogota,Microcredito,1561399,111
2025-11-27,Bogota,Libranza,4440225,165
2025-11-27,Bogota,Microcredito,3995701,139
2025-11-27,Bogota,Microcredito,4335096,180
2025-11-27,Bogota,Libranza,2315478,195
2025-11-27,Bogota,Credito Consumo,768418,147
2025-11-27,Bogota,Microcredito,1053067,134
2025-11-27,Bogota,Microcredito,4706265,139
2025-11-27,Bogota,Libranza,3299692,147
2025-11-27,Bogota,Microcredito,2651113,162
2025-11-27,Bogota,Tarjeta Visa,4272431,122
2025-11-27,Bogota,Credito Consumo,1537065,179
2025-11-27,Bogota,Microcredito,572493,172
2025-11-27,Bogota,Credito Consumo,3057589,190
2025-11-27,Bogota,Libranza,1622993,108
2025-11-27,Bogota,Credito Consumo,4688850,152
2025-11-27,Bogota,Tarjeta Visa,3242979,100
2025-11-27,Bogota,Libranza,4368743,147
2025-11-27,Bogota,Libranza,888848,193
2025-11-27,Bogota,Microcredito,845535,123
2025-11-27,Bogota,Credito Consumo,3226401,150
2025-11-27,Bogota,Credito Consumo,2001188,155
2025-11-27,Bogota,Tarjeta Visa,2016418,117
2025-11-27,Bogota,Microcredito,820800,122
2025-11-27,Bogota,Credito Consumo,265734,195
2025-11-27,Bogota,Microcredito,727760,161
2025-11-27,Bogota,Libranza,4736201,151
2025-11-27,Bogota,Credito Consumo,906278,172
2025-11-27,Bogota,Microcredito,448017,112
2025-11-27,Bogota,Tarjeta Visa,704204,118
2025-11-27,Bogota,Tarjeta Visa,417729,110
2025-11-27,Bogota,Tarjeta Visa,935547,151
2025-11-27,Bogota,Tarjeta Visa,3720496,193
2025-11-27,Bogota,Tarjeta Visa,4046668,143
2025-11-27,Bogota,Credito Consumo,4471148,124
2025-11-27,Bogota,Credito Consumo,3642918,110
2025-11-27,Bogota,Tarjeta Visa,405841,170
2025-11-27,Bogota,Credito Consumo,991059,142
2025-11-27,Bogota,Libranza,1498944,130
2025-11-27,Bogota,Libranza,366299,117
2025-11-27,Bogota,Libranza,1987845,142
2025-11-27,Bogota,Microcredito,2497643,188
2025-11-27,Bogota,Libranza,900524,145
2025-11-27,Bogota,Tarjeta Visa,3081469,129
2025-11-27,Bogota,Microcredito,736505,163
2025-11-27,Bogota,Microcredito,3113175,106
2025-11-27,Bogota,Libranza,4928686,114
2025-11-27,Bogota,Libranza,420552,122
2025-11-27,Bogota,Microcredito,4334716,116
2025-11-27,Bogota,Tarjeta Visa,1237536,150
2025-11-27,Bogota,Libranza,3943155,151
2025-11-27,Bogota,Tarjeta Visa,1793222,162
2025-11-27,Bogota,Microcredito,2163718,153
2025-11-27,Bogota,Credito Consumo,4471135,152
2025-11-27,Bogota,Credito Consumo,932496,190
2025-11-27,Bogota,Libranza,1600475,137
2025-11-27,Bogota,Tarjeta Visa,2997294,158
2025-11-27,Bogota,Libranza,3349531,110
2025-11-27,Bogota,Microcredito,1589275,183
2025-11-27,Bogota,Microcredito,204797,152
2025-11-27,Bogota,Libranza,3781978,188
2025-11-27,Bogota,Tarjeta Visa,2612152,171
2025-11-27,Bogota,Microcredito,1137707,178
2025-11-27,Bogota,Tarjeta Visa,2733149,194
2025-11-27,Bogota,Credito Consumo,103780,190
2025-11-27,Bogota,Credito Consumo,2793934,131
2025-11-27,Bogota,Tarjeta Visa,494232,189
2025-11-27,Bogota,Libranza,2222371,140
2025-11-27,Bogota,Microcredito,4720206,112
2025-11-27,Bogota,Libranza,1176465,182
2025-11-27,Bogota,Microcredito,1427083,191
2025-11-27,Bogota,Credito Consumo,612806,158
2025-11-27,Bogota,Tarjeta Visa,1039657,177
2025-11-27,Bogota,Credito Consumo,1469357,126
2025-11-27,Bogota,Tarjeta Visa,532702,123
2025-11-27,Bogota,Microcredito,2477147,158
2025-11-27,Bogota,Microcredito,4982340,172
2025-11-27,Bogota,Libranza,1050638,150
2025-11-27,Bogota,Libranza,2648675,104
2025-11-27,Bogota,Tarjeta Visa,4032040,198
2025-11-27,Bogota,Credito Consumo,1274758,104
2025-11-27,Bogota,Libranza,2539195,119
2025-11-27,Bogota,Microcredito,4223580,113
2025-11-27,Bogota,Microcredito,4109294,121
2025-11-27,Bogota,Libranza,2248794,109
2025-11-27,Bogota,Credito Consumo,1971271,194
2025-11-27,Bogota,Tarjeta Visa,3241811,137
2025-11-27,Bogota,Tarjeta Visa,1233452,112
2025-11-27,Bogota,Microcredito,2865943,169
2025-11-27,Bogota,Tarjeta Visa,1171626,113
2025-11-27,Bogota,Microcredito,3420073,182
2025-11-27,Bogota,Tarjeta Visa,4155086,110
2025-11-27,Bogota,Libranza,4482593,191
2025-11-27,Bogota,Credito Consumo,883811,142
2025-11-27,Bogota,Libranza,1995232,194
2025-11-27,Bogota,Credito Consumo,1713796,114
2025-11-27,Bogota,Tarjeta Visa,3274044,181
2025-11-27,Bogota,Credito Consumo,3913432,157
2025-11-27,Bogota,Libranza,932206,145
2025-11-27,Bogota,Microcredito,1604956,106
2025-11-27,Bogota,Libranza,4938457,147
2025-11-27,Bogota,Tarjeta Visa,1964421,151
2025-11-27,Bogota,Microcredito,4661052,138
2025-11-27,Bogota,Credito Consumo,1739575,192
2025-11-27,Bogota,Credito Consumo,939198,187
2025-11-27,Bogota,Libranza,1779885,104
2025-11-27,Bogota,Microcredito,2984707,183
