Fecha,Sucursal,Producto,Monto_Venta,ID_Asesor
2025-11-27,Barranquilla,Libranza,2564101,196
2025-11-27,Barranquilla,Microcredito,1949293,100
2025-11-27,Barranquilla,Tarjeta Visa,200502,194
2025-11-27,Barranquilla,Libranza,3592017,183
2025-11-27,Barranquilla,Libranza,4184813,133
2025-11-27,Barranquilla,Tarjeta Visa,704777,123
2025-11-27,Barranquilla,Tarjeta Visa,2578780,115
2025-11-27,Barranquilla,Microcredito,4545905,159
2025-11-27,Barranquilla,Tarjeta Visa,4621666,129
2025-11-27,Barranquilla,Microcredito,3155589,172
2025-11-27,Barranquilla,Credito Consumo,664911,130
2025-11-27,Barranquilla,Tarjeta Visa,3104219,104
2025-11-27,Barranquilla,Credito Consumo,3234375,161
2025-11-27,Barranquilla,Tarjeta Visa,2871020,129
2025-11-27,Barranquilla,Tarjeta Visa,1171678,173
2025-11-27,Barranquilla,Tarjeta Visa,1596938,188
2025-11-27,Barranquilla,Credito Consumo,2980166,141
2025-11-27,Barranquilla,Tarjeta Visa,295496,129
2025-11-27,Barranquilla,Libranza,1959828,134
2025-11-27,Barranquilla,Tarjeta Visa,790283,166
2025-11-27,Barranquilla,Credito Consumo,4128346,134
2025-11-27,Barranquilla,Tarjeta Visa,3434584,152
2025-11-27,Barranquilla,Tarjeta Visa,4345863,145
2025-11-27,Barranquilla,Tarjeta Visa,787870,183
2025-11-27,Barranquilla,Tarjeta Visa,2370622,145
2025-11-27,Barranquilla,Libranza,3050622,145
2025-11-27,Barranquilla,Libranza,4983208,190
2025-11-27,Barranquilla,Microcredito,1325898,129
2025-11-27,Barranquilla,Libranza,1454395,118
2025-11-27,Barranquilla,Credito Consumo,1435863,146
2025-11-27,Barranquilla,Credito Consumo,2169617,170
2025-11-27,Barranquilla,Tarjeta Visa,396974,166
2025-11-27,Barranquilla,Libranza,1987018,123
2025-11-27,Barranquilla,Microcredito,2486952,114
2025-11-27,Barranquilla,Credito Consumo,1428149,120
2025-11-27,Barranquilla,Credito Consumo,1908383,139
2025-11-27,Barranquilla,Credito Consumo,445909,119
2025-11-27,Barranquilla,Libranza,4553683,122
2025-11-27,Barranquilla,Tarjeta Visa,1146967,155
2025-11-27,Barranquilla,Libranza,2725294,111
2025-11-27,Barranquilla,Microcredito,2811113,119
2025-11-27,Barranquilla,Credito Consumo,517222,105
2025-11-27,Barranquilla,Credito Consumo,2576645,174
2025-11-27,Barranquilla,Tarjeta Visa,3810004,144
2025-11-27,Barranquilla,Credito Consumo,4158069,142
2025-11-27,Barranquilla,Microcredito,3166889,190
2025-11-27,Barranquilla,Libranza,3503508,163
2025-11-27,Barranquilla,Credito Consumo,1016537,126
2025-11-27,Barranquilla,Libranza,742263,103
2025-11-27,Barranquilla,Microcredito,3780084,130
2025-11-27,Barranquilla,Credito Consumo,523803,179
2025-11-27,Barranquilla,Tarjeta Visa,1853240,107
2025-11-27,Barranquilla,Credito Consumo,2509298,138
2025-11-27,Barranquilla,Microcredito,2027399,117
2025-11-27,Barranquilla,Tarjeta Visa,2864574,196
2025-11-27,Barranquilla,Microcredito,247580,198
2025-11-27,Barranquilla,Microcredito,2597127,163
2025-11-27,Barranquilla,Tarjeta Visa,4240210,140
2025-11-27,Barranquilla,Libranza,2799917,105
2025-11-27,Barranquilla,Microcredito,1453962,191
2025-11-27,Barranquilla,Tarjeta Visa,532493,104
2025-11-27,Barranquilla,Credito Consumo,1407461,191
2025-11-27,Barranquilla,Libranza,2347516,148
2025-11-27,Barranquilla,Microcredito,185960,105
2025-11-27,Barranquilla,Microcredito,1119489,149
2025-11-27,Barranquilla,Microcredito,3392401,138
2025-11-27,Barranquilla,Tarjeta Visa,2556456,134
2025-11-27,Barranquilla,Tarjeta Visa,3902742,129
2025-11-27,Barranquilla,Credito Consumo,2118509,177
2025-11-27,Barranquilla,Tarjeta Visa,2669215,137
2025-11-27,Barranquilla,Microcredito,4440634,130
2025-11-27,Barranquilla,Credito Consumo,1035549,178
2025-11-27,Barranquilla,Libranza,2530463,110
2025-11-27,Barranquilla,Credito Consumo,2920059,154
2025-11-27,Barranquilla,Microcredito,3011262,114
2025-11-27,Barranquilla,Tarjeta Visa,3269728,159
2025-11-27,Barranquilla,Libranza,193072,118
2025-11-27,Barranquilla,Microcredito,1882870,132
2025-11-27,Barranquilla,Libranza,374022,123
2025-11-27,Barranquilla,Libranza,1834223,193
2025-11-27,Barranquilla,Credito Consumo,1003796,159
2025-11-27,Barranquilla,Tarjeta Visa,2597455,113
2025-11-27,Barranquilla,Microcredito,1077878,184
2025-11-27,Barranquilla,Tarjeta Visa,1719253,122
2025-11-27,Barranquilla,Tarjeta Visa,3568076,112
2025-11-27,Barranquilla,Microcredito,1122015,152
2025-11-27,Barranquilla,Microcredito,4747634,122
2025-11-27,Barranquilla,Credito Consumo,4741319,153
2025-11-27,Barranquilla,Libranza,1760941,194
2025-11-27,Barranquilla,Microcredito,4412460,133
2025-11-27,Barranquilla,Microcredito,2761296,100
2025-11-27,Barranquilla,Credito Consumo,357935,127
2025-11-27,Barranquilla,Credito Consumo,4231216,184
2025-11-27,Barranquilla,Libranza,2187700,127
2025-11-27,Barranquilla,Microcredito,4209735,122
2025-11-27,Barranquilla,Libranza,196891,110
2025-11-27,Barranquilla,Credito Consumo,2297508,140
2025-11-27,Barranquilla,Microcredito,3652038,122
2025-11-27,Barranquilla,Tarjeta Visa,4076082,116
2025-11-27,Barranquilla,Tarjeta Visa,2177881,162
2025-11-27,Barranquilla,Libranza,3662676,187
2025-11-27,Barranquilla,Libranza,1623780,148
2025-11-27,Barranquilla,Credito Consumo,4209575,183
2025-11-27,Barranquilla,Libranza,503393,182
2025-11-27,Barranquilla,Libranza,1776458,155
2025-11-27,Barranquilla,Libranza,2284382,148
2025-11-27,Barranquilla,Microcredito,807635,148
2025-11-27,Barranquilla,Credito Consumo,3121157,118
2025-11-27,Barranquilla,Credito Consumo,3334458,153
2025-11-27,Barranquilla,Credito Consumo,4275058,143
2025-11-27,Barranquilla,Libranza,454441,121
2025-11-27,Barranquilla,Microcredito,4829902,179
2025-11-27,Barranquilla,Credito Consumo,2402610,133
2025-11-27,Barranquilla,Credito Consumo,747005,141
2025-11-27,Barranquilla,Tarjeta Visa,2044066,136
2025-11-27,Barranquilla,Microcredito,4545886,185
2025-11-27,Barranquilla,Microcredito,4880698,128
2025-11-27,Barranquilla,Tarjeta Visa,2271728,197
2025-11-27,Barranquilla,Credito Consumo,4145468,130
2025-11-27,Barranquilla,Microcredito,1761334,144
2025-11-27,Barranquilla,Libranza,4761217,112
2025-11-27,Barranquilla,Tarjeta Visa,1155609,169
2025-11-27,Barranquilla,Libranza,876517,125
2025-11-27,Barranquilla,Microcredito,3541789,155
2025-11-27,Barranquilla,Microcredito,1605632,118
2025-11-27,Barranquilla,Libranza,884097,126
2025-11-27,Barranquilla,Libranza,566866,114
2025-11-27,Barranquilla,Microcredito,780713,170
2025-11-27,Barranquilla,Microcredito,2990794,177
2025-11-27,Barranquilla,Tarjeta Visa,4661877,126
2025-11-27,Barranquilla,Credito Consumo,4783027,109
2025-11-27,Barranquilla,Tarjeta Visa,1157313,172
2025-11-27,Barranquilla,Microcredito,4462526,109
2025-11-27,Barranquilla,Libranza,2034687,111
2025-11-27,Barranquilla,Libranza,2234976,147
2025-11-27,Barranquilla,Microcredito,4480266,105
2025-11-27,Barranquilla,Credito Consumo,1722625,139
2025-11-27,Barranquilla,Credito Consumo,2571232,104
2025-11-27,Barranquilla,Credito Consumo,994113,180
2025-11-27,Barranquilla,Microcredito,1912460,180
2025-11-27,Barranquilla,Credito Consumo,4291837,186
2025-11-27,Barranquilla,Libranza,2341478,126
2025-11-27,Barranquilla,Tarjeta Visa,3528666,137
2025-11-27,Barranquilla,Tarjeta Visa,2039653,194
2025-11-27,Barranquilla,Tarjeta Visa,103869,179
2025-11-27,Barranquilla,Microcredito,1117188,131
2025-11-27,Barranquilla,Credito Consumo,1275935,175
2025-11-27,Barranquilla,Tarjeta Visa,2303618,180
2025-11-27,Barranquilla,Libranza,2528190,154
2025-11-27,Barranquilla,Libranza,489373,128
2025-11-27,Barranquilla,Credito Consumo,2771736,157
2025-11-27,Barranquilla,Libranza,912312,118
2025-11-27,Barranquilla,Tarjeta Visa,1782287,129
2025-11-27,Barranquilla,Microcredito,4523526,131
2025-11-27,Barranquilla,Microcredito,2744753,125
2025-11-27,Barranquilla,Microcredito,2145737,150
2025-11-27,Barranquilla,Tarjeta Visa,2331241,154
2025-11-27,Barranquilla,Credito Consumo,989565,138
2025-11-27,Barranquilla,Tarjeta Visa,2118805,180
2025-11-27,Barranquilla,Tarjeta Visa,4631607,152
2025-11-27,Barranquilla,Libranza,3362332,118
2025-11-27,Barranquilla,Credito Consumo,766880,106
2025-11-27,Barranquilla,Credito Consumo,3136319,162
2025-11-27,Barranquilla,Tarjeta Visa,770856,109
2025-11-27,Barranquilla,Microcredito,3138120,133
2025-11-27,Barranquilla,Credito Consumo,3768264,197
2025-11-27,Barranquilla,Tarjeta Visa,503367,157
2025-11-27,Barranquilla,Credito Consumo,2458530,117
2025-11-27,Barranquilla,Microcredito,1358371,192
2025-11-27,Barranquilla,Tarjeta Visa,860464,175
2025-11-27,Barranquilla,Credito Consumo,933201,196
2025-11-27,Barranquilla,Microcredito,4791930,167
2025-11-27,Barranquilla,Tarjeta Visa,2278244,127
2025-11-27,Barranquilla,Credito Consumo,2217755,141
2025-11-27,Barranquilla,Credito Consumo,3601043,122
2025-11-27,Barranquilla,Libranza,1399052,161
2025-11-27,Barranquilla,Libranza,1307595,102
2025-11-27,Barranquilla,Tarjeta Visa,3316265,140
2025-11-27,Barranquilla,Tarjeta Visa,2190781,190
2025-11-27,Barranquilla,Credito Consumo,2286155,178
2025-11-27,Barranquilla,Tarjeta Visa,4968408,194
2025-11-27,Barranquilla,Credito Consumo,2404856,198
2025-11-27,Barranquilla,Tarjeta Visa,4344751,156
2025-11-27,Barranquilla,Microcredito,234163,100
2025-11-27,Barranquilla,Microcredito,2510510,159
2025-11-27,Barranquilla,Credito Consumo,3575048,105
2025-11-27,Barranquilla,Libranza,4992264,118
2025-11-27,Barranquilla,Microcredito,1569998,196
2025-11-27,Barranquilla,Microcredito,1246742,154
2025-11-27,Barranquilla,Microcredito,451772,161
2025-11-27,Barranquilla,Microcredito,4417838,113
2025-11-27,Barranquilla,Credito Consumo,459716,129
2025-11-27,Barranquilla,Libranza,2145057,196
2025-11-27,Barranquilla,Libranza,4374460,106
2025-11-27,Barranquilla,Libranza,4592537,109
2025-11-27,Barranquilla,Credito Consumo,1345690,112
2025-11-27,Barranquilla,Libranza,3238778,151
2025-11-27,Barranquilla,Tarjeta Visa,4161900,125
2025-11-27,Barranquilla,Libranza,509342,141
2025-11-27,Barranquilla,Libranza,2318533,179
2025-11-27,Barranquilla,Libranza,4597192,121
2025-11-27,Barranquilla,Credito Consumo,4694293,141
2025-11-27,Barranquilla,Microcredito,1852018,133
2025-11-27,Barranquilla,Credito Consumo,1369313,153
2025-11-27,Barranquilla,Tarjeta Visa,3281041,162
2025-11-27,Barranquilla,Tarjeta Visa,1870085,150
2025-11-27,Barranquilla,Credito Consumo,3000425,177
2025-11-27,Barranquilla,Microcredito,3209419,159
2025-11-27,Barranquilla,Tarjeta Visa,1446624,118
2025-11-27,Barranquilla,Credito Consumo,910028,103
2025-11-27,Barranquilla,Libranza,4893171,164
2025-11-27,Barranquilla,Microcredito,1478933,142
2025-11-27,Barranquilla,Libranza,611453,106
2025-11-27,Barranquilla,Microcredito,3604730,173
2025-11-27,Barranquilla,Libranza,2606672,162
2025-11-27,Barranquilla,Libranza,4009901,142
2025-11-27,Barranquilla,Tarjeta Visa,3549288,158
2025-11-27,Barranquilla,Libranza,2797049,196
2025-11-27,Barranquilla,Credito Consumo,3530449,144
2025-11-27,Barranquilla,Microcredito,3621689,163
2025-11-27,Barranquilla,Microcredito,3869277,107
2025-11-27,Barranquilla,Libranza,1011550,181
2025-11-27,Barranquilla,Tarjeta Visa,1274884,139
2025-11-27,Barranquilla,Microcredito,1810404,188
2025-11-27,Barranquilla,Microcredito,1334251,153
2025-11-27,Barranquilla,Microcredito,484809,115
2025-11-27,Barranquilla,Credito Consumo,809578,176
2025-11-27,Barranquilla,Tarjeta Visa,150000,196
2025-11-27,Barranquilla,Microcredito,1157611,129
2025-11-27,Barranquilla,Libranza,4809202,107
2025-11-27,Barranquilla,Microcredito,3059735,147
2025-11-27,Barranquilla,Microcredito,3002141,186
2025-11-27,Barranquilla,Microcredito,1795300,122
2025-11-27,Barranquilla,Microcredito,1259618,162
2025-11-27,Barranquilla,Tarjeta Visa,3896034,187
2025-11-27,Barranquilla,Microcredito,4046408,128
2025-11-27,Barranquilla,Tarjeta Visa,4000498,119
2025-11-27,Barranquilla,Tarjeta Visa,2961330,103
2025-11-27,Barranquilla,Credito Consumo,2840271,194
2025-11-27,Barranquilla,Libranza,1338881,169
2025-11-27,Barranquilla,Microcredito,1198357,179
2025-11-27,Barranquilla,Tarjeta Visa,1864495,196
2025-11-27,Barranquilla,Libranza,4786781,149
2025-11-27,Barranquilla,Credito Consumo,4987750,113
2025-11-27,Barranquilla,Microcredito,4051588,104
2025-11-27,Barranquilla,Credito Consumo,4906955,174
2025-11-27,Barranquilla,Credito Consumo,3686348,114
2025-11-27,Barranquilla,Tarjeta Visa,1406378,111
2025-11-27,Barranquilla,Credito Consumo,4173694,185
2025-11-27,Barranquilla,Credito Consumo,3683974,100
2025-11-27,Barranquilla,Tarjeta Visa,4810561,161
2025-11-27,Barranquilla,Libranza,3113626,178
2025-11-27,Barranquilla,Tarjeta Visa,301771,179
2025-11-27,Barranquilla,Credito Consumo,622327,168
2025-11-27,Barranquilla,Tarjeta Visa,2548478,102
2025-11-27,Barranquilla,Microcredito,1561981,180
2025-11-27,Barranquilla,Libranza,2904732,140
2025-11-27,Barranquilla,Microcredito,4248833,100
2025-11-27,Barranquilla,Libranza,2464813,176
2025-11-27,Barranquilla,Microcredito,1833059,153
2025-11-27,Barranquilla,Tarjeta Visa,4201212,122
2025-11-27,Barranquilla,Credito Consumo,1448342,163
2025-11-27,Barranquilla,Microcredito,1809305,164
2025-11-27,Barranquilla,Microcredito,1980400,137
2025-11-27,Barranquilla,Libranza,2809812,180
2025-11-27,Barranquilla,Tarjeta Visa,3118357,157
2025-11-27,Barranquilla,Tarjeta Visa,2226035,184
2025-11-27,Barranquilla,Credito Consumo,3512696,144
2025-11-27,Barranquilla,Libranza,3921983,191
2025-11-27,Barranquilla,Microcredito,4199875,175
2025-11-27,Barranquilla,Microcredito,3877726,108
2025-11-27,Barranquilla,Credito Consumo,2492395,155
2025-11-27,Barranquilla,Credito Consumo,4322294,170
2025-11-27,Barranquilla,Microcredito,1674343,147
2025-11-27,Barranquilla,Libranza,1809107,102
2025-11-27,Barranquilla,Libranza,4842218,138
2025-11-27,Barranquilla,Tarjeta Visa,1440705,114
2025-11-27,Barranquilla,Credito Consumo,4593378,163
2025-11-27,Barranquilla,Credito Consumo,1065802,123
2025-11-27,Barranquilla,Credito Consumo,1552478,166
2025-11-27,Barranquilla,Microcredito,4383472,198
2025-11-27,Barranquilla,Libranza,2168677,158
2025-11-27,Barranquilla,Microcredito,3971559,167
2025-11-27,Barranquilla,Microcredito,1430834,185
2025-11-27,Barranquilla,Credito Consumo,3314857,120
2025-11-27,Barranquilla,Tarjeta Visa,4682622,188
2025-11-27,Barranquilla,Credito Consumo,3452345,121
2025-11-27,Barranquilla,Libranza,2162667,193
2025-11-27,Barranquilla,Libranza,3726097,101
2025-11-27,Barranquilla,Microcredito,3398318,108
2025-11-27,Barranquilla,Microcredito,4760623,171
2025-11-27,Barranquilla,Microcredito,842784,198
2025-11-27,Barranquilla,Microcredito,2224946,138
2025-11-27,Barranquilla,Microcredito,3001633,150
2025-11-27,Barranquilla,Credito Consumo,4233947,168
2025-11-27,Barranquilla,Tarjeta Visa,4384782,181
2025-11-27,Barranquilla,Libranza,4106453,178
2025-11-27,Barranquilla,Microcredito,4127007,173
2025-11-27,Barranquilla,Libranza,2274025,152
2025-11-27,Barranquilla,Tarjeta Visa,3543793,144
2025-11-27,Barranquilla,Credito Consumo,3146489,108
2025-11-27,Barranquilla,Tarjeta Visa,2986458,151
2025-11-27,Barranquilla,Credito Consumo,3804410,130
2025-11-27,Barranquilla,Tarjeta Visa,1208946,104
2025-11-27,Barranquilla,Credito Consumo,1815120,153
2025-11-27,Barranquilla,Tarjeta Visa,3111847,176
2025-11-27,Barranquilla,Libranza,4841977,129
2025-11-27,Barranquilla,Microcredito,3922852,190
2025-11-27,Barranquilla,Credito Consumo,4363041,161
2025-11-27,Barranquilla,Credito Consumo,1206707,183
2025-11-27,Barranquilla,Credito Consumo,3764468,195
2025-11-27,Barranquilla,Credito Consumo,2326409,182
2025-11-27,Barranquilla,Microcredito,2188111,151
2025-11-27,Barranquilla,Microcredito,4313067,191
2025-11-27,Barranquilla,Libranza,4571862,161
2025-11-27,Barranquilla,Credito Consumo,4744306,106
2025-11-27,Barranquilla,Tarjeta Visa,3580303,196
2025-11-27,Barranquilla,Credito Consumo,3939154,127
2025-11-27,Barranquilla,Libranza,3844654,166
2025-11-27,Barranquilla,Microcredito,2538827,116
2025-11-27,Barranquilla,Libranza,1951235,179
2025-11-27,Barranquilla,Credito Consumo,2498076,196
2025-11-27,Barranquilla,Microcredito,124120,125
2025-11-27,Barranquilla,Libranza,4404583,114
2025-11-27,Barranquilla,Microcredito,1546434,126
2025-11-27,Barranquilla,Microcredito,2251705,188
2025-11-27,Barranquilla,Microcredito,1603373,154
2025-11-27,Barranquilla,Microcredito,2484644,186
2025-11-27,Barranquilla,Credito Consumo,1720810,181
2025-11-27,Barranquilla,Credito Consumo,3753063,159
2025-11-27,Barranquilla,Credito Consumo,3497176,191
2025-11-27,Barranquilla,Microcredito,3613746,124
2025-11-27,Barranquilla,Libranza,3333484,109
2025-11-27,Barranquilla,Tarjeta Visa,2325216,160
2025-11-27,Barranquilla,Libranza,4417383,191
2025-11-27,Barranquilla,Tarjeta Visa,2670028,186
2025-11-27,Barranquilla,Credito Consumo,2707180,148
2025-11-27,Barranquilla,Tarjeta Visa,4255920,168
2025-11-27,Barranquilla,Libranza,2330105,111
2025-11-27,Barranquilla,Tarjeta Visa,4508268,128
2025-11-27,Barranquilla,Credito Consumo,4150343,107
2025-11-27,Barranquilla,Libranza,3110395,194
2025-11-27,Barranquilla,Libranza,4145866,182
2025-11-27,Barranquilla,Microcredito,3851758,198
2025-11-27,Barranquilla,Microcredito,830490,135
2025-11-27,Barranquilla,Microcredito,1741149,157
2025-11-27,Barranquilla,Tarjeta Visa,3523256,184
2025-11-27,Barranquilla,Libranza,2865685,120
2025-11-27,Barranquilla,Libranza,1389366,109
2025-11-27,Barranquilla,Tarjeta Visa,1723323,159
2025-11-27,Barranquilla,Microcredito,1922848,196
2025-11-27,Barranquilla,Libranza,2657470,166
2025-11-27,Barranquilla,Credito Consumo,4573093,180
2025-11-27,Barranquilla,Libranza,3595267,132
2025-11-27,Barranquilla,Credito Consumo,3214182,195
2025-11-27,Barranquilla,Tarjeta Visa,1991768,116
2025-11-27,Barranquilla,Credito Consumo,3065962,146
2025-11-27,Barranquilla,Microcredito,2108357,164
2025-11-27,Barranquilla,Tarjeta Visa,4392249,137
2025-11-27,Barranquilla,Credito Consumo,2037341,167
2025-11-27,Barranquilla,Microcredito,3042921,153
2025-11-27,Barranquilla,Libranza,4018860,154
2025-11-27,Barranquilla,Libranza,324188,118
2025-11-27,Barranquilla,Libranza,2240302,192
2025-11-27,Barranquilla,Credito Consumo,1798648,112
2025-11-27,Barranquilla,Tarjeta Visa,2542590,108
2025-11-27,Barranquilla,Tarjeta Visa,943908,118
2025-11-27,Barranquilla,Credito Consumo,1189699,130
2025-11-27,Barranquilla,Tarjeta Visa,4618058,103
2025-11-27,Barranquilla,Credito Consumo,4804781,138
2025-11-27,Barranquilla,Microcredito,372269,149
2025-11-27,Barranquilla,Credito Consumo,2969893,166
2025-11-27,Barranquilla,Credito Consumo,1243161,141
2025-11-27,Barranquilla,Credito Consumo,108901,139
2025-11-27,Barranquilla,Tarjeta Visa,3298160,156
2025-11-27,Barranquilla,Libranza,915656,197
2025-11-27,Barranquilla,Microcredito,3684594,126
2025-11-27,Barranquilla,Tarjeta Visa,3957453,195
2025-11-27,Barranquilla,Libranza,716619,174
2025-11-27,Barranquilla,Tarjeta Visa,2479725,164
2025-11-27,Barranquilla,Tarjeta Visa,2678383,156
2025-11-27,Barranquilla,Tarjeta Visa,2550272,180
2025-11-27,Barranquilla,Microcredito,2594559,145
2025-11-27,Barranquilla,Tarjeta Visa,512286,112
2025-11-27,Barranquilla,Microcredito,2294706,154
2025-11-27,Barranquilla,Credito Consumo,3051112,182
2025-11-27,Barranquilla,Libranza,321671,142
2025-11-27,Barranquilla,Credito Consumo,2775845,104
2025-11-27,Barranquilla,Tarjeta Visa,4405836,184
2025-11-27,Barranquilla,Microcredito,1881278,177
2025-11-27,Barranquilla,Credito Consumo,3962912,126
2025-11-27,Barranquilla,Microcredito,3023905,137
2025-11-27,Barranquilla,Libranza,4381193,135
2025-11-27,Barranquilla,Tarjeta Visa,4085323,110
2025-11-27,Barranquilla,Microcredito,1124268,171
2025-11-27,Barranquilla,Microcredito,2387708,123
2025-11-27,Barranquilla,Tarjeta Visa,1210968,168
2025-11-27,Barranquilla,Tarjeta Visa,3332058,111
2025-11-27,Barranquilla,Microcredito,696025,126
2025-11-27,Barranquilla,Libranza,4257086,160
2025-11-27,Barranquilla,Tarjeta Visa,686232,178
2025-11-27,Barranquilla,Tarjeta Visa,3373159,112
2025-11-27,Barranquilla,Microcredito,1252186,165
2025-11-27,Barranquilla,Tarjeta Visa,1085940,195
2025-11-27,Barranquilla,Microcredito,343248,161
2025-11-27,Barranquilla,Microcredito,4816462,128
2025-11-27,Barranquilla,Credito Consumo,2546532,159
2025-11-27,Barranquilla,Microcredito,441218,100
2025-11-27,Barranquilla,Microcredito,3766412,163
2025-11-27,Barranquilla,Credito Consumo,1855069,156
2025-11-27,Barranquilla,Microcredito,4404126,191
2025-11-27,Barranquilla,Libranza,245672,195
2025-11-27,Barranquilla,Libranza,365487,135
2025-11-27,Barranquilla,Libranza,4333633,122
2025-11-27,Barranquilla,Tarjeta Visa,3271075,114
2025-11-27,Barranquilla,Tarjeta Visa,4446508,175
2025-11-27,Barranquilla,Credito Consumo,264875,116
2025-11-27,Barranquilla,Tarjeta Visa,2687107,170
2025-11-27,Barranquilla,Tarjeta Visa,3445801,135
2025-11-27,Barranquilla,Tarjeta Visa,3350435,127
2025-11-27,Barranquilla,Microcredito,1903672,178
2025-11-27,Barranquilla,Microcredito,3820372,120
2025-11-27,Barranquilla,Tarjeta Visa,4141023,138
2025-11-27,Barranquilla,Tarjeta Visa,1175479,163
2025-11-27,Barranquilla,Tarjeta Visa,4179788,133
2025-11-27,Barranquilla,Credito Consumo,2550387,186
2025-11-27,Barranquilla,Credito Consumo,586110,166
2025-11-27,Barranquilla,Tarjeta Visa,4051276,179
2025-11-27,Barranquilla,Credito Consumo,1892194,151
2025-11-27,Barranquilla,Credito Consumo,4321434,128
2025-11-27,Barranquilla,Libranza,4412875,186
2025-11-27,Barranquilla,Libranza,4655520,185
2025-11-27,Barranquilla,Libranza,1477652,116
2025-11-27,Barranquilla,Libranza,923483,120
2025-11-27,Barranquilla,Tarjeta Visa,897233,162
2025-11-27,Barranquilla,Tarjeta Visa,3445381,193
2025-11-27,Barranquilla,Tarjeta Visa,4554151,118
2025-11-27,Barranquilla,Microcredito,3330501,153
2025-11-27,Barranquilla,Tarjeta Visa,2487497,182
2025-11-27,Barranquilla,Libranza,761283,153
2025-11-27,Barranquilla,Libranza,821071,184
2025-11-27,Barranquilla,Credito Consumo,1542400,155
2025-11-27,Barranquilla,Credito Consumo,391238,119
2025-11-27,Barranquilla,Credito Consumo,3094002,134
2025-11-27,Barranquilla,Credito Consumo,231549,114
2025-11-27,Barranquilla,Credito Consumo,2537609,179
2025-11-27,Barranquilla,Credito Consumo,1232984,143
2025-11-27,Barranquilla,Libranza,2605804,135
2025-11-27,Barranquilla,Tarjeta Visa,527881,181
2025-11-27,Barranquilla,Credito Consumo,4999840,102
2025-11-27,Barranquilla,Credito Consumo,4358343,129
2025-11-27,Barranquilla,Microcredito,2548269,107
2025-11-27,Barranquilla,Credito Consumo,2606675,106
2025-11-27,Barranquilla,Microcredito,823027,139
2025-11-27,Barranquilla,Credito Consumo,514848,123
2025-11-27,Barranquilla,Credito Consumo,4376264,180
2025-11-27,Barranquilla,Credito Consumo,4617478,108
2025-11-27,Barranquilla,Libranza,4564978,161
2025-11-27,Barranquilla,Microcredito,4945615,137
2025-11-27,Barranquilla,Credito Consumo,3154824,142
2025-11-27,Barranquilla,Tarjeta Visa,384871,172
2025-11-27,Barranquilla,Tarjeta Visa,4531004,153
2025-11-27,Barranquilla,Tarjeta Visa,3748237,129
2025-11-27,Barranquilla,Microcredito,380096,183
2025-11-27,Barranquilla,Credito Consumo,1783180,121
2025-11-27,Barranquilla,Libranza,4894247,178
2025-11-27,Barranquilla,Libranza,4925789,106
2025-11-27,Barranquilla,Libranza,1977996,168
2025-11-27,Barranquilla,Libranza,4998954,178
2025-11-27,Barranquilla,Libranza,4480792,130
2025-11-27,Barranquilla,Microcredito,4002238,121
2025-11-27,Barranquilla,Credito Consumo,1119475,142
2025-11-27,Barranquilla,Credito Consumo,2987119,144
2025-11-27,Barranquilla,Libranza,1272714,101
2025-11-27,Barranquilla,Libranza,3704119,181
2025-11-27,Barranquilla,Credito Consumo,307396,167
2025-11-27,Barranquilla,Tarjeta Visa,1408256,157
2025-11-27,Barranquilla,Libranza,939931,189
2025-11-27,Barranquilla,Credito Consumo,4897406,195
2025-11-27,Barranquilla,Tarjeta Visa,1717355,142
2025-11-27,Barranquilla,Libranza,3996826,100
2025-11-27,Barranquilla,Microcredito,695478,178
2025-11-27,Barranquilla,Microcredito,202144,151
2025-11-27,Barranquilla,Tarjeta Visa,3862954,195
2025-11-27,Barranquilla,Tarjeta Visa,2537974,185
2025-11-27,Barranquilla,Credito Consumo,2676122,155
2025-11-27,Barranquilla,Credito Consumo,1301443,191
2025-11-27,Barranquilla,Tarjeta Visa,4699770,157
2025-11-27,Barranquilla,Tarjeta Visa,1892124,182
2025-11-27,Barranquilla,Microcredito,1465618,124
2025-11-27,Barranquilla,Libranza,4078896,108
2025-11-27,Barranquilla,Credito Consumo,1058227,103
2025-11-27,Barranquilla,Libranza,3426998,158
2025-11-27,Barranquilla,Tarjeta Visa,4389817,124
2025-11-27,Barranquilla,Credito Consumo,901472,105
2025-11-27,Barranquilla,Libranza,4657810,107
2025-11-27,Barranquilla,Tarjeta Visa,2855216,182
2025-11-27,Barranquilla,Libranza,4261568,115
2025-11-27,Barranquilla,Credito Consumo,753752,164
2025-11-27,Barranquilla,Credito Consumo,3974408,137
2025-11-27,Barranquilla,Microcredito,123445,154
2025-11-27,Barranquilla,Credito Consumo,3579459,176
2025-11-27,Barranquilla,Tarjeta Visa,2327830,112
2025-11-27,Barranquilla,Tarjeta Visa,2269564,141
2025-11-27,Barranquilla,Tarjeta Visa,1170717,157
2025-11-27,Barranquilla,Microcredito,3572238,178
2025-11-27,Barranquilla,Tarjeta Visa,4017241,157
2025-11-27,Barranquilla,Credito Consumo,421649,114
2025-11-27,Barranquilla,Credito Consumo,3499233,159
2025-11-27,Barranquilla,Libranza,4196444,145
2025-11-27,Barranquilla,Credito Consumo,4575395,129
2025-11-27,Barranquilla,Libranza,4272653,126
2025-11-27,Barranquilla,Libranza,1957773,177
2025-11-27,Barranquilla,Microcredito,4034151,112
2025-11-27,Barranquilla,Libranza,3478444,174
2025-11-27,Barranquilla,Tarjeta Visa,237883,191
2025-11-27,Barranquilla,Microcredito,2525697,171
2025-11-27,Barranquilla,Microcredito,432124,142
2025-11-27,Barranquilla,Microcredito,3286822,166
2025-11-27,Barranquilla,Tarjeta Visa,2243803,117
2025-11-27,Barranquilla,Credito Consumo,4917758,139
2025-11-27,Barranquilla,Credito Consumo,3361015,196
2025-11-27,Barranquilla,Microcredito,509303,185
2025-11-27,Barranquilla,Libranza,208641,118
2025-11-27,Barranquilla,Credito Consumo,1938393,116
2025-11-27,Barranquilla,Credito Consumo,3606079,113
2025-11-27,Barranquilla,Libranza,4328085,134
2025-11-27,Barranquilla,Tarjeta Visa,470635,183
2025-11-27,Barranquilla,Tarjeta Visa,3629235,160
2025-11-27,Barranquilla,Credito Consumo,1882723,191
2025-11-27,Barranquilla,Tarjeta Visa,3812117,117
2025-11-27,Barranquilla,Libranza,3426592,146
2025-11-27,Barranquilla,Microcredito,1347592,172
2025-11-27,Barranquilla,Credito Consumo,4630063,126
2025-11-27,Barranquilla,Libranza,2281141,173
2025-11-27,Barranquilla,Credito Consumo,2864777,165
2025-11-27,Barranquilla,Tarjeta Visa,3885670,194
2025-11-27,Barranquilla,Libranza,3017320,156
2025-11-27,Barranquilla,Tarjeta Visa,2607615,115
2025-11-27,Barranquilla,Tarjeta Visa,2154686,153
2025-11-27,Barranquilla,Tarjeta Visa,1791207,179
2025-11-27,Barranquilla,Tarjeta Visa,885124,126
2025-11-27,Barranquilla,Libranza,4628783,190
2025-11-27,Barranquilla,Microcredito,1925213,176
2025-11-27,Barranquilla,Credito Consumo,4034191,127
2025-11-27,Barranquilla,Microcredito,2320357,158
2025-11-27,Barranquilla,Tarjeta Visa,1086620,170
2025-11-27,Barranquilla,Microcredito,732933,193
2025-11-27,Barranquilla,Libranza,2435722,100
2025-11-27,Barranquilla,Microcredito,271767,191
2025-11-27,Barranquilla,Tarjeta Visa,3181242,110
2025-11-27,Barranquilla,Credito Consumo,2466430,167
2025-11-27,Barranquilla,Libranza,4370278,158
2025-11-27,Barranquilla,Credito Consumo,671174,117
2025-11-27,Barranquilla,Libranza,1516193,112
2025-11-27,Barranquilla,Credito Consumo,922754,126
2025-11-27,Barranquilla,Tarjeta Visa,2557515,172
2025-11-27,Barranquilla,Credito Consumo,3948931,103
2025-11-27,Barranquilla,Credito Consumo,2318438,180
2025-11-27,Barranquilla,Libranza,4794568,170
2025-11-27,Barranquilla,Tarjeta Visa,1075850,139
2025-11-27,Barranquilla,Tarjeta Visa,4589529,177
2025-11-27,Barranquilla,Tarjeta Visa,3167223,160
2025-11-27,Barranquilla,Tarjeta Visa,897235,101
2025-11-27,Barranquilla,Tarjeta Visa,1821382,140
2025-11-27,Barranquilla,Libranza,3310379,180
2025-11-27,Barranquilla,Libranza,1114479,186
2025-11-27,Barranquilla,Credito Consumo,1005889,116
2025-11-27,Barranquilla,Tarjeta Visa,1004982,101
2025-11-27,Barranquilla,Credito Consumo,4154308,122
2025-11-27,Barranquilla,Tarjeta Visa,2823438,181
2025-11-27,Barranquilla,Libranza,152525,139
2025-11-27,Barranquilla,Tarjeta Visa,2797518,188
2025-11-27,Barranquilla,Tarjeta Visa,4192174,185
2025-11-27,Barranquilla,Tarjeta Visa,4470342,179
2025-11-27,Barranquilla,Libranza,1725481,197
2025-11-27,Barranquilla,Credito Consumo,4268031,136
2025-11-27,Barranquilla,Microcredito,2927434,187
2025-11-27,Barranquilla,Credito Consumo,4630732,165
2025-11-27,Barranquilla,Tarjeta Visa,4051359,168
2025-11-27,Barranquilla,Tarjeta Visa,2826535,175
2025-11-27,Barranquilla,Tarjeta Visa,4744475,162
2025-11-27,Barranquilla,Tarjeta Visa,4926393,144
2025-11-27,Barranquilla,Microcredito,3875807,103
2025-11-27,Barranquilla,Microcredito,4547582,114
2025-11-27,Barranquilla,Microcredito,4311896,103
2025-11-27,Barranquilla,Libranza,4756273,122
2025-11-27,Barranquilla,Tarjeta Visa,118624,152
2025-11-27,Barranquilla,Microcredito,2705008,161
2025-11-27,Barranquilla,Libranza,640505,112
2025-11-27,Barranquilla,Libranza,281505,102
2025-11-27,Barranquilla,Credito Consumo,2512566,104
2025-11-27,Barranquilla,Credito Consumo,173353,103
2025-11-27,Barranquilla,Tarjeta Visa,3552313,185
2025-11-27,Barranquilla,Credito Consumo,117142,115
2025-11-27,Barranquilla,Tarjeta Visa,436768,128
2025-11-27,Barranquilla,Libranza,4174585,153
2025-11-27,Barranquilla,Tarjeta Visa,1867602,142
2025-11-27,Barranquilla,Microcredito,3270862,110
2025-11-27,Barranquilla,Libranza,3032863,119
2025-11-27,Barranquilla,Microcredito,2257458,175
2025-11-27,Barranquilla,Libranza,4514764,163
2025-11-27,Barranquilla,Credito Consumo,1470045,156
2025-11-27,Barranquilla,Tarjeta Visa,217220,104
2025-11-27,Barranquilla,Tarjeta Visa,705284,160
2025-11-27,Barranquilla,Credito Consumo,248829,112
2025-11-27,Barranquilla,Tarjeta Visa,1336614,171
2025-11-27,Barranquilla,Microcredito,4411208,128
2025-11-27,Barranquilla,Libranza,3294559,197
2025-11-27,Barranquilla,Libranza,1585803,127
2025-11-27,Barranquilla,Microcredito,2864460,142
2025-11-27,Barranquilla,Tarjeta Visa,2614220,172
2025-11-27,Barranquilla,Tarjeta Visa,1496194,118
2025-11-27,Barranquilla,Tarjeta Visa,4420313,113
2025-11-27,Barranquilla,Libranza,2577547,176
2025-11-27,Barranquilla,Microcredito,4736921,162
2025-11-27,Barranquilla,Tarjeta Visa,1150953,143
2025-11-27,Barranquilla,Credito Consumo,910549,148
2025-11-27,Barranquilla,Credito Consumo,4384086,184
2025-11-27,Barranquilla,Microcredito,3515748,106
2025-11-27,Barranquilla,Tarjeta Visa,4977498,162
2025-11-27,Barranquilla,Tarjeta Visa,4330699,115
2025-11-27,Barranquilla,Libranza,862350,113
2025-11-27,Barranquilla,Libranza,1201507,130
2025-11-27,Barranquilla,Microcredito,275256,118
2025-11-27,Barranquilla,Microcredito,128999,177
2025-11-27,Barranquilla,Tarjeta Visa,3411090,186
2025-11-27,Barranquilla,Microcredito,406930,160
2025-11-27,Barranquilla,Credito Consumo,2238669,108
2025-11-27,Barranquilla,Microcredito,2780866,155
2025-11-27,Barranquilla,Tarjeta Visa,1297732,148
2025-11-27,Barranquilla,Credito Consumo,4777928,129
2025-11-27,Barranquilla,Libranza,3768931,138
2025-11-27,Barranquilla,Microcredito,1347956,185
2025-11-27,Barranquilla,Tarjeta Visa,3144401,174
2025-11-27,Barranquilla,Microcredito,2479403,130
2025-11-27,Barranquilla,Tarjeta Visa,3771414,187
2025-11-27,Barranquilla,Microcredito,1024282,118
2025-11-27,Barranquilla,Libranza,1841282,127
2025-11-27,Barranquilla,Tarjeta Visa,4443354,188
2025-11-27,Barranquilla,Libranza,1450125,145
2025-11-27,Barranquilla,Libranza,1119615,141
2025-11-27,Barranquilla,Microcredito,530562,184
2025-11-27,Barranquilla,Libranza,3313424,136
2025-11-27,Barranquilla,Libranza,1745444,178
2025-11-27,Barranquilla,Libranza,2060183,153
2025-11-27,Barranquilla,Credito Consumo,1139485,181
2025-11-27,Barranquilla,Microcredito,1224985,166
2025-11-27,Barranquilla,Credito Consumo,4988631,198
2025-11-27,Barranquilla,Credito Consumo,4981442,170
2025-11-27,Barranquilla,Libranza,667698,123
2025-11-27,Barranquilla,Libranza,705921,172
2025-11-27,Barranquilla,Libranza,3671906,152
2025-11-27,Barranquilla,Libranza,2309765,175
2025-11-27,Barranquilla,Credito Consumo,988124,137
2025-11-27,Barranquilla,Microcredito,4344185,116
2025-11-27,Barranquilla,Tarjeta Visa,299337,148
2025-11-27,Barranquilla,Tarjeta Visa,4352607,110
2025-11-27,Barranquilla,Tarjeta Visa,651334,124
2025-11-27,Barranquilla,Credito Consumo,1664133,161
2025-11-27,Barranquilla,Microcredito,2983646,165
2025-11-27,Barranquilla,Credito Consumo,1520011,171
2025-11-27,Barranquilla,Credito Consumo,4490028,125
2025-11-27,Barranquilla,Credito Consumo,3862651,118
2025-11-27,Barranquilla,Credito Consumo,1505164,111
2025-11-27,Barranquilla,Libranza,1921799,174
2025-11-27,Barranquilla,Libranza,570219,160
2025-11-27,Barranquilla,Tarjeta Visa,1106362,155
2025-11-27,Barranquilla,Tarjeta Visa,305550,187
2025-11-27,Barranquilla,Microcredito,4781759,160
2025-11-27,Barranquilla,Microcredito,895259,155
2025-11-27,Barranquilla,Microcredito,2165618,139
2025-11-27,Barranquilla,Credito Consumo,4157839,147
2025-11-27,Barranquilla,Credito Consumo,2567509,158
2025-11-27,Barranquilla,Tarjeta Visa,4306300,157
2025-11-27,Barranquilla,Microcredito,3366722,138
2025-11-27,Barranquilla,Tarjeta Visa,2407102,141
2025-11-27,Barranquilla,Tarjeta Visa,2256927,104
2025-11-27,Barranquilla,Libranza,321672,142
2025-11-27,Barranquilla,Tarjeta Visa,905666,130
2025-11-27,Barranquilla,Tarjeta Visa,4330081,131
2025-11-27,Barranquilla,Tarjeta Visa,1434168,177
2025-11-27,Barranquilla,Credito Consumo,4647130,147
2025-11-27,Barranquilla,Libranza,4096766,125
2025-11-27,Barranquilla,Credito Consumo,2486872,112
2025-11-27,Barranquilla,Microcredito,2637423,101
2025-11-27,Barranquilla,Microcredito,3024485,118
2025-11-27,Barranquilla,Libranza,1043178,179
2025-11-27,Barranquilla,Libranza,2120128,196
2025-11-27,Barranquilla,Credito Consumo,1327638,156
2025-11-27,Barranquilla,Microcredito,655914,196
2025-11-27,Barranquilla,Libranza,3041945,128
2025-11-27,Barranquilla,Tarjeta Visa,508809,136
2025-11-27,Barranquilla,Credito Consumo,2617846,148
2025-11-27,Barranquilla,Tarjeta Visa,185711,114
2025-11-27,Barranquilla,Credito Consumo,3829354,177
2025-11-27,Barranquilla,Credito Consumo,4591317,120
2025-11-27,Barranquilla,Microcredito,4027272,102
2025-11-27,Barranquilla,Libranza,2627723,186
2025-11-27,Barranquilla,Libranza,3080516,176
2025-11-27,Barranquilla,Tarjeta Visa,3381633,191
2025-11-27,Barranquilla,Libranza,3113691,100
2025-11-27,Barranquilla,Libranza,475438,173
2025-11-27,Barranquilla,Credito Consumo,1618183,123
2025-11-27,Barranquilla,Microcredito,1657643,101
2025-11-27,Barranquilla,Tarjeta Visa,3862725,161
2025-11-27,Barranquilla,Credito Consumo,2625262,125
2025-11-27,Barranquilla,Credito Consumo,4630902,177
2025-11-27,Barranquilla,Credito Consumo,4301894,194
2025-11-27,Barranquilla,Credito Consumo,126459,130
2025-11-27,Barranquilla,Credito Consumo,4883026,116
2025-11-27,Barranquilla,Credito Consumo,3922195,160
2025-11-27,Barranquilla,Tarjeta Visa,2445728,148
2025-11-27,Barranquilla,Libranza,1940747,101
2025-11-27,Barranquilla,Libranza,2173476,143
2025-11-27,Barranquilla,Tarjeta Visa,532439,116
2025-11-27,Barranquilla,Tarjeta Visa,1347276,156
2025-11-27,Barranquilla,Libranza,3528242,156
2025-11-27,Barranquilla,Credito Consumo,2016391,138
2025-11-27,Barranquilla,Libranza,2505759,125
2025-11-27,Barranquilla,Tarjeta Visa,3979445,120
2025-11-27,Barranquilla,Microcredito,2215638,195
2025-11-27,Barranquilla,Libranza,4456770,178
2025-11-27,Barranquilla,Credito Consumo,4815678,185
2025-11-27,Barranquilla,Tarjeta Visa,1826875,123
2025-11-27,Barranquilla,Credito Consumo,4516219,120
2025-11-27,Barranquilla,Libranza,2354004,195
2025-11-27,Barranquilla,Libranza,1656872,194
2025-11-27,Barranquilla,Libranza,1268754,174
2025-11-27,Barranquilla,Microcredito,480634,140
2025-11-27,Barranquilla,Tarjeta Visa,1687220,195
2025-11-27,Barranquilla,Libranza,3743921,197
2025-11-27,Barranquilla,Tarjeta Visa,3557509,131
2025-11-27,Barranquilla,Tarjeta Visa,3713453,134
2025-11-27,Barranquilla,Credito Consumo,503873,196
2025-11-27,Barranquilla,Microcredito,4226854,114
2025-11-27,Barranquilla,Credito Consumo,2417238,184
2025-11-27,Barranquilla,Credito Consumo,140757,182
2025-11-27,Barranquilla,Tarjeta Visa,459824,119
2025-11-27,Barranquilla,Tarjeta Visa,1474669,161
2025-11-27,Barranquilla,Credito Consumo,3192522,134
2025-11-27,Barranquilla,Credito Consumo,4536143,179
2025-11-27,Barranquilla,Libranza,4964824,151
2025-11-27,Barranquilla,Tarjeta Visa,3080746,167
2025-11-27,Barranquilla,Microcredito,1946630,102
2025-11-27,Barranquilla,Tarjeta Visa,2306308,139
2025-11-27,Barranquilla,Tarjeta Visa,3400380,170
2025-11-27,Barranquilla,Microcredito,3384917,124
2025-11-27,Barranquilla,Tarjeta Visa,3237990,113
2025-11-27,Barranquilla,Microcredito,711678,167
2025-11-27,Barranquilla,Credito Consumo,4932321,126
2025-11-27,Barranquilla,Microcredito,2529516,119
2025-11-27,Barranquilla,Libranza,1830393,156
2025-11-27,Barranquilla,Microcredito,2137714,181
2025-11-27,Barranquilla,Libranza,4260011,173
2025-11-27,Barranquilla,Tarjeta Visa,4783966,174
2025-11-27,Barranquilla,Microcredito,4328696,155
2025-11-27,Barranquilla,Microcredito,204762,191
2025-11-27,Barranquilla,Libranza,1649466,172
2025-11-27,Barranquilla,Tarjeta Visa,4968167,131
2025-11-27,Barranquilla,Tarjeta Visa,690787,119
2025-11-27,Barranquilla,Tarjeta Visa,4091473,115
2025-11-27,Barranquilla,Credito Consumo,4054239,145
2025-11-27,Barranquilla,Credito Consumo,811076,109
2025-11-27,Barranquilla,Libranza,2806651,126
2025-11-27,Barranquilla,Libranza,1930571,168
2025-11-27,Barranquilla,Tarjeta Visa,4666831,104
2025-11-27,Barranquilla,Credito Consumo,1283811,107
2025-11-27,Barranquilla,Libranza,3130053,159
2025-11-27,Barranquilla,Microcredito,901524,161
2025-11-27,Barranquilla,Tarjeta Visa,4833691,100
2025-11-27,Barranquilla,Libranza,2150982,195
2025-11-27,Barranquilla,Credito Consumo,2496659,110
2025-11-27,Barranquilla,Libranza,1550785,173
2025-11-27,Barranquilla,Microcredito,4641716,105
2025-11-27,Barranquilla,Credito Consumo,1636916,145
2025-11-27,Barranquilla,Tarjeta Visa,1059882,164
2025-11-27,Barranquilla,Tarjeta Visa,2707433,141
2025-11-27,Barranquilla,Microcredito,255575,190
2025-11-27,Barranquilla,Credito Consumo,359064,172
2025-11-27,Barranquilla,Libranza,800473,131
2025-11-27,Barranquilla,Tarjeta Visa,4386944,165
2025-11-27,Barranquilla,Tarjeta Visa,4238869,194
2025-11-27,Barranquilla,Libranza,1501357,122
2025-11-27,Barranquilla,Credito Consumo,2817052,163
2025-11-27,Barranquilla,Microcredito,356927,146
2025-11-27,Barranquilla,Microcredito,185059,101
2025-11-27,Barranquilla,Microcredito,4549593,126
2025-11-27,Barranquilla,Microcredito,1482000,165
2025-11-27,Barranquilla,Microcredito,4423084,127
2025-11-27,Barranquilla,Tarjeta Visa,1999096,135
2025-11-27,Barranquilla,Libranza,3228078,128
2025-11-27,Barranquilla,Microcredito,3169847,161
2025-11-27,Barranquilla,Credito Consumo,4293418,110
2025-11-27,Barranquilla,Credito Consumo,4207129,150
2025-11-27,Barranquilla,Libranza,3340928,108
2025-11-27,Barranquilla,Libranza,3428457,180
2025-11-27,Barranquilla,Credito Consumo,2445119,164
2025-11-27,Barranquilla,Microcredito,289582,128
2025-11-27,Barranquilla,Tarjeta Visa,4187612,187
2025-11-27,Barranquilla,Libranza,134305,118
2025-11-27,Barranquilla,Libranza,4178189,158
2025-11-27,Barranquilla,Libranza,3838057,146
2025-11-27,Barranquilla,Microcredito,4027924,186
2025-11-27,Barranquilla,Tarjeta Visa,3808176,111
2025-11-27,Barranquilla,Tarjeta Visa,1876653,159
2025-11-27,Barranquilla,Tarjeta Visa,4543714,133
2025-11-27,Barranquilla,Libranza,1572238,181
2025-11-27,Barranquilla,Microcredito,4573410,192
2025-11-27,Barranquilla,Libranza,2271303,108
2025-11-27,Barranquilla,Microcredito,1640357,154
2025-11-27,Barranquilla,Libranza,1686748,174
2025-11-27,Barranquilla,Credito Consumo,650309,156
2025-11-27,Barranquilla,Libranza,2524370,186
2025-11-27,Barranquilla,Libranza,2191453,152
2025-11-27,Barranquilla,Microcredito,3672902,164
2025-11-27,Barranquilla,Tarjeta Visa,1076706,185
2025-11-27,Barranquilla,Microcredito,498449,178
2025-11-27,Barranquilla,Credito Consumo,306143,169
2025-11-27,Barranquilla,Credito Consumo,1768398,111
2025-11-27,Barranquilla,Microcredito,1257427,124
2025-11-27,Barranquilla,Tarjeta Visa,2565930,110
2025-11-27,Barranquilla,Tarjeta Visa,1213734,159
2025-11-27,Barranquilla,Microcredito,326543,196
2025-11-27,Barranquilla,Libranza,927554,123
2025-11-27,Barranquilla,Tarjeta Visa,2235643,168
2025-11-27,Barranquilla,Microcredito,4319619,122
2025-11-27,Barranquilla,Libranza,1078303,104
2025-11-27,Barranquilla,Microcredito,1906378,187
2025-11-27,Barranquilla,Credito Consumo,3865902,146
2025-11-27,Barranquilla,Credito Consumo,4269322,152
2025-11-27,Barranquilla,Tarjeta Visa,424639,117
2025-11-27,Barranquilla,Microcredito,2457869,130
2025-11-27,Barranquilla,Libranza,3952969,164
2025-11-27,Barranquilla,Libranza,3640259,174
2025-11-27,Barranquilla,Microcredito,2494926,156
2025-11-27,Barranquilla,Tarjeta Visa,4341705,154
2025-11-27,Barranquilla,Microcredito,2674049,148
2025-11-27,Barranquilla,Tarjeta Visa,3129997,179
2025-11-27,Barranquilla,Tarjeta Visa,4590383,132
2025-11-27,Barranquilla,Libranza,4346070,167
2025-11-27,Barranquilla,Credito Consumo,1151004,150
2025-11-27,Barranquilla,Tarjeta Visa,3233674,115
2025-11-27,Barranquilla,Tarjeta Visa,1279254,171
2025-11-27,Barranquilla,Microcredito,2167216,104
2025-11-27,Barranquilla,Tarjeta Visa,1529274,170
2025-11-27,Barranquilla,Tarjeta Visa,4540545,113
2025-11-27,Barranquilla,Libranza,622271,106
2025-11-27,Barranquilla,Tarjeta Visa,4477551,192
2025-11-27,Barranquilla,Credito Consumo,1335325,166
2025-11-27,Barranquilla,Libranza,3757396,124
2025-11-27,Barranquilla,Libranza,1057966,186
2025-11-27,Barranquilla,Tarjeta Visa,593528,153
2025-11-27,Barranquilla,Tarjeta Visa,1502203,111
2025-11-27,Barranquilla,Tarjeta Visa,2960622,197
2025-11-27,Barranquilla,Libranza,3524977,196
2025-11-27,Barranquilla,Tarjeta Visa,4187838,113
2025-11-27,Barranquilla,Credito Consumo,590386,146
2025-11-27,Barranquilla,Credito Consumo,1545049,104
2025-11-27,Barranquilla,Libranza,2370203,169
2025-11-27,Barranquilla,Libranza,2803862,178
2025-11-27,Barranquilla,Credito Consumo,3490397,193
2025-11-27,Barranquilla,Libranza,2955102,122
2025-11-27,Barranquilla,Libranza,1677629,137
2025-11-27,Barranquilla,Microcredito,2069870,146
2025-11-27,Barranquilla,Microcredito,270936,153
2025-11-27,Barranquilla,Microcredito,2855130,186
2025-11-27,Barranquilla,Tarjeta Visa,963091,180
2025-11-27,Barranquilla,Libranza,3497583,189
2025-11-27,Barranquilla,Microcredito,359493,147
2025-11-27,Barranquilla,Credito Consumo,2980479,135
2025-11-27,Barranquilla,Credito Consumo,2344132,128
2025-11-27,Barranquilla,Credito Consumo,3901766,134
2025-11-27,Barranquilla,Libranza,2965096,160
2025-11-27,Barranquilla,Libranza,656283,193
2025-11-27,Barranquilla,Credito Consumo,2652104,119
2025-11-27,Barranquilla,Tarjeta Visa,578235,180
2025-11-27,Barranquilla,Microcredito,369327,154
2025-11-27,Barranquilla,Microcredito,2216765,153
2025-11-27,Barranquilla,Microcredito,1496963,130
2025-11-27,Barranquilla,Tarjeta Visa,1414774,152
2025-11-27,Barranquilla,Tarjeta Visa,1554298,131
2025-11-27,Barranquilla,Credito Consumo,1804761,136
2025-11-27,Barranquilla,Tarjeta Visa,667346,185
2025-11-27,Barranquilla,Tarjeta Visa,3129247,144
2025-11-27,Barranquilla,Tarjeta Visa,818709,122
2025-11-27,Barranquilla,Microcredito,134259,137
2025-11-27,Barranquilla,Microcredito,2406673,178
2025-11-27,Barranquilla,Libranza,652475,108
2025-11-27,Barranquilla,Tarjeta Visa,3504281,198
2025-11-27,Barranquilla,Microcredito,4949093,141
2025-11-27,Barranquilla,Microcredito,4670144,145
2025-11-27,Barranquilla,Microcredito,3404437,132
2025-11-27,Barranquilla,Libranza,2494887,111
2025-11-27,Barranquilla,Microcredito,4002211,158
2025-11-27,Barranquilla,Tarjeta Visa,511377,105
2025-11-27,Barranquilla,Microcredito,2959318,134
2025-11-27,Barranquilla,Microcredito,3843235,114
2025-11-27,Barranquilla,Tarjeta Visa,1507276,197
2025-11-27,Barranquilla,Tarjeta Visa,140615,197
2025-11-27,Barranquilla,Tarjeta Visa,394515,124
2025-11-27,Barranquilla,Credito Consumo,1099735,119
2025-11-27,Barranquilla,Microcredito,193790,181
2025-11-27,Barranquilla,Tarjeta Visa,2571870,105
2025-11-27,Barranquilla,Libranza,3496883,109
2025-11-27,Barranquilla,Credito Consumo,1031190,170
2025-11-27,Barranquilla,Credito Consumo,2063661,130
2025-11-27,Barranquilla,Microcredito,2063554,111
2025-11-27,Barranquilla,Tarjeta Visa,1453906,190
2025-11-27,Barranquilla,Credito Consumo,3002480,168
2025-11-27,Barranquilla,Microcredito,4481759,119
2025-11-27,Barranquilla,Credito Consumo,3622945,136
2025-11-27,Barranquilla,Libranza,4470770,123
2025-11-27,Barranquilla,Libranza,3896998,103
2025-11-27,Barranquilla,Tarjeta Visa,100298,178
2025-11-27,Barranquilla,Libranza,1440289,135
2025-11-27,Barranquilla,Credito Consumo,556983,124
2025-11-27,Barranquilla,Credito Consumo,2151265,141
2025-11-27,Barranquilla,Libranza,2458151,164
2025-11-27,Barranquilla,Credito Consumo,1406993,150
2025-11-27,Barranquilla,Libranza,4520393,161
2025-11-27,Barranquilla,Microcredito,1969439,126
2025-11-27,Barranquilla,Microcredito,2223716,195
2025-11-27,Barranquilla,Credito Consumo,157968,113
2025-11-27,Barranquilla,Libranza,1155927,173
2025-11-27,Barranquilla,Microcredito,4104105,128
2025-11-27,Barranquilla,Microcredito,1881803,189
2025-11-27,Barranquilla,Tarjeta Visa,2844835,133
2025-11-27,Barranquilla,Credito Consumo,2121646,197
2025-11-27,Barranquilla,Tarjeta Visa,4346885,145
2025-11-27,Barranquilla,Libranza,2641744,182
2025-11-27,Barranquilla,Credito Consumo,4414198,117
2025-11-27,Barranquilla,Credito Consumo,2959381,161
2025-11-27,Barranquilla,Libranza,4638758,163
2025-11-27,Barranquilla,Libranza,1709050,171
2025-11-27,Barranquilla,Credito Consumo,3049173,161
2025-11-27,Barranquilla,Libranza,664071,130
2025-11-27,Barranquilla,Tarjeta Visa,2602796,130
2025-11-27,Barranquilla,Tarjeta Visa,3564625,193
2025-11-27,Barranquilla,Tarjeta Visa,3538719,102
2025-11-27,Barranquilla,Microcredito,4215635,195
2025-11-27,Barranquilla,Tarjeta Visa,394433,131
2025-11-27,Barranquilla,Microcredito,2057492,111
2025-11-27,Barranquilla,Tarjeta Visa,1707685,164
2025-11-27,Barranquilla,Credito Consumo,3974873,137
2025-11-27,Barranquilla,Credito Consumo,2838261,129
2025-11-27,Barranquilla,Credito Consumo,2184134,129
2025-11-27,Barranquilla,Tarjeta Visa,1546614,179
2025-11-27,Barranquilla,Microcredito,4572059,174
2025-11-27,Barranquilla,Tarjeta Visa,1871378,173
2025-11-27,Barranquilla,Tarjeta Visa,4534142,109
2025-11-27,Barranquilla,Microcredito,509344,144
2025-11-27,Barranquilla,Credito Consumo,3887848,197
2025-11-27,Barranquilla,Microcredito,4827651,105
2025-11-27,Barranquilla,Credito Consumo,541089,172
2025-11-27,Barranquilla,Credito Consumo,2393035,162
2025-11-27,Barranquilla,Tarjeta Visa,3365308,156
2025-11-27,Barranquilla,Libranza,1379913,182
2025-11-27,Barranquilla,Tarjeta Visa,1042691,151
2025-11-27,Barranquilla,Credito Consumo,4643142,183
2025-11-27,Barranquilla,Credito Consumo,991325,162
2025-11-27,Barranquilla,Credito Consumo,2033502,143
2025-11-27,Barranquilla,Microcredito,4520053,104
2025-11-27,Barranquilla,Tarjeta Visa,1652687,183
2025-11-27,Barranquilla,Libranza,4738555,146
2025-11-27,Barranquilla,Libranza,2806680,173
2025-11-27,Barranquilla,Tarjeta Visa,4637522,163
2025-11-27,Barranquilla,Libranza,279498,169
2025-11-27,Barranquilla,Microcredito,3176624,157
2025-11-27,Barranquilla,Microcredito,330372,192
2025-11-27,Barranquilla,Libranza,4054066,126
2025-11-27,Barranquilla,Credito Consumo,3452097,124
2025-11-27,Barranquilla,Tarjeta Visa,4453277,119
2025-11-27,Barranquilla,Libranza,2041993,101
2025-11-27,Barranquilla,Libranza,1507889,127
2025-11-27,Barranquilla,Libranza,3798192,178
2025-11-27,Barranquilla,Libranza,4053984,134
2025-11-27,Barranquilla,Microcredito,4343127,170
2025-11-27,Barranquilla,Microcredito,1974034,158
2025-11-27,Barranquilla,Tarjeta Visa,1085581,190
2025-11-27,Barranquilla,Libranza,3542666,102
2025-11-27,Barranquilla,Libranza,4921144,180
2025-11-27,Barranquilla,Microcredito,4239709,173
2025-11-27,Barranquilla,Credito Consumo,2578923,114
2025-11-27,Barranquilla,Libranza,750519,111
2025-11-27,Barranquilla,Credito Consumo,4094832,194
2025-11-27,Barranquilla,Tarjeta Visa,434805,114
2025-11-27,Barranquilla,Libranza,2985672,134
2025-11-27,Barranquilla,Tarjeta Visa,1503653,127
2025-11-27,Barranquilla,Tarjeta Visa,3983924,141
2025-11-27,Barranquilla,Credito Consumo,3521580,168
2025-11-27,Barranquilla,Credito Consumo,1051624,163
2025-11-27,Barranquilla,Credito Consumo,1128957,193
2025-11-27,Barranquilla,Tarjeta Visa,2290709,183
2025-11-27,Barranquilla,Tarjeta Visa,2690520,166
2025-11-27,Barranquilla,Microcredito,2531527,196
2025-11-27,Barranquilla,Tarjeta Visa,4520152,121
2025-11-27,Barranquilla,Credito Consumo,175167,186
2025-11-27,Barranquilla,Microcredito,2351510,148
2025-11-27,Barranquilla,Microcredito,1746041,129
2025-11-27,Barranquilla,Libranza,4479911,153
2025-11-27,Barranquilla,Tarjeta Visa,4107420,187
2025-11-27,Barranquilla,Tarjeta Visa,2432490,186
2025-11-27,Barranquilla,Tarjeta Visa,3364513,180
2025-11-27,Barranquilla,Libranza,1842525,135
2025-11-27,Barranquilla,Libranza,786084,171
2025-11-27,Barranquilla,Credito Consumo,2443606,164
2025-11-27,Barranquilla,Tarjeta Visa,2622143,191
2025-11-27,Barranquilla,Credito Consumo,357400,164
2025-11-27,Barranquilla,Microcredito,1032512,181
2025-11-27,Barranquilla,Credito Consumo,4888334,160
2025-11-27,Barranquilla,Credito Consumo,1147595,197
2025-11-27,Barranquilla,Libranza,162903,189
2025-11-27,Barranquilla,Tarjeta Visa,4099604,169
2025-11-27,Barranquilla,Libranza,1179672,179
2025-11-27,Barranquilla,Microcredito,1690704,103
2025-11-27,Barranquilla,Credito Consumo,1994346,109
2025-11-27,Barranquilla,Tarjeta Visa,988208,163
2025-11-27,Barranquilla,Credito Consumo,3985682,132
2025-11-27,Barranquilla,Microcredito,1253500,163
2025-11-27,Barranquilla,Credito Consumo,1500960,118
2025-11-27,Barranquilla,Microcredito,724722,178
2025-11-27,Barranquilla,Tarjeta Visa,498983,182
2025-11-27,Barranquilla,Microcredito,3258397,187
2025-11-27,Barranquilla,Libranza,4403901,172
2025-11-27,Barranquilla,Libranza,856625,174
2025-11-27,Barranquilla,Libranza,4683972,144
2025-11-27,Barranquilla,Libranza,4958258,105
2025-11-27,Barranquilla,Microcredito,2155100,166
2025-11-27,Barranquilla,Libranza,328486,142
2025-11-27,Barranquilla,Credito Consumo,3551509,133
2025-11-27,Barranquilla,Credito Consumo,898877,107
2025-11-27,Barranquilla,Credito Consumo,2217076,100
2025-11-27,Barranquilla,Tarjeta Visa,2810066,102
2025-11-27,Barranquilla,Credito Consumo,4367438,177
2025-11-27,Barranquilla,Libranza,4686085,122
2025-11-27,Barranquilla,Tarjeta Visa,2565589,194
2025-11-27,Barranquilla,Credito Consumo,2165886,144
2025-11-27,Barranquilla,Microcredito,1988690,119
2025-11-27,Barranquilla,Libranza,3097054,162
2025-11-27,Barranquilla,Credito Consumo,3209911,109
2025-11-27,Barranquilla,Microcredito,1504211,174
2025-11-27,Barranquilla,Microcredito,4433268,186
2025-11-27,Barranquilla,Credito Consumo,4647029,189
2025-11-27,Barranquilla,Tarjeta Visa,2144076,134
2025-11-27,Barranquilla,Libranza,1176201,183
2025-11-27,Barranquilla,Credito Consumo,2727335,174
2025-11-27,Barranquilla,Tarjeta Visa,628379,187
2025-11-27,Barranquilla,Credito Consumo,395707,130
2025-11-27,Barranquilla,Microcredito,3895676,184
2025-11-27,Barranquilla,Libranza,1376075,134
2025-11-27,Barranquilla,Libranza,3870333,179
2025-11-27,Barranquilla,Libranza,1233259,193
2025-11-27,Barranquilla,Microcredito,2241641,126
2025-11-27,Barranquilla,Microcredito,3810954,179
2025-11-27,Barranquilla,Credito Consumo,4573145,124
2025-11-27,Barranquilla,Libranza,1788219,188
2025-11-27,Barranquilla,Microcredito,3059537,152
2025-11-27,Barranquilla,Credito Consumo,773416,136
2025-11-27,Barranquilla,Tarjeta Visa,4050899,106
2025-11-27,Barranquilla,Microcredito,3996582,148
2025-11-27,Barranquilla,Microcredito,2013962,134
2025-11-27,Barranquilla,Tarjeta Visa,4314609,149
2025-11-27,Barranquilla,Tarjeta Visa,786708,129
2025-11-27,Barranquilla,Libranza,4414663,160
2025-11-27,Barranquilla,Credito Consumo,1086464,198
2025-11-27,Barranquilla,Tarjeta Visa,2407815,115
2025-11-27,Barranquilla,Tarjeta Visa,1257386,113
2025-11-27,Barranquilla,Libranza,3104233,187
2025-11-27,Barranquilla,Microcredito,2342417,142
2025-11-27,Barranquilla,Libranza,3391788,105
2025-11-27,Barranquilla,Credito Consumo,1119858,154
2025-11-27,Barranquilla,Credito Consumo,4560959,154
2025-11-27,Barranquilla,Libranza,2912424,151
2025-11-27,Barranquilla,Credito Consumo,1760019,134
2025-11-27,Barranquilla,Credito Consumo,830917,110
2025-11-27,Barranquilla,Credito Consumo,4855776,166
2025-11-27,Barranquilla,Tarjeta Visa,4381344,186
2025-11-27,Barranquilla,Microcredito,4682159,128
2025-11-27,Barranquilla,Microcredito,984461,142
2025-11-27,Barranquilla,Tarjeta Visa,3721219,140
2025-11-27,Barranquilla,Credito Consumo,4255715,198
2025-11-27,Barranquilla,Tarjeta Visa,4931797,109
2025-11-27,Barranquilla,Libranza,4133979,127
2025-11-27,Barranquilla,Libranza,265407,158
2025-11-27,Barranquilla,Credito Consumo,3588417,164
2025-11-27,Barranquilla,Tarjeta Visa,4762867,169
2025-11-27,Barranquilla,Microcredito,1062881,181
2025-11-27,Barranquilla,Libranza,3832886,141
2025-11-27,Barranquilla,Libranza,4388623,162
2025-11-27,Barranquilla,Credito Consumo,982026,127
2025-11-27,Barranquilla,Libranza,1071305,147
2025-11-27,Barranquilla,Tarjeta Visa,3915239,106
2025-11-27,Barranquilla,Libranza,4747296,143
2025-11-27,Barranquilla,Credito Consumo,3310212,117
2025-11-27,Barranquilla,Tarjeta Visa,4760177,125
2025-11-27,Barranquilla,Libranza,4367191,171
2025-11-27,Barranquilla,Tarjeta Visa,3758921,115
2025-11-27,Barranquilla,Libranza,2545757,194
2025-11-27,Barranquilla,Credito Consumo,265914,133
2025-11-27,Barranquilla,Microcredito,1666232,161
2025-11-27,Barranquilla,Tarjeta Visa,3890397,149
2025-11-27,Barranquilla,Credito Consumo,3092785,146
2025-11-27,Barranquilla,Microcredito,4524656,165
2025-11-27,Barranquilla,Tarjeta Visa,4413746,177
2025-11-27,Barranquilla,Libranza,2256474,114
2025-11-27,Barranquilla,Credito Consumo,2861006,138
2025-11-27,Barranquilla,Tarjeta Visa,2349987,158
2025-11-27,Barranquilla,Libranza,3655681,148
2025-11-27,Barranquilla,Tarjeta Visa,3579097,170
2025-11-27,Barranquilla,Microcredito,592904,129
2025-11-27,Barranquilla,Credito Consumo,3651683,101
2025-11-27,Barranquilla,Microcredito,2502027,128
2025-11-27,Barranquilla,Libranza,1845136,114
2025-11-27,Barranquilla,Libranza,173197,187
2025-11-27,Barranquilla,Tarjeta Visa,4714914,117
2025-11-27,Barranquilla,Libranza,4689232,132
2025-11-27,Barranquilla,Tarjeta Visa,1052164,124
2025-11-27,Barranquilla,Credito Consumo,322278,119
2025-11-27,Barranquilla,Microcredito,918959,108
2025-11-27,Barranquilla,Libranza,3154262,101
2025-11-27,Barranquilla,Tarjeta Visa,3349545,141
2025-11-27,Barranquilla,Credito Consumo,1607977,171
2025-11-27,Barranquilla,Tarjeta Visa,4598098,155
2025-11-27,Barranquilla,Microcredito,1098245,140
2025-11-27,Barranquilla,Credito Consumo,2220791,194
2025-11-27,Barranquilla,Libranza,4615942,135
2025-11-27,Barranquilla,Credito Consumo,2078623,109
2025-11-27,Barranquilla,Microcredito,4945676,108
2025-11-27,Barranquilla,Tarjeta Visa,2486285,185
2025-11-27,Barranquilla,Credito Consumo,698634,166
2025-11-27,Barranquilla,Libranza,923956,186
2025-11-27,Barranquilla,Credito Consumo,1658178,160
2025-11-27,Barranquilla,Credito Consumo,1557076,196
2025-11-27,Barranquilla,Tarjeta Visa,1899768,130
2025-11-27,Barranquilla,Libranza,4089516,181
2025-11-27,Barranquilla,Tarjeta Visa,517430,139
2025-11-27,Barranquilla,Libranza,3293912,123
2025-11-27,Barranquilla,Credito Consumo,4114968,160
2025-11-27,Barranquilla,Microcredito,852156,167
2025-11-27,Barranquilla,Libranza,2298539,164
2025-11-27,Barranquilla,Credito Consumo,3040817,133
2025-11-27,Barranquilla,Tarjeta Visa,4457967,159
2025-11-27,Barranquilla,Microcredito,1049555,140
2025-11-27,Barranquilla,Microcredito,327737,137
2025-11-27,Barranquilla,Libranza,2556694,115
2025-11-27,Barranquilla,Libranza,1121785,168
2025-11-27,Barranquilla,Microcredito,4936161,100
2025-11-27,Barranquilla,Credito Consumo,2613425,139
2025-11-27,Barranquilla,Libranza,3542577,100
2025-11-27,Barranquilla,Credito Consumo,1211770,100
2025-11-27,Barranquilla,Libranza,386762,144
2025-11-27,Barranquilla,Credito Consumo,162231,142
2025-11-27,Barranquilla,Microcredito,340439,169
2025-11-27,Barranquilla,Microcredito,4385970,127
2025-11-27,Barranquilla,Microcredito,3769015,108
2025-11-27,Barranquilla,Microcredito,2893930,119
2025-11-27,Barranquilla,Libranza,2283526,183
2025-11-27,Barranquilla,Microcredito,2640790,159
2025-11-27,Barranquilla,Tarjeta Visa,425046,153
2025-11-27,Barranquilla,Microcredito,4725313,165
2025-11-27,Barranquilla,Tarjeta Visa,2692347,177
2025-11-27,Barranquilla,Microcredito,643124,180
2025-11-27,Barranquilla,Tarjeta Visa,1016599,153
2025-11-27,Barranquilla,Microcredito,899641,135
2025-11-27,Barranquilla,Microcredito,1132430,175
2025-11-27,Barranquilla,Microcredito,2653158,127
2025-11-27,Barranquilla,Microcredito,1041478,190
2025-11-27,Barranquilla,Tarjeta Visa,4176801,157
2025-11-27,Barranquilla,Credito Consumo,3476125,149
2025-11-27,Barranquilla,Tarjeta Visa,4659347,179
2025-11-27,Barranquilla,Tarjeta Visa,4477616,149
2025-11-27,Barranquilla,Tarjeta Visa,2224380,131
2025-11-27,Barranquilla,Libranza,908029,164
2025-11-27,Barranquilla,Libranza,449916,178
2025-11-27,Barranquilla,Tarjeta Visa,4758187,105
2025-11-27,Barranquilla,Microcredito,4300201,183
2025-11-27,Barranquilla,Microcredito,3927735,190
2025-11-27,Barranquilla,Credito Consumo,4550060,141
2025-11-27,Barranquilla,Microcredito,629004,153
2025-11-27,Barranquilla,Credito Consumo,2166999,107
2025-11-27,Barranquilla,Credito Consumo,1672539,102
2025-11-27,Barranquilla,Microcredito,1249764,171
2025-11-27,Barranquilla,Libranza,1222475,169
2025-11-27,Barranquilla,Tarjeta Visa,3984947,185
2025-11-27,Barranquilla,Tarjeta Visa,4387739,160
2025-11-27,Barranquilla,Tarjeta Visa,2520503,130
2025-11-27,Barranquilla,Credito Consumo,1639241,131
2025-11-27,Barranquilla,Libranza,334381,186
2025-11-27,Barranquilla,Libranza,443843,125
2025-11-27,Barranquilla,Libranza,3158822,170
2025-11-27,Barranquilla,Microcredito,1192268,141
2025-11-27,Barranquilla,Microcredito,1107528,182
2025-11-27,Barranquilla,Libranza,3762939,127
2025-11-27,Barranquilla,Tarjeta Visa,2343078,196
2025-11-27,Barranquilla,Libranza,2284600,122
2025-11-27,Barranquilla,Credito Consumo,2602906,148
2025-11-27,Barranquilla,Microcredito,4810649,105
2025-11-27,Barranquilla,Libranza,1864581,128
2025-11-27,Barranquilla,Microcredito,198966,196
2025-11-27,Barranquilla,Microcredito,3892821,196
2025-11-27,Barranquilla,Libranza,3270420,145
2025-11-27,Barranquilla,Credito Consumo,677211,119
2025-11-27,Barranquilla,Tarjeta Visa,2933825,187
2025-11-27,Barranquilla,Tarjeta Visa,3757615,123
2025-11-27,Barranquilla,Libranza,2785896,105
2025-11-27,Barranquilla,Microcredito,219399,128
2025-11-27,Barranquilla,Tarjeta Visa,4678342,133
2025-11-27,Barranquilla,Libranza,4941914,154
2025-11-27,Barranquilla,Libranza,4859406,114
2025-11-27,Barranquilla,Microcredito,522045,167
2025-11-27,Barranquilla,Microcredito,2517282,110
2025-11-27,Barranquilla,Credito Consumo,2305217,182
2025-11-27,Barranquilla,Tarjeta Visa,2397978,195
2025-11-27,Barranquilla,Microcredito,3026334,107
2025-11-27,Barranquilla,Tarjeta Visa,591111,177
2025-11-27,Barranquilla,Libranza,1436240,189
2025-11-27,Barranquilla,Libranza,3605444,138
2025-11-27,Barranquilla,Libranza,4943437,103
2025-11-27,Barranquilla,Libranza,2813328,175
2025-11-27,Barranquilla,Libranza,326485,163
2025-11-27,Barranquilla,Tarjeta Visa,3169210,109
2025-11-27,Barranquilla,Credito Consumo,3760114,120
2025-11-27,Barranquilla,Microcredito,511851,137
2025-11-27,Barranquilla,Libranza,4355144,183
2025-11-27,Barranquilla,Credito Consumo,2087368,115
2025-11-27,Barranquilla,Libranza,2659750,113
2025-11-27,Barranquilla,Credito Consumo,2707341,111
2025-11-27,Barranquilla,Microcredito,1191307,153
2025-11-27,Barranquilla,Credito Consumo,3506516,158
2025-11-27,Barranquilla,Microcredito,4333505,118
2025-11-27,Barranquilla,Tarjeta Visa,4939834,100
2025-11-27,Barranquilla,Credito Consumo,1565014,121
2025-11-27,Barranquilla,Libranza,1630915,147
2025-11-27,Barranquilla,Libranza,242855,162
2025-11-27,Barranquilla,Libranza,689189,157
2025-11-27,Barranquilla,Libranza,3752024,138
2025-11-27,Barranquilla,Tarjeta Visa,3218146,137
2025-11-27,Barranquilla,Tarjeta Visa,3962954,187
2025-11-27,Barranquilla,Tarjeta Visa,2012802,185
2025-11-27,Barranquilla,Tarjeta Visa,4336678,194
2025-11-27,Barranquilla,Credito Consumo,2062889,154
2025-11-27,Barranquilla,Libranza,895774,106
2025-11-27,Barranquilla,Libranza,908414,186
2025-11-27,Barranquilla,Microcredito,2510135,102
2025-11-27,Barranquilla,Tarjeta Visa,4088429,108
2025-11-27,Barranquilla,Microcredito,714056,164
2025-11-27,Barranquilla,Tarjeta Visa,181738,197
2025-11-27,Barranquilla,Libranza,4020216,166
2025-11-27,Barranquilla,Tarjeta Visa,4738686,102
2025-11-27,Barranquilla,Libranza,3971778,158
2025-11-27,Barranquilla,Libranza,4051700,125
2025-11-27,Barranquilla,Microcredito,3299134,100
2025-11-27,Barranquilla,Libranza,783297,125
2025-11-27,Barranquilla,Libranza,2677526,175
2025-11-27,Barranquilla,Tarjeta Visa,2259702,158
2025-11-27,Barranquilla,Libranza,284732,136
2025-11-27,Barranquilla,Libranza,2113435,175
2025-11-27,Barranquilla,Tarjeta Visa,1571404,160
2025-11-27,Barranquilla,Credito Consumo,1253811,114
2025-11-27,Barranquilla,Tarjeta Visa,4518030,102
2025-11-27,Barranquilla,Tarjeta Visa,4413386,156
2025-11-27,Barranquilla,Credito Consumo,816632,158
2025-11-27,Barranquilla,Microcredito,2789319,153
2025-11-27,Barranquilla,Tarjeta Visa,1751258,108
2025-11-27,Barranquilla,Tarjeta Visa,3104077,140
2025-11-27,Barranquilla,Tarjeta Visa,3571423,104
2025-11-27,Barranquilla,Credito Consumo,2333518,155
2025-11-27,Barranquilla,Tarjeta Visa,1910662,108
2025-11-27,Barranquilla,Libranza,3421006,125
2025-11-27,Barranquilla,Credito Consumo,4602081,177
2025-11-27,Barranquilla,Microcredito,1731894,151
2025-11-27,Barranquilla,Credito Consumo,2231280,166
2025-11-27,Barranquilla,Libranza,4091842,123
2025-11-27,Barranquilla,Microcredito,3753882,124
2025-11-27,Barranquilla,Credito Consumo,2295881,106
2025-11-27,Barranquilla,Microcredito,941593,174
2025-11-27,Barranquilla,Libranza,2123496,120
2025-11-27,Barranquilla,Tarjeta Visa,1354601,115
2025-11-27,Barranquilla,Microcredito,1365397,175
2025-11-27,Barranquilla,Credito Consumo,3052332,124
2025-11-27,Barranquilla,Microcredito,179564,101
2025-11-27,Barranquilla,Tarjeta Visa,1343196,171
2025-11-27,Barranquilla,Credito Consumo,717091,137
2025-11-27,Barranquilla,Libranza,625794,155
2025-11-27,Barranquilla,Microcredito,1301521,180
2025-11-27,Barranquilla,Libranza,2696225,198
2025-11-27,Barranquilla,Tarjeta Visa,3456028,108
2025-11-27,Barranquilla,Tarjeta Visa,1598496,169
2025-11-27,Barranquilla,Credito Consumo,2798231,107
2025-11-27,Barranquilla,Credito Consumo,3266477,155
2025-11-27,Barranquilla,Credito Consumo,3894503,103
2025-11-27,Barranquilla,Credito Consumo,1056116,186
2025-11-27,Barranquilla,Libranza,791093,170
2025-11-27,Barranquilla,Microcredito,513979,103
2025-11-27,Barranquilla,Credito Consumo,1203156,196
2025-11-27,Barranquilla,Tarjeta Visa,1833117,162
2025-11-27,Barranquilla,Tarjeta Visa,1156493,174
2025-11-27,Barranquilla,Microcredito,2600707,104
2025-11-27,Barranquilla,Microcredito,897180,149
2025-11-27,Barranquilla,Credito Consumo,4062284,159
2025-11-27,Barranquilla,Tarjeta Visa,3163768,192
2025-11-27,Barranquilla,Libranza,3296581,157
2025-11-27,Barranquilla,Tarjeta Visa,675752,189
2025-11-27,Barranquilla,Credito Consumo,1445152,123
2025-11-27,Barranquilla,Tarjeta Visa,1440058,134
2025-11-27,Barranquilla,Tarjeta Visa,1504154,167
2025-11-27,Barranquilla,Libranza,1125024,164
2025-11-27,Barranquilla,Credito Consumo,2860749,179
2025-11-27,Barranquilla,Credito Consumo,896957,198
2025-11-27,Barranquilla,Tarjeta Visa,303247,118
2025-11-27,Barranquilla,Credito Consumo,2379032,180
2025-11-27,Barranquilla,Libranza,2767156,177
2025-11-27,Barranquilla,Tarjeta Visa,4849736,182
2025-11-27,Barranquilla,Libranza,2304165,191
2025-11-27,Barranquilla,Tarjeta Visa,2874069,163
2025-11-27,Barranquilla,Microcredito,2129418,149
2025-11-27,Barranquilla,Credito Consumo,3933282,162
2025-11-27,Barranquilla,Libranza,4730582,137
2025-11-27,Barranquilla,Tarjeta Visa,1084883,126
2025-11-27,Barranquilla,Credito Consumo,3608467,120
2025-11-27,Barranquilla,Microcredito,4121483,189
2025-11-27,Barranquilla,Microcredito,2299661,117
2025-11-27,Barranquilla,Libranza,397414,167
2025-11-27,Barranquilla,Tarjeta Visa,1179049,166
2025-11-27,Barranquilla,Tarjeta Visa,925985,103
2025-11-27,Barranquilla,Tarjeta Visa,3168213,129
2025-11-27,Barranquilla,Libranza,3930475,176
2025-11-27,Barranquilla,Credito Consumo,456038,195
2025-11-27,Barranquilla,Libranza,3497424,113
2025-11-27,Barranquilla,Credito Consumo,4336573,175
2025-11-27,Barranquilla,Tarjeta Visa,1203320,138
2025-11-27,Barranquilla,Microcredito,4749562,172
2025-11-27,Barranquilla,Tarjeta Visa,4100747,190
2025-11-27,Barranquilla,Credito Consumo,2504582,132
2025-11-27,Barranquilla,Tarjeta Visa,3976350,112
2025-11-27,Barranquilla,Microcredito,3464864,142
2025-11-27,Barranquilla,Microcredito,1168228,197
2025-11-27,Barranquilla,Credito Consumo,3472909,121
2025-11-27,Barranquilla,Libranza,4721509,170
2025-11-27,Barranquilla,Libranza,817877,160
2025-11-27,Barranquilla,Credito Consumo,3917841,163
2025-11-27,Barranquilla,Libranza,2371906,117
2025-11-27,Barranquilla,Microcredito,4352314,120
2025-11-27,Barranquilla,Tarjeta Visa,3483787,117
2025-11-27,Barranquilla,Libranza,2791033,161
2025-11-27,Barranquilla,Credito Consumo,1738853,121
2025-11-27,Barranquilla,Credito Consumo,4313378,108
2025-11-27,Barranquilla,Libranza,1370165,126
2025-11-27,Barranquilla,Credito Consumo,3266351,103
2025-11-27,Barranquilla,Libranza,1797724,109
2025-11-27,Barranquilla,Libranza,3360176,183
2025-11-27,Barranquilla,Tarjeta Visa,4485394,178
2025-11-27,Barranquilla,Credito Consumo,3892525,152
2025-11-27,Barranquilla,Credito Consumo,4464217,136
2025-11-27,Barranquilla,Tarjeta Visa,2418947,179
2025-11-27,Barranquilla,Libranza,1276480,119
2025-11-27,Barranquilla,Microcredito,469704,136
2025-11-27,Barranquilla,Libranza,146096,190
2025-11-27,Barranquilla,Credito Consumo,2800299,166
2025-11-27,Barranquilla,Libranza,2086307,145
2025-11-27,Barranquilla,Microcredito,3293745,173
2025-11-27,Barranquilla,Tarjeta Visa,4331867,117
2025-11-27,Barranquilla,Credito Consumo,1120902,139
2025-11-27,Barranquilla,Credito Consumo,353785,163
2025-11-27,Barranquilla,Tarjeta Visa,3550366,124
2025-11-27,Barranquilla,Libranza,3528795,101
2025-11-27,Barranquilla,Tarjeta Visa,949912,118
2025-11-27,Barranquilla,Credito Consumo,2524130,179
2025-11-27,Barranquilla,Libranza,3951631,126
2025-11-27,Barranquilla,Microcredito,3685187,181
2025-11-27,Barranquilla,Credito Consumo,2059899,180
2025-11-27,Barranquilla,Libranza,4172550,156
2025-11-27,Barranquilla,Tarjeta Visa,3053501,113
2025-11-27,Barranquilla,Credito Consumo,3128632,191
2025-11-27,Barranquilla,Tarjeta Visa,2753787,134
2025-11-27,Barranquilla,Libranza,2890570,177
2025-11-27,Barranquilla,Libranza,1237360,178
2025-11-27,Barranquilla,Libranza,2741591,124
2025-11-27,Barranquilla,Libranza,4139212,160
2025-11-27,Barranquilla,Credito Consumo,2896243,193
2025-11-27,Barranquilla,Credito Consumo,3642236,115
2025-11-27,Barranquilla,Tarjeta Visa,1031159,125
2025-11-27,Barranquilla,Microcredito,2366386,187
2025-11-27,Barranquilla,Microcredito,216802,122
2025-11-27,Barranquilla,Libranza,2759479,104
2025-11-27,Barranquilla,Libranza,264360,135
2025-11-27,Barranquilla,Microcredito,1473897,187
2025-11-27,Barranquilla,Libranza,1165819,151
2025-11-27,Barranquilla,Tarjeta Visa,1074005,113
2025-11-27,Barranquilla,Credito Consumo,702040,130
2025-11-27,Barranquilla,Libranza,546016,170
2025-11-27,Barranquilla,Credito Consumo,2060741,165
2025-11-27,Barranquilla,Tarjeta Visa,4377792,135
2025-11-27,Barranquilla,Credito Consumo,4864272,161
2025-11-27,Barranquilla,Libranza,2309894,112
2025-11-27,Barranquilla,Microcredito,3490975,107
2025-11-27,Barranquilla,Microcredito,4783976,110
2025-11-27,Barranquilla,Credito Consumo,2613813,115
2025-11-27,Barranquilla,Libranza,3741032,131
2025-11-27,Barranquilla,Tarjeta Visa,1605615,190
2025-11-27,Barranquilla,Microcredito,579157,171
2025-11-27,Barranquilla,Libranza,1168536,170
2025-11-27,Barranquilla,Tarjeta Visa,889601,120
2025-11-27,Barranquilla,Tarjeta Visa,4984630,163
2025-11-27,Barranquilla,Credito Consumo,617285,137
2025-11-27,Barranquilla,Libranza,1698359,152
2025-11-27,Barranquilla,Libranza,3662601,188
2025-11-27,Barranquilla,Credito Consumo,3562555,193
2025-11-27,Barranquilla,Libranza,4621822,189
2025-11-27,Barranquilla,Credito Consumo,1673084,177
2025-11-27,Barranquilla,Tarjeta Visa,4824680,102
2025-11-27,Barranquilla,Libranza,2370078,189
2025-11-27,Barranquilla,Libranza,796894,140
2025-11-27,Barranquilla,Libranza,503786,106
2025-11-27,Barranquilla,Microcredito,2710814,139
2025-11-27,Barranquilla,Credito Consumo,997014,164
2025-11-27,Barranquilla,Tarjeta Visa,3975935,157
2025-11-27,Barranquilla,Tarjeta Visa,3965933,112
2025-11-27,Barranquilla,Tarjeta Visa,2315606,137
2025-11-27,Barranquilla,Tarjeta Visa,4036132,121
2025-11-27,Barranquilla,Libranza,1436370,140
2025-11-27,Barranquilla,Libranza,4832342,197
2025-11-27,Barranquilla,Tarjeta Visa,4036700,104
2025-11-27,Barranquilla,Microcredito,1019007,180
2025-11-27,Barranquilla,Microcredito,2162185,133
2025-11-27,Barranquilla,Libranza,4117518,167
2025-11-27,Barranquilla,Libranza,2911154,127
2025-11-27,Barranquilla,Credito Consumo,3661452,196
2025-11-27,Barranquilla,Libranza,582196,176
2025-11-27,Barranquilla,Microcredito,1416362,160
2025-11-27,Barranquilla,Microcredito,4017681,175
2025-11-27,Barranquilla,Credito Consumo,1576961,180
2025-11-27,Barranquilla,Libranza,2944867,143
2025-11-27,Barranquilla,Libranza,317119,124
2025-11-27,Barranquilla,Tarjeta Visa,3259202,125
2025-11-27,Barranquilla,Tarjeta Visa,2770158,155
2025-11-27,Barranquilla,Libranza,2773552,169
2025-11-27,Barranquilla,Tarjeta Visa,2896133,115
2025-11-27,Barranquilla,Credito Consumo,4759650,148
2025-11-27,Barranquilla,Libranza,2741295,116
2025-11-27,Barranquilla,Microcredito,3721879,176
2025-11-27,Barranquilla,Tarjeta Visa,2316427,105
2025-11-27,Barranquilla,Tarjeta Visa,1110705,197
2025-11-27,Barranquilla,Microcredito,3029464,167
2025-11-27,Barranquilla,Tarjeta Visa,877801,147
2025-11-27,Barranquilla,Tarjeta Visa,3200419,147
2025-11-27,Barranquilla,Credito Consumo,3574489,123
2025-11-27,Barranquilla,Tarjeta Visa,2427994,187
2025-11-27,Barranquilla,Credito Consumo,222889,121
2025-11-27,Barranquilla,Credito Consumo,853074,136
2025-11-27,Barranquilla,Credito Consumo,4693548,102
2025-11-27,Barranquilla,Libranza,1895561,111
2025-11-27,Barranquilla,Libranza,2794976,145
2025-11-27,Barranquilla,Tarjeta Visa,896000,159
2025-11-27,Barranquilla,Credito Consumo,583052,115
2025-11-27,Barranquilla,Credito Consumo,2562581,104
2025-11-27,Barranquilla,Tarjeta Visa,530656,164
2025-11-27,Barranquilla,Microcredito,4483073,133
2025-11-27,Barranquilla,Libranza,4239313,147
2025-11-27,Barranquilla,Credito Consumo,3242284,136
2025-11-27,Barranquilla,Tarjeta Visa,3515668,171
2025-11-27,Barranquilla,Credito Consumo,2871648,198
2025-11-27,Barranquilla,Credito Consumo,3191551,181
2025-11-27,Barranquilla,Credito Consumo,1979390,101
2025-11-27,Barranquilla,Tarjeta Visa,3053104,110
2025-11-27,Barranquilla,Credito Consumo,2044035,160
2025-11-27,Barranquilla,Credito Consumo,585092,149
2025-11-27,Barranquilla,Microcredito,1706115,169
2025-11-27,Barranquilla,Microcredito,2253426,123
2025-11-27,Barranquilla,Credito Consumo,3673120,120
2025-11-27,Barranquilla,Tarjeta Visa,904417,183
2025-11-27,Barranquilla,Tarjeta Visa,4815898,192
2025-11-27,Barranquilla,Credito Consumo,1093638,191
2025-11-27,Barranquilla,Libranza,4894927,116
2025-11-27,Barranquilla,Tarjeta Visa,1100384,120
2025-11-27,Barranquilla,Libranza,3657021,175
2025-11-27,Barranquilla,Credito Consumo,2116569,121
2025-11-27,Barranquilla,Libranza,3085116,198
2025-11-27,Barranquilla,Tarjeta Visa,330335,194
2025-11-27,Barranquilla,Credito Consumo,2628399,123
2025-11-27,Barranquilla,Libranza,4782656,124
2025-11-27,Barranquilla,Credito Consumo,3152541,191
2025-11-27,Barranquilla,Credito Consumo,1115613,133
2025-11-27,Barranquilla,Microcredito,274119,110
2025-11-27,Barranquilla,Tarjeta Visa,680977,185
2025-11-27,Barranquilla,Tarjeta Visa,4896504,176
2025-11-27,Barranquilla,Libranza,531832,190
2025-11-27,Barranquilla,Microcredito,2347168,157
2025-11-27,Barranquilla,Microcredito,645486,117
2025-11-27,Barranquilla,Tarjeta Visa,4278188,163
2025-11-27,Barranquilla,Credito Consumo,3806301,195
2025-11-27,Barranquilla,Microcredito,272417,150
2025-11-27,Barranquilla,Microcredito,4390103,114
2025-11-27,Barranquilla,Microcredito,3393492,156
2025-11-27,Barranquilla,Credito Consumo,4633528,115
2025-11-27,Barranquilla,Microcredito,938864,150
2025-11-27,Barranquilla,Tarjeta Visa,4164833,142
2025-11-27,Barranquilla,Credito Consumo,890941,159
2025-11-27,Barranquilla,Libranza,139246,119
2025-11-27,Barranquilla,Tarjeta Visa,1264854,113
2025-11-27,Barranquilla,Libranza,3010641,133
2025-11-27,Barranquilla,Tarjeta Visa,3229520,196
2025-11-27,Barranquilla,Libranza,2215284,195
2025-11-27,Barranquilla,Tarjeta Visa,3649248,134
2025-11-27,Barranquilla,Libranza,2215950,154
2025-11-27,Barranquilla,Libranza,3705823,184
2025-11-27,Barranquilla,Libranza,1325487,116
2025-11-27,Barranquilla,Microcredito,938331,180
2025-11-27,Barranquilla,Tarjeta Visa,4988177,108
2025-11-27,Barranquilla,Libranza,4507519,176
2025-11-27,Barranquilla,Credito Consumo,2938154,191
2025-11-27,Barranquilla,Microcredito,3183136,118
2025-11-27,Barranquilla,Credito Consumo,3994060,142
2025-11-27,Barranquilla,Microcredito,688605,150
2025-11-27,Barranquilla,Tarjeta Visa,781272,182
2025-11-27,Barranquilla,Microcredito,650597,100
2025-11-27,Barranquilla,Libranza,4308628,192
2025-11-27,Barranquilla,Credito Consumo,4420373,165
2025-11-27,Barranquilla,Tarjeta Visa,2303851,120
2025-11-27,Barranquilla,Credito Consumo,1521916,116
2025-11-27,Barranquilla,Credito Consumo,4268861,195
2025-11-27,Barranquilla,Libranza,1033613,120
2025-11-27,Barranquilla,Microcredito,1840381,170
2025-11-27,Barranquilla,Tarjeta Visa,2323144,111
2025-11-27,Barranquilla,Tarjeta Visa,511844,137
2025-11-27,Barranquilla,Microcredito,3638154,135
2025-11-27,Barranquilla,Tarjeta Visa,1469816,133
2025-11-27,Barranquilla,Credito Consumo,4480170,178
2025-11-27,Barranquilla,Tarjeta Visa,2912705,176
2025-11-27,Barranquilla,Credito Consumo,1620456,116
2025-11-27,Barranquilla,Microcredito,275184,108
2025-11-27,Barranquilla,Libranza,1726280,185
2025-11-27,Barranquilla,Microcredito,2176394,139
2025-11-27,Barranquilla,Microcredito,599161,186
2025-11-27,Barranquilla,Tarjeta Visa,1132851,106
2025-11-27,Barranquilla,Libranza,2049438,128
2025-11-27,Barranquilla,Credito Consumo,2670117,190
2025-11-27,Barranquilla,Microcredito,2136491,181
2025-11-27,Barranquilla,Libranza,4328498,158
2025-11-27,Barranquilla,Libranza,4570119,153
2025-11-27,Barranquilla,Tarjeta Visa,2674372,183
2025-11-27,Barranquilla,Microcredito,700822,194
2025-11-27,Barranquilla,Libranza,1514858,163
2025-11-27,Barranquilla,Tarjeta Visa,3583078,191
2025-11-27,Barranquilla,Libranza,2265751,128
2025-11-27,Barranquilla,Tarjeta Visa,2029785,167
2025-11-27,Barranquilla,Libranza,2457727,131
2025-11-27,Barranquilla,Libranza,1361430,171
2025-11-27,Barranquilla,Tarjeta Visa,4852641,101
2025-11-27,Barranquilla,Credito Consumo,4926968,169
2025-11-27,Barranquilla,Credito Consumo,2568905,154
2025-11-27,Barranquilla,Credito Consumo,2638261,149
2025-11-27,Barranquilla,Microcredito,2677033,128
2025-11-27,Barranquilla,Tarjeta Visa,4947815,150
2025-11-27,Barranquilla,Tarjeta Visa,1893578,178
2025-11-27,Barranquilla,Credito Consumo,310913,170
2025-11-27,Barranquilla,Credito Consumo,967751,124
2025-11-27,Barranquilla,Credito Consumo,4540384,190
2025-11-27,Barranquilla,Credito Consumo,3766517,189
2025-11-27,Barranquilla,Microcredito,1135460,136
2025-11-27,Barranquilla,Microcredito,1813183,106
2025-11-27,Barranquilla,Libranza,1357266,162
2025-11-27,Barranquilla,Libranza,785355,100
2025-11-27,Barranquilla,Microcredito,2415729,153
2025-11-27,Barranquilla,Microcredito,2810842,149
2025-11-27,Barranquilla,Credito Consumo,4246466,146
2025-11-27,Barranquilla,Credito Consumo,3518416,101
2025-11-27,Barranquilla,Tarjeta Visa,3781716,147
2025-11-27,Barranquilla,Credito Consumo,4399151,102
2025-11-27,Barranquilla,Libranza,4679503,196
2025-11-27,Barranquilla,Libranza,3941298,150
2025-11-27,Barranquilla,Microcredito,1240037,108
2025-11-27,Barranquilla,Libranza,1943164,160
2025-11-27,Barranquilla,Microcredito,4233601,151
2025-11-27,Barranquilla,Credito Consumo,273666,196
2025-11-27,Barranquilla,Microcredito,4233381,161
2025-11-27,Barranquilla,Microcredito,3851991,177
2025-11-27,Barranquilla,Tarjeta Visa,296926,192
2025-11-27,Barranquilla,Microcredito,4160193,120
2025-11-27,Barranquilla,Credito Consumo,3365676,169
2025-11-27,Barranquilla,Libranza,1241673,170
2025-11-27,Barranquilla,Microcredito,2332875,131
2025-11-27,Barranquilla,Libranza,4181298,134
2025-11-27,Barranquilla,Libranza,2046109,131
2025-11-27,Barranquilla,Microcredito,1102795,140
2025-11-27,Barranquilla,Tarjeta Visa,506540,102
2025-11-27,Barranquilla,Credito Consumo,2053427,188
2025-11-27,Barranquilla,Tarjeta Visa,2950642,122
2025-11-27,Barranquilla,Tarjeta Visa,4134095,150
2025-11-27,Barranquilla,Libranza,3025877,171
2025-11-27,Barranquilla,Credito Consumo,4193171,190
2025-11-27,Barranquilla,Libranza,3102000,124
2025-11-27,Barranquilla,Tarjeta Visa,792736,185
2025-11-27,Barranquilla,Credito Consumo,375838,157
2025-11-27,Barranquilla,Credito Consumo,4287328,139
2025-11-27,Barranquilla,Tarjeta Visa,1132264,147
2025-11-27,Barranquilla,Libranza,263141,149
2025-11-27,Barranquilla,Credito Consumo,4183312,181
2025-11-27,Barranquilla,Credito Consumo,1005821,176
2025-11-27,Barranquilla,Credito Consumo,3084289,112
2025-11-27,Barranquilla,Libranza,1089612,122
2025-11-27,Barranquilla,Microcredito,211353,149
2025-11-27,Barranquilla,Credito Consumo,3826382,125
2025-11-27,Barranquilla,Tarjeta Visa,2356112,120
2025-11-27,Barranquilla,Microcredito,2165580,108
2025-11-27,Barranquilla,Libranza,1860684,181
2025-11-27,Barranquilla,Libranza,704920,104
2025-11-27,Barranquilla,Tarjeta Visa,2604197,188
2025-11-27,Barranquilla,Credito Consumo,4919917,159
2025-11-27,Barranquilla,Microcredito,2177595,102
2025-11-27,Barranquilla,Libranza,4214209,105
2025-11-27,Barranquilla,Credito Consumo,4471262,138
2025-11-27,Barranquilla,Credito Consumo,3798635,185
2025-11-27,Barranquilla,Microcredito,741963,164
2025-11-27,Barranquilla,Tarjeta Visa,4811457,140
2025-11-27,Barranquilla,Tarjeta Visa,3612104,102
2025-11-27,Barranquilla,Tarjeta Visa,1843119,146
2025-11-27,Barranquilla,Libranza,4014001,132
2025-11-27,Barranquilla,Microcredito,3481347,108
2025-11-27,Barranquilla,Tarjeta Visa,176179,110
2025-11-27,Barranquilla,Credito Consumo,2471140,144
2025-11-27,Barranquilla,Microcredito,3716494,164
2025-11-27,Barranquilla,Libranza,4713153,131
2025-11-27,Barranquilla,Credito Consumo,1713975,105
2025-11-27,Barranquilla,Libranza,1819072,180
2025-11-27,Barranquilla,Tarjeta Visa,2177774,142
2025-11-27,Barranquilla,Libranza,4400402,169
2025-11-27,Barranquilla,Tarjeta Visa,2220919,189
2025-11-27,Barranquilla,Credito Consumo,826921,153
2025-11-27,Barranquilla,Credito Consumo,3239436,160
2025-11-27,Barranquilla,Microcredito,877684,139
2025-11-27,Barranquilla,Microcredito,4196390,121
2025-11-27,Barranquilla,Microcredito,2937951,188
2025-11-27,Barranquilla,Tarjeta Visa,4272642,114
2025-11-27,Barranquilla,Libranza,2583109,131
2025-11-27,Barranquilla,Tarjeta Visa,564714,127
2025-11-27,Barranquilla,Libranza,2429826,118
2025-11-27,Barranquilla,Tarjeta Visa,2939596,100
2025-11-27,Barranquilla,Tarjeta Visa,4910566,167
2025-11-27,Barranquilla,Credito Consumo,2914150,121
2025-11-27,Barranquilla,Libranza,4349834,154
2025-11-27,Barranquilla,Microcredito,1777334,124
2025-11-27,Barranquilla,Microcredito,1346100,144
2025-11-27,Barranquilla,Microcredito,3550866,134
2025-11-27,Barranquilla,Tarjeta Visa,3254202,191
2025-11-27,Barranquilla,Tarjeta Visa,795026,160
2025-11-27,Barranquilla,Microcredito,3729354,189
2025-11-27,Barranquilla,Microcredito,1698655,132
2025-11-27,Barranquilla,Libranza,2368883,195
2025-11-27,Barranquilla,Libranza,1024601,114
2025-11-27,Barranquilla,Libranza,4138444,143
2025-11-27,Barranquilla,Credito Consumo,3468065,140
2025-11-27,Barranquilla,Credito Consumo,1171290,121
2025-11-27,Barranquilla,Tarjeta Visa,3525999,102
2025-11-27,Barranquilla,Microcredito,3429522,119
2025-11-27,Barranquilla,Libranza,3606523,183
2025-11-27,Barranquilla,Libranza,3977114,138
2025-11-27,Barranquilla,Microcredito,3212045,168
2025-11-27,Barranquilla,Tarjeta Visa,4172472,150
2025-11-27,Barranquilla,Libranza,1883503,111
2025-11-27,Barranquilla,Microcredito,4844805,184
2025-11-27,Barranquilla,Microcredito,727914,122
2025-11-27,Barranquilla,Credito Consumo,3312177,157
2025-11-27,Barranquilla,Libranza,888362,102
2025-11-27,Barranquilla,Microcredito,1987375,123
2025-11-27,Barranquilla,Tarjeta Visa,2022795,197
2025-11-27,Barranquilla,Credito Consumo,3554108,161
2025-11-27,Barranquilla,Microcredito,1971909,192
2025-11-27,Barranquilla,Microcredito,4645475,145
2025-11-27,Barranquilla,Tarjeta Visa,2864481,194
2025-11-27,Barranquilla,Credito Consumo,774850,141
2025-11-27,Barranquilla,Libranza,3603083,135
2025-11-27,Barranquilla,Microcredito,3060718,139
2025-11-27,Barranquilla,Microcredito,3415892,150
2025-11-27,Barranquilla,Tarjeta Visa,3923808,137
2025-11-27,Barranquilla,Tarjeta Visa,4585875,183
2025-11-27,Barranquilla,Credito Consumo,1691800,151
2025-11-27,Barranquilla,Credito Consumo,135404,163
2025-11-27,Barranquilla,Tarjeta Visa,3803933,163
2025-11-27,Barranquilla,Tarjeta Visa,1129995,164
2025-11-27,Barranquilla,Credito Consumo,315514,135
2025-11-27,Barranquilla,Tarjeta Visa,4513866,168
2025-11-27,Barranquilla,Tarjeta Visa,2836768,189
2025-11-27,Barranquilla,Tarjeta Visa,4177501,175
2025-11-27,Barranquilla,Tarjeta Visa,221283,144
2025-11-27,Barranquilla,Microcredito,2949111,111
2025-11-27,Barranquilla,Credito Consumo,2940085,130
2025-11-27,Barranquilla,Microcredito,2230438,186
2025-11-27,Barranquilla,Microcredito,3967683,100
2025-11-27,Barranquilla,Credito Consumo,898361,111
2025-11-27,Barranquilla,Libranza,4811285,189
2025-11-27,Barranquilla,Microcredito,1863141,116
2025-11-27,Barranquilla,Credito Consumo,3783033,193
2025-11-27,Barranquilla,Microcredito,3261018,171
2025-11-27,Barranquilla,Credito Consumo,2176461,148
2025-11-27,Barranquilla,Libranza,491282,193
2025-11-27,Barranquilla,Libranza,1798761,177
2025-11-27,Barranquilla,Credito Consumo,2400309,137
2025-11-27,Barranquilla,Tarjeta Visa,1099945,141
2025-11-27,Barranquilla,Libranza,1422099,143
2025-11-27,Barranquilla,Tarjeta Visa,2362530,142
2025-11-27,Barranquilla,Credito Consumo,4802914,152
2025-11-27,Barranquilla,Microcredito,2745228,176
2025-11-27,Barranquilla,Credito Consumo,288497,115
2025-11-27,Barranquilla,Credito Consumo,2347246,168
2025-11-27,Barranquilla,Tarjeta Visa,4151981,198
2025-11-27,Barranquilla,Credito Consumo,4858154,101
2025-11-27,Barranquilla,Credito Consumo,1442851,136
2025-11-27,Barranquilla,Credito Consumo,1777640,163
2025-11-27,Barranquilla,Credito Consumo,1387038,103
2025-11-27,Barranquilla,Microcredito,2541047,141
2025-11-27,Barranquilla,Microcredito,3996506,197
2025-11-27,Barranquilla,Libranza,4062171,164
2025-11-27,Barranquilla,Credito Consumo,1065905,197
2025-11-27,Barranquilla,Tarjeta Visa,1348976,192
2025-11-27,Barranquilla,Libranza,3625696,114
2025-11-27,Barranquilla,Credito Consumo,874199,198
2025-11-27,Barranquilla,Microcredito,1762166,190
2025-11-27,Barranquilla,Libranza,3691634,188
2025-11-27,Barranquilla,Libranza,1632412,168
2025-11-27,Barranquilla,Libranza,2247906,152
2025-11-27,Barranquilla,Tarjeta Visa,1981587,181
2025-11-27,Barranquilla,Tarjeta Visa,4646347,123
2025-11-27,Barranquilla,Credito Consumo,2441437,152
2025-11-27,Barranquilla,Libranza,1452399,168
2025-11-27,Barranquilla,Libranza,2212979,105
2025-11-27,Barranquilla,Microcredito,3406031,174
2025-11-27,Barranquilla,Libranza,3985783,107
2025-11-27,Barranquilla,Microcredito,251264,103
2025-11-27,Barranquilla,Credito Consumo,1818608,164
2025-11-27,Barranquilla,Libranza,1928166,183
2025-11-27,Barranquilla,Libranza,4779256,101
2025-11-27,Barranquilla,Credito Consumo,3495925,107
2025-11-27,Barranquilla,Libranza,753138,184
2025-11-27,Barranquilla,Microcredito,942013,136
2025-11-27,Barranquilla,Libranza,3391296,178
2025-11-27,Barranquilla,Tarjeta Visa,586530,167
2025-11-27,Barranquilla,Microcredito,2050841,183
2025-11-27,Barranquilla,Credito Consumo,2724663,165
2025-11-27,Barranquilla,Tarjeta Visa,4594192,159
2025-11-27,Barranquilla,Tarjeta Visa,4265783,189
2025-11-27,Barranquilla,Credito Consumo,520411,139
2025-11-27,Barranquilla,Microcredito,2285882,157
2025-11-27,Barranquilla,Microcredito,218436,121
2025-11-27,Barranquilla,Tarjeta Visa,2268862,104
2025-11-27,Barranquilla,Libranza,425350,137
2025-11-27,Barranquilla,Credito Consumo,1358678,164
2025-11-27,Barranquilla,Libranza,4379597,186
2025-11-27,Barranquilla,Credito Consumo,2757911,101
2025-11-27,Barranquilla,Credito Consumo,3123286,158
2025-11-27,Barranquilla,Tarjeta Visa,4634349,147
2025-11-27,Barranquilla,Microcredito,715161,161
2025-11-27,Barranquilla,Tarjeta Visa,1172816,146
2025-11-27,Barranquilla,Credito Consumo,2670519,146
2025-11-27,Barranquilla,Libranza,3847687,114
2025-11-27,Barranquilla,Tarjeta Visa,1902578,172
2025-11-27,Barranquilla,Tarjeta Visa,2003352,114
2025-11-27,Barranquilla,Microcredito,206169,162
2025-11-27,Barranquilla,Credito Consumo,927385,102
2025-11-27,Barranquilla,Microcredito,1606621,179
2025-11-27,Barranquilla,Libranza,2520587,190
2025-11-27,Barranquilla,Tarjeta Visa,4079880,185
2025-11-27,Barranquilla,Microcredito,4647147,172
2025-11-27,Barranquilla,Libranza,3268924,197
2025-11-27,Barranquilla,Libranza,4102956,150
2025-11-27,Barranquilla,Libranza,2300767,155
2025-11-27,Barranquilla,Tarjeta Visa,2434332,138
2025-11-27,Barranquilla,Tarjeta Visa,3444594,140
2025-11-27,Barranquilla,Libranza,867757,122
2025-11-27,Barranquilla,Libranza,1300020,132
2025-11-27,Barranquilla,Tarjeta Visa,2835912,134
2025-11-27,Barranquilla,Credito Consumo,3346274,114
2025-11-27,Barranquilla,Tarjeta Visa,3458517,153
2025-11-27,Barranquilla,Credito Consumo,1206554,159
2025-11-27,Barranquilla,Libranza,1483197,128
2025-11-27,Barranquilla,Credito Consumo,2508714,165
2025-11-27,Barranquilla,Microcredito,115843,196
2025-11-27,Barranquilla,Libranza,3799197,155
2025-11-27,Barranquilla,Tarjeta Visa,3436451,105
2025-11-27,Barranquilla,Credito Consumo,1158530,159
2025-11-27,Barranquilla,Microcredito,195889,145
2025-11-27,Barranquilla,Libranza,452132,150
2025-11-27,Barranquilla,Libranza,1779527,104
2025-11-27,Barranquilla,Tarjeta Visa,390798,188
2025-11-27,Barranquilla,Credito Consumo,2180424,119
2025-11-27,Barranquilla,Credito Consumo,695720,164
2025-11-27,Barranquilla,Credito Consumo,4083825,121
2025-11-27,Barranquilla,Microcredito,3717249,144
2025-11-27,Barranquilla,Microcredito,4125035,142
2025-11-27,Barranquilla,Libranza,3075112,125
2025-11-27,Barranquilla,Credito Consumo,2877449,120
2025-11-27,Barranquilla,Credito Consumo,4406411,187
2025-11-27,Barranquilla,Libranza,2305563,159
2025-11-27,Barranquilla,Microcredito,2005127,141
2025-11-27,Barranquilla,Libranza,4480257,184
2025-11-27,Barranquilla,Credito Consumo,2740624,114
2025-11-27,Barranquilla,Tarjeta Visa,4871903,135
2025-11-27,Barranquilla,Credito Consumo,4850692,182
2025-11-27,Barranquilla,Tarjeta Visa,4560506,112
2025-11-27,Barranquilla,Microcredito,4400086,125
2025-11-27,Barranquilla,Tarjeta Visa,670679,128
2025-11-27,Barranquilla,Libranza,4204807,104
2025-11-27,Barranquilla,Microcredito,2235602,174
2025-11-27,Barranquilla,Tarjeta Visa,1757026,111
2025-11-27,Barranquilla,Libranza,4242527,137
2025-11-27,Barranquilla,Credito Consumo,3275476,162
2025-11-27,Barranquilla,Microcredito,4046017,108
2025-11-27,Barranquilla,Credito Consumo,1292748,198
2025-11-27,Barranquilla,Libranza,397256,152
2025-11-27,Barranquilla,Libranza,642784,144
2025-11-27,Barranquilla,Credito Consumo,3903602,105
2025-11-27,Barranquilla,Libranza,1817764,181
2025-11-27,Barranquilla,Libranza,112983,142
2025-11-27,Barranquilla,Tarjeta Visa,3885760,134
2025-11-27,Barranquilla,Libranza,4964999,124
2025-11-27,Barranquilla,Tarjeta Visa,3882935,107
2025-11-27,Barranquilla,Microcredito,4173132,126
2025-11-27,Barranquilla,Tarjeta Visa,4294198,120
2025-11-27,Barranquilla,Libranza,1655955,156
2025-11-27,Barranquilla,Tarjeta Visa,2628938,105
2025-11-27,Barranquilla,Credito Consumo,1901733,147
2025-11-27,Barranquilla,Credito Consumo,1050738,176
2025-11-27,Barranquilla,Libranza,4834342,139
2025-11-27,Barranquilla,Credito Consumo,3930629,106
2025-11-27,Barranquilla,Microcredito,3704702,160
2025-11-27,Barranquilla,Credito Consumo,3556649,127
2025-11-27,Barranquilla,Tarjeta Visa,2762190,193
2025-11-27,Barranquilla,Credito Consumo,3487419,173
2025-11-27,Barranquilla,Tarjeta Visa,4792752,167
2025-11-27,Barranquilla,Libranza,2194546,153
2025-11-27,Barranquilla,Tarjeta Visa,4221600,196
2025-11-27,Barranquilla,Credito Consumo,3352877,120
2025-11-27,Barranquilla,Tarjeta Visa,1219425,174
2025-11-27,Barranquilla,Libranza,1359792,163
2025-11-27,Barranquilla,Libranza,4445630,179
2025-11-27,Barranquilla,Libranza,1384767,113
2025-11-27,Barranquilla,Microcredito,3536545,145
2025-11-27,Barranquilla,Libranza,1211901,156
2025-11-27,Barranquilla,Credito Consumo,4163949,162
2025-11-27,Barranquilla,Credito Consumo,4012149,124
2025-11-27,Barranquilla,Libranza,1489805,191
2025-11-27,Barranquilla,Libranza,4537923,198
2025-11-27,Barranquilla,Tarjeta Visa,4681035,135
2025-11-27,Barranquilla,Tarjeta Visa,3179882,149
2025-11-27,Barranquilla,Credito Consumo,4527149,133
2025-11-27,Barranquilla,Microcredito,4923062,138
2025-11-27,Barranquilla,Credito Consumo,1078461,197
2025-11-27,Barranquilla,Libranza,3794211,172
2025-11-27,Barranquilla,Microcredito,4590168,196
2025-11-27,Barranquilla,Tarjeta Visa,4842335,111
2025-11-27,Barranquilla,Libranza,3642075,145
2025-11-27,Barranquilla,Libranza,4310668,173
2025-11-27,Barranquilla,Tarjeta Visa,436798,165
2025-11-27,Barranquilla,Tarjeta Visa,3535092,158
2025-11-27,Barranquilla,Microcredito,2259444,123
2025-11-27,Barranquilla,Libranza,2771122,151
2025-11-27,Barranquilla,Tarjeta Visa,1449029,142
2025-11-27,Barranquilla,Credito Consumo,379712,103
2025-11-27,Barranquilla,Credito Consumo,4686287,166
2025-11-27,Barranquilla,Libranza,1479766,133
2025-11-27,Barranquilla,Microcredito,1492426,122
2025-11-27,Barranquilla,Credito Consumo,2386646,180
2025-11-27,Barranquilla,Microcredito,3017397,127
2025-11-27,Barranquilla,Libranza,3519848,173
2025-11-27,Barranquilla,Credito Consumo,4608323,142
2025-11-27,Barranquilla,Libranza,4365017,114
2025-11-27,Barranquilla,Libranza,2199937,176
2025-11-27,Barranquilla,Libranza,2764442,174
2025-11-27,Barranquilla,Libranza,4538337,184
2025-11-27,Barranquilla,Libranza,3838809,186
2025-11-27,Barranquilla,Credito Consumo,2156450,148
2025-11-27,Barranquilla,Credito Consumo,3869876,103
2025-11-27,Barranquilla,Tarjeta Visa,1591234,150
2025-11-27,Barranquilla,Microcredito,2049295,151
2025-11-27,Barranquilla,Credito Consumo,250879,139
2025-11-27,Barranquilla,Credito Consumo,3442403,122
2025-11-27,Barranquilla,Microcredito,4319240,114
2025-11-27,Barranquilla,Libranza,3404003,198
2025-11-27,Barranquilla,Credito Consumo,3644219,128
2025-11-27,Barranquilla,Tarjeta Visa,4807991,168
2025-11-27,Barranquilla,Microcredito,998017,180
2025-11-27,Barranquilla,Libranza,3663548,187
2025-11-27,Barranquilla,Credito Consumo,2735482,177
2025-11-27,Barranquilla,Tarjeta Visa,199633,148
2025-11-27,Barranquilla,Libranza,1114679,161
2025-11-27,Barranquilla,Credito Consumo,2113957,103
2025-11-27,Barranquilla,Microcredito,4347578,142
2025-11-27,Barranquilla,Credito Consumo,1431770,159
2025-11-27,Barranquilla,Microcredito,4425570,174
2025-11-27,Barranquilla,Credito Consumo,957430,193
2025-11-27,Barranquilla,Tarjeta Visa,1389603,171
2025-11-27,Barranquilla,Tarjeta Visa,3434074,150
2025-11-27,Barranquilla,Libranza,280088,150
2025-11-27,Barranquilla,Credito Consumo,3370598,121
2025-11-27,Barranquilla,Tarjeta Visa,1105052,145
2025-11-27,Barranquilla,Tarjeta Visa,3089504,186
2025-11-27,Barranquilla,Tarjeta Visa,1753661,187
2025-11-27,Barranquilla,Tarjeta Visa,2847163,195
2025-11-27,Barranquilla,Microcredito,172575,117
2025-11-27,Barranquilla,Libranza,3915514,179
2025-11-27,Barranquilla,Credito Consumo,3802053,173
2025-11-27,Barranquilla,Credito Consumo,1723430,192
2025-11-27,Barranquilla,Credito Consumo,837720,148
2025-11-27,Barranquilla,Microcredito,3456032,105
2025-11-27,Barranquilla,Microcredito,1340141,108
2025-11-27,Barranquilla,Tarjeta Visa,4591692,151
2025-11-27,Barranquilla,Tarjeta Visa,1248094,153
2025-11-27,Barranquilla,Microcredito,1918974,135
2025-11-27,Barranquilla,Tarjeta Visa,4951469,104
2025-11-27,Barranquilla,Microcredito,574438,125
2025-11-27,Barranquilla,Microcredito,2869155,179
2025-11-27,Barranquilla,Credito Consumo,193163,181
2025-11-27,Barranquilla,Libranza,3634038,164
2025-11-27,Barranquilla,Microcredito,1191015,163
2025-11-27,Barranquilla,Libranza,741444,184
2025-11-27,Barranquilla,Microcredito,613972,188
2025-11-27,Barranquilla,Tarjeta Visa,449327,120
2025-11-27,Barranquilla,Microcredito,2462164,143
2025-11-27,Barranquilla,Microcredito,2637196,151
2025-11-27,Barranquilla,Credito Consumo,970986,192
2025-11-27,Barranquilla,Libranza,3461458,125
2025-11-27,Barranquilla,Tarjeta Visa,3873025,131
2025-11-27,Barranquilla,Credito Consumo,4349232,157
2025-11-27,Barranquilla,Libranza,4634051,174
2025-11-27,Barranquilla,Credito Consumo,3221843,136
2025-11-27,Barranquilla,Libranza,3018913,111
2025-11-27,Barranquilla,Microcredito,617502,112
2025-11-27,Barranquilla,Microcredito,236887,145
2025-11-27,Barranquilla,Credito Consumo,4833506,168
2025-11-27,Barranquilla,Tarjeta Visa,2097238,142
2025-11-27,Barranquilla,Libranza,4266204,128
2025-11-27,Barranquilla,Microcredito,3443733,127
2025-11-27,Barranquilla,Microcredito,1718875,178
2025-11-27,Barranquilla,Libranza,4671388,102
2025-11-27,Barranquilla,Microcredito,1038059,196
2025-11-27,Barranquilla,Credito Consumo,3522036,188
2025-11-27,Barranquilla,Libranza,1503898,185
2025-11-27,Barranquilla,Credito Consumo,3759144,108
2025-11-27,Barranquilla,Credito Consumo,1391053,144
2025-11-27,Barranquilla,Microcredito,692266,148
2025-11-27,Barranquilla,Libranza,3039231,198
2025-11-27,Barranquilla,Microcredito,2171823,157
2025-11-27,Barranquilla,Libranza,4701685,114
2025-11-27,Barranquilla,Microcredito,1060333,138
2025-11-27,Barranquilla,Libranza,3114694,132
2025-11-27,Barranquilla,Microcredito,827672,138
2025-11-27,Barranquilla,Tarjeta Visa,4674481,174
2025-11-27,Barranquilla,Microcredito,1622801,131
2025-11-27,Barranquilla,Tarjeta Visa,303705,135
2025-11-27,Barranquilla,Tarjeta Visa,3642266,117
2025-11-27,Barranquilla,Libranza,382550,101
2025-11-27,Barranquilla,Tarjeta Visa,2437640,133
2025-11-27,Barranquilla,Tarjeta Visa,2190815,117
2025-11-27,Barranquilla,Credito Consumo,1326937,106
2025-11-27,Barranquilla,Credito Consumo,2926203,149
2025-11-27,Barranquilla,Tarjeta Visa,4628462,125
2025-11-27,Barranquilla,Credito Consumo,4433449,140
2025-11-27,Barranquilla,Credito Consumo,2316038,197
2025-11-27,Barranquilla,Tarjeta Visa,920845,110
2025-11-27,Barranquilla,Libranza,3972527,164
2025-11-27,Barranquilla,Libranza,1514447,146
2025-11-27,Barranquilla,Credito Consumo,2658423,162
2025-11-27,Barranquilla,Libranza,1396207,142
2025-11-27,Barranquilla,Libranza,1327866,107
2025-11-27,Barranquilla,Microcredito,4104338,188
2025-11-27,Barranquilla,Tarjeta Visa,4152377,166
2025-11-27,Barranquilla,Tarjeta Visa,519575,127
2025-11-27,Barranquilla,Libranza,1135789,181
2025-11-27,Barranquilla,Microcredito,855415,156
2025-11-27,Barranquilla,Microcredito,4924341,191
2025-11-27,Barranquilla,Tarjeta Visa,4754849,125
2025-11-27,Barranquilla,Microcredito,2633397,140
2025-11-27,Barranquilla,Credito Consumo,710596,147
2025-11-27,Barranquilla,Tarjeta Visa,965243,184
2025-11-27,Barranquilla,Tarjeta Visa,4620417,136
2025-11-27,Barranquilla,Libranza,2945055,149
2025-11-27,Barranquilla,Credito Consumo,697517,144
2025-11-27,Barranquilla,Microcredito,3478248,146
2025-11-27,Barranquilla,Libranza,4084812,163
2025-11-27,Barranquilla,Credito Consumo,4530364,170
2025-11-27,Barranquilla,Libranza,1101048,115
2025-11-27,Barranquilla,Credito Consumo,611649,100
2025-11-27,Barranquilla,Credito Consumo,2981391,178
2025-11-27,Barranquilla,Credito Consumo,2449136,155
2025-11-27,Barranquilla,Tarjeta Visa,3491180,198
2025-11-27,Barranquilla,Libranza,2778748,122
2025-11-27,Barranquilla,Tarjeta Visa,1898939,147
2025-11-27,Barranquilla,Libranza,1799474,142
2025-11-27,Barranquilla,Libranza,2308567,148
2025-11-27,Barranquilla,Credito Consumo,2959850,110
2025-11-27,Barranquilla,Libranza,3794480,173
2025-11-27,Barranquilla,Microcredito,3336619,180
2025-11-27,Barranquilla,Libranza,877290,159
2025-11-27,Barranquilla,Libranza,112481,182
2025-11-27,Barranquilla,Tarjeta Visa,181350,173
2025-11-27,Barranquilla,Libranza,2297802,179
2025-11-27,Barranquilla,Credito Consumo,786883,169
2025-11-27,Barranquilla,Microcredito,330434,138
2025-11-27,Barranquilla,Microcredito,3692814,126
2025-11-27,Barranquilla,Tarjeta Visa,751496,136
2025-11-27,Barranquilla,Libranza,3223702,104
2025-11-27,Barranquilla,Tarjeta Visa,3729708,125
2025-11-27,Barranquilla,Libranza,2609210,174
2025-11-27,Barranquilla,Tarjeta Visa,1273719,111
2025-11-27,Barranquilla,Libranza,2274577,173
2025-11-27,Barranquilla,Credito Consumo,3673377,189
2025-11-27,Barranquilla,Microcredito,358138,154
2025-11-27,Barranquilla,Libranza,4495852,144
2025-11-27,Barranquilla,Tarjeta Visa,828729,169
2025-11-27,Barranquilla,Tarjeta Visa,1379928,151
2025-11-27,Barranquilla,Microcredito,1557833,164
2025-11-27,Barranquilla,Credito Consumo,1212851,107
2025-11-27,Barranquilla,Credito Consumo,3122818,190
2025-11-27,Barranquilla,Credito Consumo,2770726,105
2025-11-27,Barranquilla,Microcredito,2769886,108
2025-11-27,Barranquilla,Libranza,2180237,183
2025-11-27,Barranquilla,Credito Consumo,2760775,108
2025-11-27,Barranquilla,Credito Consumo,1445547,113
2025-11-27,Barranquilla,Libranza,1477412,146
2025-11-27,Barranquilla,Credito Consumo,3598952,156
2025-11-27,Barranquilla,Libranza,2459147,188
2025-11-27,Barranquilla,Credito Consumo,4544845,158
2025-11-27,Barranquilla,Libranza,599769,163
2025-11-27,Barranquilla,Tarjeta Visa,2135698,136
2025-11-27,Barranquilla,Libranza,3234945,116
2025-11-27,Barranquilla,Libranza,4360151,194
2025-11-27,Barranquilla,Libranza,1617838,189
2025-11-27,Barranquilla,Credito Consumo,4913671,144
2025-11-27,Barranquilla,Credito Consumo,2331810,146
2025-11-27,Barranquilla,Tarjeta Visa,3974382,124
2025-11-27,Barranquilla,Credito Consumo,4696404,122
2025-11-27,Barranquilla,Libranza,684524,179
2025-11-27,Barranquilla,Tarjeta Visa,1570429,127
2025-11-27,Barranquilla,Microcredito,2733117,113
2025-11-27,Barranquilla,Tarjeta Visa,342654,115
2025-11-27,Barranquilla,Credito Consumo,2983673,150
2025-11-27,Barranquilla,Credito Consumo,4656002,189
2025-11-27,Barranquilla,Libranza,4134133,120
2025-11-27,Barranquilla,Credito Consumo,3762322,129
2025-11-27,Barranquilla,Libranza,2404037,196
2025-11-27,Barranquilla,Credito Consumo,1447017,106
2025-11-27,Barranquilla,Libranza,4178753,170
2025-11-27,Barranquilla,Tarjeta Visa,4207524,150
2025-11-27,Barranquilla,Microcredito,2554747,101
2025-11-27,Barranquilla,Libranza,1785948,147
2025-11-27,Barranquilla,Microcredito,596904,181
2025-11-27,Barranquilla,Tarjeta Visa,4247844,103
2025-11-27,Barranquilla,Microcredito,3874503,142
2025-11-27,Barranquilla,Credito Consumo,842125,161
2025-11-27,Barranquilla,Credito Consumo,4972420,185
2025-11-27,Barranquilla,Microcredito,2393782,198
2025-11-27,Barranquilla,Credito Consumo,1676235,139
2025-11-27,Barranquilla,Tarjeta Visa,2281096,170
2025-11-27,Barranquilla,Credito Consumo,2695166,128
2025-11-27,Barranquilla,Microcredito,4228134,122
2025-11-27,Barranquilla,Credito Consumo,4341455,193
2025-11-27,Barranquilla,Libranza,3575999,174
2025-11-27,Barranquilla,Tarjeta Visa,595872,101
2025-11-27,Barranquilla,Libranza,4337347,106
2025-11-27,Barranquilla,Microcredito,3181889,188
2025-11-27,Barranquilla,Libranza,4428432,195
2025-11-27,Barranquilla,Microcredito,1841749,111
2025-11-27,Barranquilla,Credito Consumo,3215187,181
2025-11-27,Barranquilla,Microcredito,483355,184
2025-11-27,Barranquilla,Libranza,3700837,126
2025-11-27,Barranquilla,Credito Consumo,4560200,185
2025-11-27,Barranquilla,Tarjeta Visa,3958656,179
2025-11-27,Barranquilla,Libranza,3797433,128
2025-11-27,Barranquilla,Microcredito,693703,167
2025-11-27,Barranquilla,Credito Consumo,1752721,124
2025-11-27,Barranquilla,Microcredito,3909702,138
2025-11-27,Barranquilla,Microcredito,4693752,143
2025-11-27,Barranquilla,Microcredito,4861521,129
2025-11-27,Barranquilla,Credito Consumo,640464,135
2025-11-27,Barranquilla,Tarjeta Visa,3700852,138
2025-11-27,Barranquilla,Libranza,4094270,142
2025-11-27,Barranquilla,Tarjeta Visa,2009763,179
2025-11-27,Barranquilla,Libranza,4324876,173
2025-11-27,Barranquilla,Microcredito,3155560,141
2025-11-27,Barranquilla,Microcredito,2468498,115
2025-11-27,Barranquilla,Credito Consumo,2645835,161
2025-11-27,Barranquilla,Credito Consumo,4437725,197
2025-11-27,Barranquilla,Credito Consumo,4807040,124
2025-11-27,Barranquilla,Microcredito,3664991,120
2025-11-27,Barranquilla,Tarjeta Visa,3130672,185
2025-11-27,Barranquilla,Tarjeta Visa,3610637,135
2025-11-27,Barranquilla,Credito Consumo,3366294,159
2025-11-27,Barranquilla,Microcredito,3627904,127
2025-11-27,Barranquilla,Libranza,1887332,184
2025-11-27,Barranquilla,Libranza,1673021,195
2025-11-27,Barranquilla,Libranza,2054465,148
2025-11-27,Barranquilla,Microcredito,3710147,155
2025-11-27,Barranquilla,Libranza,1094876,184
2025-11-27,Barranquilla,Credito Consumo,1721585,156
2025-11-27,Barranquilla,Credito Consumo,4047286,142
2025-11-27,Barranquilla,Libranza,536753,173
2025-11-27,Barranquilla,Libranza,4890770,123
2025-11-27,Barranquilla,Microcredito,3823421,195
2025-11-27,Barranquilla,Microcredito,247212,100
2025-11-27,Barranquilla,Libranza,4087100,156
2025-11-27,Barranquilla,Microcredito,3416386,114
2025-11-27,Barranquilla,Libranza,452229,169
2025-11-27,Barranquilla,Libranza,2620693,137
2025-11-27,Barranquilla,Microcredito,1495115,181
2025-11-27,Barranquilla,Credito Consumo,4938179,157
2025-11-27,Barranquilla,Credito Consumo,3144820,108
2025-11-27,Barranquilla,Credito Consumo,2166108,116
2025-11-27,Barranquilla,Tarjeta Visa,4920293,143
2025-11-27,Barranquilla,Credito Consumo,2468240,136
2025-11-27,Barranquilla,Tarjeta Visa,703104,165
2025-11-27,Barranquilla,Credito Consumo,885579,165
2025-11-27,Barranquilla,Libranza,1647846,179
2025-11-27,Barranquilla,Libranza,2826777,152
2025-11-27,Barranquilla,Microcredito,1364383,140
2025-11-27,Barranquilla,Libranza,1645125,116
2025-11-27,Barranquilla,Microcredito,2473437,143
2025-11-27,Barranquilla,Libranza,431257,145
2025-11-27,Barranquilla,Microcredito,2700567,186
2025-11-27,Barranquilla,Credito Consumo,2148911,141
2025-11-27,Barranquilla,Libranza,4537677,169
2025-11-27,Barranquilla,Tarjeta Visa,802565,185
2025-11-27,Barranquilla,Microcredito,4383156,114
2025-11-27,Barranquilla,Libranza,2894935,146
2025-11-27,Barranquilla,Microcredito,3600822,195
2025-11-27,Barranquilla,Libranza,456631,173
2025-11-27,Barranquilla,Tarjeta Visa,4203322,149
2025-11-27,Barranquilla,Libranza,2134054,195
2025-11-27,Barranquilla,Credito Consumo,4235151,149
2025-11-27,Barranquilla,Libranza,1736787,120
2025-11-27,Barranquilla,Microcredito,910028,115
2025-11-27,Barranquilla,Microcredito,2882404,155
2025-11-27,Barranquilla,Tarjeta Visa,1351468,100
2025-11-27,Barranquilla,Credito Consumo,2407491,109
2025-11-27,Barranquilla,Tarjeta Visa,284982,152
2025-11-27,Barranquilla,Credito Consumo,3121481,105
2025-11-27,Barranquilla,Microcredito,1066738,174
2025-11-27,Barranquilla,Microcredito,1985211,109
2025-11-27,Barranquilla,Credito Consumo,3755138,114
2025-11-27,Barranquilla,Tarjeta Visa,2663477,133
2025-11-27,Barranquilla,Credito Consumo,366376,147
2025-11-27,Barranquilla,Credito Consumo,3575283,166
2025-11-27,Barranquilla,Tarjeta Visa,898413,162
2025-11-27,Barranquilla,Microcredito,821054,164
2025-11-27,Barranquilla,Credito Consumo,4455831,190
2025-11-27,Barranquilla,Tarjeta Visa,4744169,172
2025-11-27,Barranquilla,Libranza,1225932,163
2025-11-27,Barranquilla,Libranza,2777587,182
2025-11-27,Barranquilla,Tarjeta Visa,3967244,118
2025-11-27,Barranquilla,Libranza,4157429,148
2025-11-27,Barranquilla,Libranza,133170,139
2025-11-27,Barranquilla,Microcredito,2681165,127
2025-11-27,Barranquilla,Libranza,3266017,154
2025-11-27,Barranquilla,Credito Consumo,626767,159
2025-11-27,Barranquilla,Libranza,4393277,112
2025-11-27,Barranquilla,Libranza,2925555,118
2025-11-27,Barranquilla,Tarjeta Visa,640359,163
2025-11-27,Barranquilla,Tarjeta Visa,4724665,106
2025-11-27,Barranquilla,Tarjeta Visa,2553865,169
2025-11-27,Barranquilla,Microcredito,4843288,168
2025-11-27,Barranquilla,Tarjeta Visa,1649369,197
2025-11-27,Barranquilla,Libranza,3949251,196
2025-11-27,Barranquilla,Credito Consumo,728366,121
2025-11-27,Barranquilla,Microcredito,4335646,112
2025-11-27,Barranquilla,Microcredito,138298,192
2025-11-27,Barranquilla,Microcredito,1917131,162
2025-11-27,Barranquilla,Libranza,1579105,102
2025-11-27,Barranquilla,Libranza,845794,126
2025-11-27,Barranquilla,Libranza,4660120,192
2025-11-27,Barranquilla,Microcredito,1008643,152
2025-11-27,Barranquilla,Tarjeta Visa,1162613,138
2025-11-27,Barranquilla,Credito Consumo,4429581,109
2025-11-27,Barranquilla,Libranza,1498282,152
2025-11-27,Barranquilla,Microcredito,2582408,169
2025-11-27,Barranquilla,Tarjeta Visa,3726445,161
2025-11-27,Barranquilla,Tarjeta Visa,315779,107
2025-11-27,Barranquilla,Credito Consumo,929400,159
2025-11-27,Barranquilla,Microcredito,3970611,169
2025-11-27,Barranquilla,Tarjeta Visa,3657041,175
2025-11-27,Barranquilla,Libranza,2697980,131
2025-11-27,Barranquilla,Libranza,501715,197
2025-11-27,Barranquilla,Libranza,3805950,181
2025-11-27,Barranquilla,Microcredito,4262777,197
2025-11-27,Barranquilla,Tarjeta Visa,4205002,156
2025-11-27,Barranquilla,Microcredito,3482492,129
2025-11-27,Barranquilla,Libranza,1459618,191
2025-11-27,Barranquilla,Tarjeta Visa,3783317,151
2025-11-27,Barranquilla,Microcredito,2625568,194
2025-11-27,Barranquilla,Libranza,4570164,132
2025-11-27,Barranquilla,Libranza,4459801,197
2025-11-27,Barranquilla,Libranza,4623985,107
2025-11-27,Barranquilla,Libranza,4851956,176
2025-11-27,Barranquilla,Libranza,3988885,135
2025-11-27,Barranquilla,Credito Consumo,3147602,192
2025-11-27,Barranquilla,Libranza,4080456,102
2025-11-27,Barranquilla,Libranza,3939795,147
2025-11-27,Barranquilla,Microcredito,3216131,197
2025-11-27,Barranquilla,Libranza,3287873,131
2025-11-27,Barranquilla,Microcredito,821165,156
2025-11-27,Barranquilla,Tarjeta Visa,814626,126
2025-11-27,Barranquilla,Tarjeta Visa,1602398,176
2025-11-27,Barranquilla,Libranza,874670,108
2025-11-27,Barranquilla,Credito Consumo,4446315,106
2025-11-27,Barranquilla,Credito Consumo,3867131,178
2025-11-27,Barranquilla,Libranza,3512922,164
2025-11-27,Barranquilla,Microcredito,2057282,159
2025-11-27,Barranquilla,Tarjeta Visa,728497,150
2025-11-27,Barranquilla,Tarjeta Visa,2587197,151
2025-11-27,Barranquilla,Microcredito,1319324,104
2025-11-27,Barranquilla,Microcredito,3098496,173
2025-11-27,Barranquilla,Libranza,2441734,163
2025-11-27,Barranquilla,Microcredito,4018528,102
2025-11-27,Barranquilla,Libranza,3806041,172
2025-11-27,Barranquilla,Libranza,2406230,169
2025-11-27,Barranquilla,Microcredito,1221159,135
2025-11-27,Barranquilla,Credito Consumo,4889621,190
2025-11-27,Barranquilla,Microcredito,4521897,190
2025-11-27,Barranquilla,Tarjeta Visa,520040,155
2025-11-27,Barranquilla,Credito Consumo,1724250,169
2025-11-27,Barranquilla,Tarjeta Visa,1723069,198
2025-11-27,Barranquilla,Credito Consumo,4322024,169
2025-11-27,Barranquilla,Microcredito,3277573,173
2025-11-27,Barranquilla,Microcredito,4827661,122
2025-11-27,Barranquilla,Credito Consumo,3550969,135
2025-11-27,Barranquilla,Tarjeta Visa,3407921,116
2025-11-27,Barranquilla,Credito Consumo,1251347,174
2025-11-27,Barranquilla,Microcredito,3955341,173
2025-11-27,Barranquilla,Microcredito,3956443,116
2025-11-27,Barranquilla,Tarjeta Visa,2818676,109
2025-11-27,Barranquilla,Tarjeta Visa,892381,154
2025-11-27,Barranquilla,Tarjeta Visa,2870712,119
2025-11-27,Barranquilla,Microcredito,339985,156
2025-11-27,Barranquilla,Microcredito,203384,158
2025-11-27,Barranquilla,Microcredito,3131334,185
2025-11-27,Barranquilla,Tarjeta Visa,1299829,156
2025-11-27,Barranquilla,Libranza,2469938,185
2025-11-27,Barranquilla,Credito Consumo,4516915,165
2025-11-27,Barranquilla,Credito Consumo,4921030,163
2025-11-27,Barranquilla,Microcredito,3888338,188
2025-11-27,Barranquilla,Tarjeta Visa,309393,181
2025-11-27,Barranquilla,Libranza,1221881,136
2025-11-27,Barranquilla,Microcredito,3560006,160
2025-11-27,Barranquilla,Tarjeta Visa,3844447,190
2025-11-27,Barranquilla,Credito Consumo,495124,107
2025-11-27,Barranquilla,Libranza,1136122,163
2025-11-27,Barranquilla,Tarjeta Visa,1776284,125
2025-11-27,Barranquilla,Libranza,1672401,143
2025-11-27,Barranquilla,Credito Consumo,3065421,142
2025-11-27,Barranquilla,Libranza,579959,151
2025-11-27,Barranquilla,Credito Consumo,2877905,137
2025-11-27,Barranquilla,Microcredito,655957,152
2025-11-27,Barranquilla,Credito Consumo,163843,161
2025-11-27,Barranquilla,Credito Consumo,137801,155
2025-11-27,Barranquilla,Microcredito,2385367,171
2025-11-27,Barranquilla,Microcredito,1533061,149
2025-11-27,Barranquilla,Microcredito,4645255,150
2025-11-27,Barranquilla,Libranza,1961728,146
2025-11-27,Barranquilla,Microcredito,4718959,119
2025-11-27,Barranquilla,Credito Consumo,2636371,174
2025-11-27,Barranquilla,Libranza,2164966,192
2025-11-27,Barranquilla,Credito Consumo,4904847,109
2025-11-27,Barranquilla,Tarjeta Visa,3637273,198
2025-11-27,Barranquilla,Tarjeta Visa,3742658,111
2025-11-27,Barranquilla,Tarjeta Visa,2291133,107
2025-11-27,Barranquilla,Microcredito,369253,186
2025-11-27,Barranquilla,Microcredito,2196003,178
2025-11-27,Barranquilla,Credito Consumo,621839,136
2025-11-27,Barranquilla,Libranza,3987975,145
2025-11-27,Barranquilla,Credito Consumo,3621153,122
2025-11-27,Barranquilla,Credito Consumo,2535800,134
2025-11-27,Barranquilla,Credito Consumo,2624964,100
2025-11-27,Barranquilla,Tarjeta Visa,1452843,101
2025-11-27,Barranquilla,Credito Consumo,2233516,129
2025-11-27,Barranquilla,Credito Consumo,4560232,191
2025-11-27,Barranquilla,Credito Consumo,4257497,111
2025-11-27,Barranquilla,Credito Consumo,1639332,115
2025-11-27,Barranquilla,Microcredito,317598,184
2025-11-27,Barranquilla,Libranza,553836,114
2025-11-27,Barranquilla,Microcredito,248821,158
2025-11-27,Barranquilla,Tarjeta Visa,2568069,138
2025-11-27,Barranquilla,Credito Consumo,3169039,192
2025-11-27,Barranquilla,Tarjeta Visa,1408691,132
2025-11-27,Barranquilla,Credito Consumo,1794162,163
2025-11-27,Barranquilla,Libranza,2787456,189
2025-11-27,Barranquilla,Credito Consumo,2727244,158
2025-11-27,Barranquilla,Libranza,3231010,152
2025-11-27,Barranquilla,Microcredito,4711953,166
2025-11-27,Barranquilla,Tarjeta Visa,2961172,144
2025-11-27,Barranquilla,Tarjeta Visa,3803516,157
2025-11-27,Barranquilla,Tarjeta Visa,2823385,178
2025-11-27,Barranquilla,Libranza,1159394,109
2025-11-27,Barranquilla,Tarjeta Visa,3166895,190
2025-11-27,Barranquilla,Tarjeta Visa,1279535,121
2025-11-27,Barranquilla,Credito Consumo,4995883,147
2025-11-27,Barranquilla,Credito Consumo,3890319,161
2025-11-27,Barranquilla,Microcredito,3377663,196
2025-11-27,Barranquilla,Libranza,874149,147
2025-11-27,Barranquilla,Credito Consumo,2189645,115
2025-11-27,Barranquilla,Credito Consumo,1265231,101
2025-11-27,Barranquilla,Tarjeta Visa,4190460,139
2025-11-27,Barranquilla,Microcredito,2906509,143
2025-11-27,Barranquilla,Microcredito,4199330,109
2025-11-27,Barranquilla,Libranza,3600309,110
2025-11-27,Barranquilla,Libranza,2779961,164
2025-11-27,Barranquilla,Microcredito,4728981,141
2025-11-27,Barranquilla,Tarjeta Visa,3644356,140
2025-11-27,Barranquilla,Microcredito,303643,183
2025-11-27,Barranquilla,Microcredito,389173,139
2025-11-27,Barranquilla,Libranza,3729209,116
2025-11-27,Barranquilla,Credito Consumo,2121307,159
2025-11-27,Barranquilla,Credito Consumo,446080,120
2025-11-27,Barranquilla,Microcredito,2782226,184
2025-11-27,Barranquilla,Tarjeta Visa,4650240,166
2025-11-27,Barranquilla,Libranza,274078,175
2025-11-27,Barranquilla,Tarjeta Visa,3259225,139
2025-11-27,Barranquilla,Microcredito,1550337,131
2025-11-27,Barranquilla,Microcredito,3194372,100
2025-11-27,Barranquilla,Libranza,4779831,139
2025-11-27,Barranquilla,Libranza,621395,176
2025-11-27,Barranquilla,Microcredito,3414484,185
2025-11-27,Barranquilla,Microcredito,1272881,136
2025-11-27,Barranquilla,Libranza,2875856,171
2025-11-27,Barranquilla,Libranza,1659653,147
2025-11-27,Barranquilla,Tarjeta Visa,904944,145
2025-11-27,Barranquilla,Microcredito,3677425,148
2025-11-27,Barranquilla,Microcredito,2027651,179
2025-11-27,Barranquilla,Microcredito,163288,195
2025-11-27,Barranquilla,Microcredito,1018482,190
2025-11-27,Barranquilla,Microcredito,1552828,122
2025-11-27,Barranquilla,Tarjeta Visa,3029208,179
2025-11-27,Barranquilla,Microcredito,4392889,171
2025-11-27,Barranquilla,Libranza,1609438,114
2025-11-27,Barranquilla,Microcredito,555729,131
2025-11-27,Barranquilla,Tarjeta Visa,3007065,125
2025-11-27,Barranquilla,Libranza,2988490,186
2025-11-27,Barranquilla,Libranza,2337372,197
2025-11-27,Barranquilla,Microcredito,4988543,149
2025-11-27,Barranquilla,Credito Consumo,2176563,146
2025-11-27,Barranquilla,Microcredito,1479624,123
2025-11-27,Barranquilla,Tarjeta Visa,2088823,156
2025-11-27,Barranquilla,Tarjeta Visa,262557,172
2025-11-27,Barranquilla,Credito Consumo,1399236,105
2025-11-27,Barranquilla,Tarjeta Visa,3505599,139
2025-11-27,Barranquilla,Microcredito,4854886,156
2025-11-27,Barranquilla,Credito Consumo,1968531,129
2025-11-27,Barranquilla,Tarjeta Visa,2927844,125
2025-11-27,Barranquilla,Tarjeta Visa,3081434,175
2025-11-27,Barranquilla,Credito Consumo,3968980,172
2025-11-27,Barranquilla,Libranza,2124804,128
2025-11-27,Barranquilla,Libranza,432018,160
2025-11-27,Barranquilla,Microcredito,1620649,104
2025-11-27,Barranquilla,Microcredito,3487505,110
2025-11-27,Barranquilla,Microcredito,4995591,113
2025-11-27,Barranquilla,Libranza,2755554,188
2025-11-27,Barranquilla,Credito Consumo,1578927,124
2025-11-27,Barranquilla,Libranza,2344869,114
2025-11-27,Barranquilla,Tarjeta Visa,4139358,198
2025-11-27,Barranquilla,Libranza,4635631,115
2025-11-27,Barranquilla,Tarjeta Visa,555890,180
2025-11-27,Barranquilla,Tarjeta Visa,496774,128
2025-11-27,Barranquilla,Tarjeta Visa,2292669,121
2025-11-27,Barranquilla,Microcredito,1120880,121
2025-11-27,Barranquilla,Microcredito,3762891,152
2025-11-27,Barranquilla,Microcredito,2569534,115
2025-11-27,Barranquilla,Credito Consumo,3770849,145
2025-11-27,Barranquilla,Credito Consumo,1106844,178
2025-11-27,Barranquilla,Credito Consumo,2155349,169
2025-11-27,Barranquilla,Libranza,4989248,163
2025-11-27,Barranquilla,Libranza,1061053,128
2025-11-27,Barranquilla,Libranza,2265321,111
2025-11-27,Barranquilla,Microcredito,2910458,184
2025-11-27,Barranquilla,Microcredito,1726996,176
2025-11-27,Barranquilla,Credito Consumo,1654525,147
2025-11-27,Barranquilla,Tarjeta Visa,1958266,113
2025-11-27,Barranquilla,Credito Consumo,698195,106
2025-11-27,Barranquilla,Credito Consumo,3740691,126
2025-11-27,Barranquilla,Tarjeta Visa,1320049,177
2025-11-27,Barranquilla,Libranza,4951382,193
2025-11-27,Barranquilla,Microcredito,3228053,128
2025-11-27,Barranquilla,Microcredito,317303,179
2025-11-27,Barranquilla,Credito Consumo,2880291,115
2025-11-27,Barranquilla,Microcredito,2278271,193
2025-11-27,Barranquilla,Libranza,364355,165
2025-11-27,Barranquilla,Credito Consumo,3122923,116
2025-11-27,Barranquilla,Libranza,4599481,123
2025-11-27,Barranquilla,Credito Consumo,2526836,186
2025-11-27,Barranquilla,Credito Consumo,3067226,126
2025-11-27,Barranquilla,Tarjeta Visa,751747,156
2025-11-27,Barranquilla,Tarjeta Visa,1170376,149
2025-11-27,Barranquilla,Tarjeta Visa,489800,125
2025-11-27,Barranquilla,Tarjeta Visa,3022833,196
2025-11-27,Barranquilla,Tarjeta Visa,2416121,180
2025-11-27,Barranquilla,Microcredito,4310894,114
2025-11-27,Barranquilla,Libranza,761762,191
2025-11-27,Barranquilla,Tarjeta Visa,443985,195
2025-11-27,Barranquilla,Microcredito,2684530,118
2025-11-27,Barranquilla,Tarjeta Visa,2511933,106
2025-11-27,Barranquilla,Microcredito,3985233,197
2025-11-27,Barranquilla,Credito Consumo,447602,139
2025-11-27,Barranquilla,Credito Consumo,3275306,118
2025-11-27,Barranquilla,Credito Consumo,4456045,195
2025-11-27,Barranquilla,Libranza,393567,197
2025-11-27,Barranquilla,Credito Consumo,324050,101
2025-11-27,Barranquilla,Microcredito,2636800,158
2025-11-27,Barranquilla,Microcredito,1378792,155
2025-11-27,Barranquilla,Credito Consumo,3261299,102
2025-11-27,Barranquilla,Credito Consumo,3474791,134
2025-11-27,Barranquilla,Credito Consumo,4626201,114
2025-11-27,Barranquilla,Credito Consumo,976559,139
2025-11-27,Barranquilla,Libranza,372698,133
2025-11-27,Barranquilla,Microcredito,4550007,104
2025-11-27,Barranquilla,Credito Consumo,1442311,123
2025-11-27,Barranquilla,Credito Consumo,2140810,151
2025-11-27,Barranquilla,Microcredito,4522843,117
2025-11-27,Barranquilla,Tarjeta Visa,4587082,171
2025-11-27,Barranquilla,Microcredito,676227,108
2025-11-27,Barranquilla,Credito Consumo,3461937,141
2025-11-27,Barranquilla,Credito Consumo,4852921,154
2025-11-27,Barranquilla,Libranza,454880,179
2025-11-27,Barranquilla,Libranza,1480467,126
2025-11-27,Barranquilla,Microcredito,2179052,196
2025-11-27,Barranquilla,Credito Consumo,4960621,123
2025-11-27,Barranquilla,Credito Consumo,2149509,131
2025-11-27,Barranquilla,Tarjeta Visa,1766219,148
2025-11-27,Barranquilla,Libranza,3966292,118
2025-11-27,Barranquilla,Microcredito,2491763,111
2025-11-27,Barranquilla,Libranza,4961413,166
2025-11-27,Barranquilla,Credito Consumo,3809692,117
2025-11-27,Barranquilla,Tarjeta Visa,1359095,194
2025-11-27,Barranquilla,Tarjeta Visa,3211196,194
2025-11-27,Barranquilla,Microcredito,1408528,145
2025-11-27,Barranquilla,Microcredito,621842,174
2025-11-27,Barranquilla,Tarjeta Visa,3388108,103
2025-11-27,Barranquilla,Credito Consumo,3336808,151
2025-11-27,Barranquilla,Libranza,517638,155
2025-11-27,Barranquilla,Libranza,2319912,105
2025-11-27,Barranquilla,Libranza,4735124,132
2025-11-27,Barranquilla,Credito Consumo,2955307,195
2025-11-27,Barranquilla,Credito Consumo,2456604,152
2025-11-27,Barranquilla,Tarjeta Visa,1777494,185
2025-11-27,Barranquilla,Tarjeta Visa,3066209,123
2025-11-27,Barranquilla,Libranza,2018915,173
2025-11-27,Barranquilla,Credito Consumo,2976905,162
2025-11-27,Barranquilla,Tarjeta Visa,3443733,194
2025-11-27,Barranquilla,Libranza,2005268,105
2025-11-27,Barranquilla,Libranza,1935302,189
2025-11-27,Barranquilla,Credito Consumo,1207944,193
2025-11-27,Barranquilla,Credito Consumo,1430934,161
2025-11-27,Barranquilla,Credito Consumo,643592,174
2025-11-27,Barranquilla,Libranza,223936,175
2025-11-27,Barranquilla,Credito Consumo,4189309,186
2025-11-27,Barranquilla,Credito Consumo,1892719,120
2025-11-27,Barranquilla,Libranza,4811536,198
2025-11-27,Barranquilla,Tarjeta Visa,1674273,187
2025-11-27,Barranquilla,Tarjeta Visa,1341429,117
2025-11-27,Barranquilla,Microcredito,3103987,138
2025-11-27,Barranquilla,Microcredito,871685,168
2025-11-27,Barranquilla,Tarjeta Visa,3799427,155
2025-11-27,Barranquilla,Tarjeta Visa,3926003,131
2025-11-27,Barranquilla,Tarjeta Visa,1399184,104
2025-11-27,Barranquilla,Tarjeta Visa,3619919,164
2025-11-27,Barranquilla,Credito Consumo,3348081,172
2025-11-27,Barranquilla,Libranza,2100279,194
2025-11-27,Barranquilla,Tarjeta Visa,1807683,102
2025-11-27,Barranquilla,Microcredito,4946523,133
2025-11-27,Barranquilla,Microcredito,4536222,128
2025-11-27,Barranquilla,Microcredito,934314,150
2025-11-27,Barranquilla,Credito Consumo,1031520,157
2025-11-27,Barranquilla,Libranza,2026656,185
2025-11-27,Barranquilla,Microcredito,4889487,134
2025-11-27,Barranquilla,Tarjeta Visa,2871926,140
2025-11-27,Barranquilla,Microcredito,3263311,108
2025-11-27,Barranquilla,Credito Consumo,1836552,132
2025-11-27,Barranquilla,Tarjeta Visa,3742934,193
2025-11-27,Barranquilla,Tarjeta Visa,1760850,145
2025-11-27,Barranquilla,Libranza,4066706,155
2025-11-27,Barranquilla,Libranza,1700403,113
2025-11-27,Barranquilla,Libranza,4654753,145
2025-11-27,Barranquilla,Credito Consumo,2877774,116
2025-11-27,Barranquilla,Microcredito,925605,143
2025-11-27,Barranquilla,Tarjeta Visa,4302470,169
2025-11-27,Barranquilla,Libranza,2954034,130
2025-11-27,Barranquilla,Credito Consumo,793764,194
2025-11-27,Barranquilla,Libranza,4594417,171
2025-11-27,Barranquilla,Tarjeta Visa,2689264,158
2025-11-27,Barranquilla,Tarjeta Visa,2668437,180
2025-11-27,Barranquilla,Credito Consumo,1823180,132
2025-11-27,Barranquilla,Microcredito,1766984,108
2025-11-27,Barranquilla,Microcredito,481955,108
2025-11-27,Barranquilla,Credito Consumo,3383681,138
2025-11-27,Barranquilla,Libranza,2590014,160
2025-11-27,Barranquilla,Libranza,3737174,187
2025-11-27,Barranquilla,Libranza,2030300,149
2025-11-27,Barranquilla,Tarjeta Visa,4843504,131
2025-11-27,Barranquilla,Libranza,1550024,133
2025-11-27,Barranquilla,Credito Consumo,336295,103
2025-11-27,Barranquilla,Microcredito,1801172,198
2025-11-27,Barranquilla,Microcredito,1850043,133
2025-11-27,Barranquilla,Tarjeta Visa,3526444,150
2025-11-27,Barranquilla,Credito Consumo,1259557,185
2025-11-27,Barranquilla,Libranza,2927660,114
2025-11-27,Barranquilla,Microcredito,4316797,187
2025-11-27,Barranquilla,Credito Consumo,4344281,141
2025-11-27,Barranquilla,Tarjeta Visa,3053905,168
2025-11-27,Barranquilla,Credito Consumo,3944484,138
2025-11-27,Barranquilla,Credito Consumo,806389,111
2025-11-27,Barranquilla,Microcredito,2874799,103
2025-11-27,Barranquilla,Credito Consumo,3966682,141
2025-11-27,Barranquilla,Microcredito,4416666,174
2025-11-27,Barranquilla,Microcredito,3573813,112
2025-11-27,Barranquilla,Libranza,2845453,168
2025-11-27,Barranquilla,Libranza,3739043,192
2025-11-27,Barranquilla,Tarjeta Visa,4779860,188
2025-11-27,Barranquilla,Libranza,562931,160
2025-11-27,Barranquilla,Credito Consumo,4469755,134
2025-11-27,Barranquilla,Tarjeta Visa,1339400,196
2025-11-27,Barranquilla,Libranza,1212799,198
2025-11-27,Barranquilla,Libranza,3184093,179
2025-11-27,Barranquilla,Credito Consumo,1878886,171
2025-11-27,Barranquilla,Credito Consumo,4104297,141
2025-11-27,Barranquilla,Tarjeta Visa,980343,117
2025-11-27,Barranquilla,Libranza,4353437,167
2025-11-27,Barranquilla,Credito Consumo,3415342,112
2025-11-27,Barranquilla,Libranza,104862,142
2025-11-27,Barranquilla,Tarjeta Visa,1749659,109
2025-11-27,Barranquilla,Tarjeta Visa,1825801,126
2025-11-27,Barranquilla,Tarjeta Visa,1521752,182
2025-11-27,Barranquilla,Tarjeta Visa,4116924,117
2025-11-27,Barranquilla,Credito Consumo,2290423,166
2025-11-27,Barranquilla,Libranza,4307417,193
2025-11-27,Barranquilla,Tarjeta Visa,739125,107
2025-11-27,Barranquilla,Libranza,1347679,132
2025-11-27,Barranquilla,Credito Consumo,946239,123
2025-11-27,Barranquilla,Microcredito,4595282,182
2025-11-27,Barranquilla,Libranza,1143324,103
2025-11-27,Barranquilla,Microcredito,1466307,166
2025-11-27,Barranquilla,Microcredito,3358152,167
2025-11-27,Barranquilla,Tarjeta Visa,3591162,190
2025-11-27,Barranquilla,Libranza,1009686,163
2025-11-27,Barranquilla,Microcredito,2912294,169
2025-11-27,Barranquilla,Tarjeta Visa,3045576,129
2025-11-27,Barranquilla,Microcredito,730202,164
2025-11-27,Barranquilla,Microcredito,1858448,114
2025-11-27,Barranquilla,Microcredito,2996583,198
2025-11-27,Barranquilla,Credito Consumo,2261009,139
2025-11-27,Barranquilla,Libranza,2069490,136
2025-11-27,Barranquilla,Tarjeta Visa,1914725,159
2025-11-27,Barranquilla,Libranza,814857,141
2025-11-27,Barranquilla,Microcredito,2931633,109
2025-11-27,Barranquilla,Libranza,1779470,187
2025-11-27,Barranquilla,Microcredito,3121725,118
2025-11-27,Barranquilla,Credito Consumo,3862620,172
2025-11-27,Barranquilla,Credito Consumo,3034648,159
2025-11-27,Barranquilla,Tarjeta Visa,3515368,196
2025-11-27,Barranquilla,Libranza,1037005,195
2025-11-27,Barranquilla,Microcredito,1544070,194
2025-11-27,Barranquilla,Microcredito,739952,189
2025-11-27,Barranquilla,Tarjeta Visa,4000795,112
2025-11-27,Barranquilla,Credito Consumo,3345208,155
2025-11-27,Barranquilla,Tarjeta Visa,4407486,181
2025-11-27,Barranquilla,Credito Consumo,2178935,107
2025-11-27,Barranquilla,Tarjeta Visa,4188339,192
2025-11-27,Barranquilla,Credito Consumo,3346494,166
2025-11-27,Barranquilla,Microcredito,643885,101
2025-11-27,Barranquilla,Tarjeta Visa,905872,135
2025-11-27,Barranquilla,Libranza,1492873,110
2025-11-27,Barranquilla,Libranza,2914917,100
2025-11-27,Barranquilla,Microcredito,2861073,175
2025-11-27,Barranquilla,Microcredito,4258529,148
2025-11-27,Barranquilla,Credito Consumo,1671942,173
2025-11-27,Barranquilla,Libranza,1444078,173
2025-11-27,Barranquilla,Microcredito,1366103,125
2025-11-27,Barranquilla,Tarjeta Visa,629906,112
2025-11-27,Barranquilla,Credito Consumo,3566584,139
2025-11-27,Barranquilla,Microcredito,121322,125
2025-11-27,Barranquilla,Microcredito,950932,110
2025-11-27,Barranquilla,Libranza,3625160,100
2025-11-27,Barranquilla,Microcredito,3664399,110
2025-11-27,Barranquilla,Credito Consumo,540041,104
2025-11-27,Barranquilla,Tarjeta Visa,4972538,115
2025-11-27,Barranquilla,Libranza,680481,149
2025-11-27,Barranquilla,Credito Consumo,617644,103
2025-11-27,Barranquilla,Libranza,2690776,154
2025-11-27,Barranquilla,Tarjeta Visa,3393416,104
2025-11-27,Barranquilla,Microcredito,2886159,177
2025-11-27,Barranquilla,Microcredito,472926,167
2025-11-27,Barranquilla,Tarjeta Visa,1355005,185
2025-11-27,Barranquilla,Microcredito,2444261,104
2025-11-27,Barranquilla,Tarjeta Visa,3778525,190
2025-11-27,Barranquilla,Microcredito,3734887,187
2025-11-27,Barranquilla,Tarjeta Visa,2234522,177
2025-11-27,Barranquilla,Microcredito,820746,175
2025-11-27,Barranquilla,Libranza,1236711,146
2025-11-27,Barranquilla,Tarjeta Visa,4631741,124
2025-11-27,Barranquilla,Credito Consumo,1837775,100
2025-11-27,Barranquilla,Tarjeta Visa,4275895,178
2025-11-27,Barranquilla,Tarjeta Visa,260802,178
2025-11-27,Barranquilla,Microcredito,1681877,177
2025-11-27,Barranquilla,Microcredito,502060,108
2025-11-27,Barranquilla,Tarjeta Visa,4490710,173
2025-11-27,Barranquilla,Credito Consumo,1403453,103
2025-11-27,Barranquilla,Tarjeta Visa,1033157,121
2025-11-27,Barranquilla,Libranza,1225555,113
2025-11-27,Barranquilla,Microcredito,2582522,150
2025-11-27,Barranquilla,Credito Consumo,4920000,166
2025-11-27,Barranquilla,Tarjeta Visa,4913556,174
2025-11-27,Barranquilla,Microcredito,4351600,171
2025-11-27,Barranquilla,Microcredito,2556997,111
2025-11-27,Barranquilla,Microcredito,3878117,152
2025-11-27,Barranquilla,Libranza,3769732,162
2025-11-27,Barranquilla,Tarjeta Visa,226242,131
2025-11-27,Barranquilla,Microcredito,886668,143
2025-11-27,Barranquilla,Credito Consumo,782901,125
2025-11-27,Barranquilla,Microcredito,556025,116
2025-11-27,Barranquilla,Tarjeta Visa,1519378,104
2025-11-27,Barranquilla,Credito Consumo,2271164,137
2025-11-27,Barranquilla,Tarjeta Visa,3557597,100
2025-11-27,Barranquilla,Microcredito,4194933,183
2025-11-27,Barranquilla,Libranza,2686757,139
2025-11-27,Barranquilla,Tarjeta Visa,3513291,161
2025-11-27,Barranquilla,Microcredito,3115480,109
2025-11-27,Barranquilla,Microcredito,4501945,107
2025-11-27,Barranquilla,Libranza,2676115,133
2025-11-27,Barranquilla,Tarjeta Visa,4631251,186
2025-11-27,Barranquilla,Microcredito,4681787,187
2025-11-27,Barranquilla,Tarjeta Visa,3652944,130
2025-11-27,Barranquilla,Credito Consumo,3388957,136
2025-11-27,Barranquilla,Microcredito,4181503,156
2025-11-27,Barranquilla,Microcredito,1945022,186
2025-11-27,Barranquilla,Microcredito,2104492,122
2025-11-27,Barranquilla,Libranza,3727111,110
2025-11-27,Barranquilla,Microcredito,4625214,116
2025-11-27,Barranquilla,Libranza,202594,198
2025-11-27,Barranquilla,Libranza,4880188,187
2025-11-27,Barranquilla,Libranza,513259,112
2025-11-27,Barranquilla,Tarjeta Visa,3901697,152
2025-11-27,Barranquilla,Microcredito,3287670,172
2025-11-27,Barranquilla,Tarjeta Visa,2558739,103
2025-11-27,Barranquilla,Microcredito,3440387,113
2025-11-27,Barranquilla,Credito Consumo,1323443,170
2025-11-27,Barranquilla,Microcredito,4335434,150
2025-11-27,Barranquilla,Credito Consumo,1171360,164
2025-11-27,Barranquilla,Microcredito,106189,186
2025-11-27,Barranquilla,Microcredito,480765,160
2025-11-27,Barranquilla,Tarjeta Visa,1463621,101
2025-11-27,Barranquilla,Credito Consumo,1307756,153
2025-11-27,Barranquilla,Libranza,3882647,177
2025-11-27,Barranquilla,Microcredito,2443301,156
2025-11-27,Barranquilla,Credito Consumo,2786667,184
2025-11-27,Barranquilla,Microcredito,4047572,152
2025-11-27,Barranquilla,Libranza,2032007,133
2025-11-27,Barranquilla,Libranza,907597,195
2025-11-27,Barranquilla,Credito Consumo,244783,179
2025-11-27,Barranquilla,Microcredito,1959709,183
2025-11-27,Barranquilla,Tarjeta Visa,2757964,112
2025-11-27,Barranquilla,Tarjeta Visa,2143102,175
2025-11-27,Barranquilla,Microcredito,867023,131
2025-11-27,Barranquilla,Libranza,2877282,133
2025-11-27,Barranquilla,Tarjeta Visa,3010655,140
2025-11-27,Barranquilla,Microcredito,493263,160
2025-11-27,Barranquilla,Credito Consumo,4408148,175
2025-11-27,Barranquilla,Libranza,3573505,174
2025-11-27,Barranquilla,Libranza,2206688,179
2025-11-27,Barranquilla,Libranza,2375609,180
2025-11-27,Barranquilla,Libranza,2478737,127
2025-11-27,Barranquilla,Microcredito,3129387,107
2025-11-27,Barranquilla,Credito Consumo,1796610,125
2025-11-27,Barranquilla,Credito Consumo,3214334,109
2025-11-27,Barranquilla,Tarjeta Visa,319959,194
2025-11-27,Barranquilla,Credito Consumo,3669314,120
2025-11-27,Barranquilla,Tarjeta Visa,2265847,196
2025-11-27,Barranquilla,Libranza,116108,108
2025-11-27,Barranquilla,Libranza,234806,118
2025-11-27,Barranquilla,Microcredito,3632878,184
2025-11-27,Barranquilla,Credito Consumo,512497,172
2025-11-27,Barranquilla,Tarjeta Visa,4277955,153
2025-11-27,Barranquilla,Credito Consumo,4015383,151
2025-11-27,Barranquilla,Credito Consumo,3908047,130
2025-11-27,Barranquilla,Credito Consumo,2623470,144
2025-11-27,Barranquilla,Microcredito,3341943,160
2025-11-27,Barranquilla,Microcredito,3440873,178
2025-11-27,Barranquilla,Credito Consumo,2350733,170
2025-11-27,Barranquilla,Tarjeta Visa,1071645,142
2025-11-27,Barranquilla,Microcredito,3948774,185
2025-11-27,Barranquilla,Tarjeta Visa,3884316,113
2025-11-27,Barranquilla,Libranza,1735356,136
2025-11-27,Barranquilla,Credito Consumo,4401889,121
2025-11-27,Barranquilla,Microcredito,385607,174
2025-11-27,Barranquilla,Credito Consumo,4554722,157
2025-11-27,Barranquilla,Credito Consumo,4909138,159
2025-11-27,Barranquilla,Microcredito,3065070,195
2025-11-27,Barranquilla,Tarjeta Visa,4019960,121
2025-11-27,Barranquilla,Tarjeta Visa,4991707,131
2025-11-27,Barranquilla,Microcredito,3515418,168
2025-11-27,Barranquilla,Credito Consumo,3769723,111
2025-11-27,Barranquilla,Microcredito,2107352,118
2025-11-27,Barranquilla,Libranza,2692544,140
2025-11-27,Barranquilla,Microcredito,2465984,196
2025-11-27,Barranquilla,Libranza,3036077,182
2025-11-27,Barranquilla,Tarjeta Visa,2818338,114
2025-11-27,Barranquilla,Tarjeta Visa,2965924,148
2025-11-27,Barranquilla,Libranza,2739043,150
2025-11-27,Barranquilla,Microcredito,1102291,112
2025-11-27,Barranquilla,Libranza,1596135,132
2025-11-27,Barranquilla,Tarjeta Visa,1275494,179
2025-11-27,Barranquilla,Microcredito,694597,123
2025-11-27,Barranquilla,Tarjeta Visa,2453147,127
2025-11-27,Barranquilla,Microcredito,1051306,162
2025-11-27,Barranquilla,Tarjeta Visa,2870606,149
2025-11-27,Barranquilla,Credito Consumo,2076581,105
2025-11-27,Barranquilla,Tarjeta Visa,3027429,170
2025-11-27,Barranquilla,Tarjeta Visa,1049636,189
2025-11-27,Barranquilla,Tarjeta Visa,2355045,156
2025-11-27,Barranquilla,Microcredito,4393426,117
2025-11-27,Barranquilla,Credito Consumo,3788735,155
2025-11-27,Barranquilla,Libranza,2767377,117
2025-11-27,Barranquilla,Credito Consumo,477307,164
2025-11-27,Barranquilla,Tarjeta Visa,2665145,114
2025-11-27,Barranquilla,Tarjeta Visa,3394892,131
2025-11-27,Barranquilla,Microcredito,186358,181
2025-11-27,Barranquilla,Microcredito,2645499,105
2025-11-27,Barranquilla,Tarjeta Visa,3879969,146
2025-11-27,Barranquilla,Credito Consumo,3823558,120
2025-11-27,Barranquilla,Credito Consumo,2061274,170
2025-11-27,Barranquilla,Libranza,1086716,198
2025-11-27,Barranquilla,Microcredito,3868082,165
2025-11-27,Barranquilla,Microcredito,2100139,109
2025-11-27,Barranquilla,Credito Consumo,4439053,143
2025-11-27,Barranquilla,Microcredito,471185,132
2025-11-27,Barranquilla,Credito Consumo,2105289,117
2025-11-27,Barranquilla,Microcredito,2961128,183
2025-11-27,Barranquilla,Tarjeta Visa,3467653,170
2025-11-27,Barranquilla,Libranza,2292397,120
2025-11-27,Barranquilla,Microcredito,447468,121
2025-11-27,Barranquilla,Credito Consumo,3159215,114
2025-11-27,Barranquilla,Tarjeta Visa,3756852,119
2025-11-27,Barranquilla,Tarjeta Visa,1023568,162
2025-11-27,Barranquilla,Microcredito,857388,109
2025-11-27,Barranquilla,Libranza,1834584,137
2025-11-27,Barranquilla,Credito Consumo,959587,137
2025-11-27,Barranquilla,Credito Consumo,4349004,131
2025-11-27,Barranquilla,Tarjeta Visa,4298656,195
2025-11-27,Barranquilla,Libranza,4169670,113
2025-11-27,Barranquilla,Credito Consumo,3167777,141
2025-11-27,Barranquilla,Tarjeta Visa,3852016,187
2025-11-27,Barranquilla,Tarjeta Visa,3562037,132
2025-11-27,Barranquilla,Libranza,4699894,174
2025-11-27,Barranquilla,Microcredito,1061286,102
2025-11-27,Barranquilla,Libranza,598646,148
2025-11-27,Barranquilla,Libranza,1082061,124
2025-11-27,Barranquilla,Credito Consumo,850284,184
2025-11-27,Barranquilla,Microcredito,3991269,155
2025-11-27,Barranquilla,Tarjeta Visa,326761,120
2025-11-27,Barranquilla,Microcredito,2177986,165
2025-11-27,Barranquilla,Libranza,3961519,196
2025-11-27,Barranquilla,Credito Consumo,4426581,125
2025-11-27,Barranquilla,Microcredito,3755279,135
2025-11-27,Barranquilla,Microcredito,2638373,110
2025-11-27,Barranquilla,Microcredito,4324844,155
2025-11-27,Barranquilla,Credito Consumo,493776,173
2025-11-27,Barranquilla,Libranza,3238188,183
2025-11-27,Barranquilla,Libranza,4563623,166
2025-11-27,Barranquilla,Microcredito,2765502,117
2025-11-27,Barranquilla,Tarjeta Visa,921651,159
2025-11-27,Barranquilla,Credito Consumo,1692597,184
2025-11-27,Barranquilla,Tarjeta Visa,463720,113
2025-11-27,Barranquilla,Libranza,2791111,154
2025-11-27,Barranquilla,Credito Consumo,4558278,185
2025-11-27,Barranquilla,Tarjeta Visa,2371944,182
2025-11-27,Barranquilla,Tarjeta Visa,2618533,110
2025-11-27,Barranquilla,Libranza,1236343,179
2025-11-27,Barranquilla,Microcredito,300119,154
2025-11-27,Barranquilla,Microcredito,2001185,123
2025-11-27,Barranquilla,Libranza,4453544,153
2025-11-27,Barranquilla,Credito Consumo,2188727,120
2025-11-27,Barranquilla,Libranza,706897,151
2025-11-27,Barranquilla,Credito Consumo,4957035,122
2025-11-27,Barranquilla,Credito Consumo,2727737,109
2025-11-27,Barranquilla,Libranza,4591301,162
2025-11-27,Barranquilla,Tarjeta Visa,4248207,107
2025-11-27,Barranquilla,Tarjeta Visa,1398790,175
2025-11-27,Barranquilla,Tarjeta Visa,2463461,121
2025-11-27,Barranquilla,Credito Consumo,551433,185
2025-11-27,Barranquilla,Credito Consumo,604864,168
2025-11-27,Barranquilla,Credito Consumo,2473510,126
2025-11-27,Barranquilla,Credito Consumo,2668024,165
2025-11-27,Barranquilla,Libranza,324137,196
2025-11-27,Barranquilla,Libranza,2739428,174
2025-11-27,Barranquilla,Credito Consumo,3616050,135
2025-11-27,Barranquilla,Credito Consumo,3288011,143
2025-11-27,Barranquilla,Libranza,4803462,106
2025-11-27,Barranquilla,Credito Consumo,1427707,129
2025-11-27,Barranquilla,Microcredito,2183391,181
2025-11-27,Barranquilla,Microcredito,215909,170
2025-11-27,Barranquilla,Libranza,2358291,119
2025-11-27,Barranquilla,Credito Consumo,4963434,152
2025-11-27,Barranquilla,Tarjeta Visa,4790724,142
2025-11-27,Barranquilla,Microcredito,2363547,138
2025-11-27,Barranquilla,Microcredito,269582,142
2025-11-27,Barranquilla,Microcredito,1330232,104
2025-11-27,Barranquilla,Credito Consumo,1094734,180
2025-11-27,Barranquilla,Credito Consumo,268838,189
2025-11-27,Barranquilla,Libranza,783671,148
2025-11-27,Barranquilla,Libranza,2321892,165
2025-11-27,Barranquilla,Credito Consumo,1058235,164
2025-11-27,Barranquilla,Libranza,1742979,139
2025-11-27,Barranquilla,Tarjeta Visa,4268500,119
2025-11-27,Barranquilla,Libranza,1920878,194
2025-11-27,Barranquilla,Libranza,615350,154
2025-11-27,Barranquilla,Microcredito,537393,114
2025-11-27,Barranquilla,Libranza,1147833,156
2025-11-27,Barranquilla,Tarjeta Visa,4411751,134
2025-11-27,Barranquilla,Tarjeta Visa,2918052,156
2025-11-27,Barranquilla,Libranza,3395396,136
2025-11-27,Barranquilla,Libranza,4838130,151
2025-11-27,Barranquilla,Tarjeta Visa,3711220,120
2025-11-27,Barranquilla,Credito Consumo,203655,158
2025-11-27,Barranquilla,Credito Consumo,373753,173
2025-11-27,Barranquilla,Credito Consumo,217901,174
2025-11-27,Barranquilla,Libranza,1351486,179
2025-11-27,Barranquilla,Credito Consumo,939106,198
2025-11-27,Barranquilla,Libranza,4233190,175
2025-11-27,Barranquilla,Microcredito,3665497,167
2025-11-27,Barranquilla,Microcredito,4352891,136
2025-11-27,Barranquilla,Credito Consumo,1498465,198
2025-11-27,Barranquilla,Microcredito,2239750,121
2025-11-27,Barranquilla,Tarjeta Visa,544535,105
2025-11-27,Barranquilla,Microcredito,3812644,194
2025-11-27,Barranquilla,Tarjeta Visa,1634860,106
2025-11-27,Barranquilla,Tarjeta Visa,1984249,122
2025-11-27,Barranquilla,Tarjeta Visa,3529959,172
2025-11-27,Barranquilla,Tarjeta Visa,434049,106
2025-11-27,Barranquilla,Libranza,743783,164
2025-11-27,Barranquilla,Microcredito,641008,132
2025-11-27,Barranquilla,Credito Consumo,3964439,151
2025-11-27,Barranquilla,Libranza,465478,192
2025-11-27,Barranquilla,Credito Consumo,222345,154
2025-11-27,Barranquilla,Credito Consumo,587168,149
2025-11-27,Barranquilla,Credito Consumo,3234767,194
2025-11-27,Barranquilla,Credito Consumo,3334161,100
2025-11-27,Barranquilla,Credito Consumo,1118552,118
2025-11-27,Barranquilla,Microcredito,4102370,119
2025-11-27,Barranquilla,Libranza,3277151,127
2025-11-27,Barranquilla,Microcredito,2394255,110
2025-11-27,Barranquilla,Credito Consumo,4499589,158
2025-11-27,Barranquilla,Libranza,1717226,124
2025-11-27,Barranquilla,Microcredito,2111853,182
2025-11-27,Barranquilla,Tarjeta Visa,572444,131
2025-11-27,Barranquilla,Libranza,2057296,188
2025-11-27,Barranquilla,Credito Consumo,1626034,109
2025-11-27,Barranquilla,Tarjeta Visa,200031,161
2025-11-27,Barranquilla,Tarjeta Visa,4497841,171
2025-11-27,Barranquilla,Libranza,4585190,138
2025-11-27,Barranquilla,Credito Consumo,1041123,198
2025-11-27,Barranquilla,Tarjeta Visa,4585092,111
2025-11-27,Barranquilla,Libranza,3912090,141
2025-11-27,Barranquilla,Microcredito,3663176,130
2025-11-27,Barranquilla,Tarjeta Visa,3054499,145
2025-11-27,Barranquilla,Libranza,1005719,125
2025-11-27,Barranquilla,Tarjeta Visa,777236,196
2025-11-27,Barranquilla,Credito Consumo,3104537,164
2025-11-27,Barranquilla,Tarjeta Visa,4819492,154
2025-11-27,Barranquilla,Credito Consumo,1857994,172
2025-11-27,Barranquilla,Libranza,2676781,115
2025-11-27,Barranquilla,Tarjeta Visa,2201791,104
2025-11-27,Barranquilla,Microcredito,1959724,195
2025-11-27,Barranquilla,Libranza,3275267,137
2025-11-27,Barranquilla,Libranza,3195045,111
2025-11-27,Barranquilla,Libranza,3566701,100
2025-11-27,Barranquilla,Libranza,4898890,136
2025-11-27,Barranquilla,Microcredito,3013454,142
2025-11-27,Barranquilla,Credito Consumo,699732,162
2025-11-27,Barranquilla,Libranza,3247552,108
2025-11-27,Barranquilla,Tarjeta Visa,3039450,103
2025-11-27,Barranquilla,Microcredito,2303827,166
2025-11-27,Barranquilla,Credito Consumo,1390848,186
2025-11-27,Barranquilla,Tarjeta Visa,4714520,155
2025-11-27,Barranquilla,Libranza,3250196,131
2025-11-27,Barranquilla,Credito Consumo,4225264,140
2025-11-27,Barranquilla,Microcredito,4758573,131
2025-11-27,Barranquilla,Microcredito,3088673,149
2025-11-27,Barranquilla,Credito Consumo,2746620,176
2025-11-27,Barranquilla,Microcredito,2806942,101
2025-11-27,Barranquilla,Tarjeta Visa,3674427,176
2025-11-27,Barranquilla,Credito Consumo,1015377,169
2025-11-27,Barranquilla,Tarjeta Visa,1822831,162
2025-11-27,Barranquilla,Libranza,4914713,140
2025-11-27,Barranquilla,Credito Consumo,1164650,116
2025-11-27,Barranquilla,Microcredito,4560605,188
2025-11-27,Barranquilla,Microcredito,779312,179
2025-11-27,Barranquilla,Libranza,3192541,180
2025-11-27,Barranquilla,Credito Consumo,3606322,173
2025-11-27,Barranquilla,Microcredito,2145557,192
2025-11-27,Barranquilla,Tarjeta Visa,1261627,195
2025-11-27,Barranquilla,Libranza,1780947,133
2025-11-27,Barranquilla,Tarjeta Visa,941418,158
2025-11-27,Barranquilla,Credito Consumo,2725828,141
2025-11-27,Barranquilla,Libranza,4732030,152
2025-11-27,Barranquilla,Microcredito,1464520,130
2025-11-27,Barranquilla,Credito Consumo,568979,124
2025-11-27,Barranquilla,Microcredito,3627199,150
2025-11-27,Barranquilla,Credito Consumo,2080167,170
2025-11-27,Barranquilla,Microcredito,1433153,173
2025-11-27,Barranquilla,Microcredito,239953,185
2025-11-27,Barranquilla,Credito Consumo,232237,134
2025-11-27,Barranquilla,Libranza,3545643,121
2025-11-27,Barranquilla,Tarjeta Visa,925146,123
2025-11-27,Barranquilla,Libranza,4622217,147
2025-11-27,Barranquilla,Microcredito,3191977,178
2025-11-27,Barranquilla,Libranza,2123996,108
2025-11-27,Barranquilla,Credito Consumo,236935,118
2025-11-27,Barranquilla,Credito Consumo,1546941,105
2025-11-27,Barranquilla,Credito Consumo,3522280,139
2025-11-27,Barranquilla,Credito Consumo,1269799,133
2025-11-27,Barranquilla,Credito Consumo,1379407,163
2025-11-27,Barranquilla,Tarjeta Visa,4129189,172
2025-11-27,Barranquilla,Credito Consumo,4914782,105
2025-11-27,Barranquilla,Libranza,4660163,122
2025-11-27,Barranquilla,Tarjeta Visa,4785378,174
2025-11-27,Barranquilla,Microcredito,1469319,190
2025-11-27,Barranquilla,Credito Consumo,4753819,134
2025-11-27,Barranquilla,Microcredito,3174294,108
2025-11-27,Barranquilla,Microcredito,2303062,185
2025-11-27,Barranquilla,Credito Consumo,1558308,111
2025-11-27,Barranquilla,Microcredito,3818723,163
2025-11-27,Barranquilla,Credito Consumo,2847303,153
2025-11-27,Barranquilla,Credito Consumo,627375,198
2025-11-27,Barranquilla,Tarjeta Visa,2711707,185
2025-11-27,Barranquilla,Credito Consumo,2998375,171
2025-11-27,Barranquilla,Tarjeta Visa,133536,153
2025-11-27,Barranquilla,Microcredito,4744640,120
2025-11-27,Barranquilla,Libranza,1305179,129
2025-11-27,Barranquilla,Tarjeta Visa,2192160,131
2025-11-27,Barranquilla,Libranza,4269045,123
2025-11-27,Barranquilla,Credito Consumo,2949820,153
2025-11-27,Barranquilla,Libranza,108744,119
2025-11-27,Barranquilla,Tarjeta Visa,2178807,163
2025-11-27,Barranquilla,Libranza,3540756,130
2025-11-27,Barranquilla,Microcredito,495315,186
2025-11-27,Barranquilla,Credito Consumo,4018609,154
2025-11-27,Barranquilla,Libranza,4537060,109
2025-11-27,Barranquilla,Microcredito,3917222,142
2025-11-27,Barranquilla,Microcredito,1866939,149
2025-11-27,Barranquilla,Tarjeta Visa,4922036,113
2025-11-27,Barranquilla,Microcredito,4905096,159
2025-11-27,Barranquilla,Microcredito,923344,175
2025-11-27,Barranquilla,Tarjeta Visa,2587055,164
2025-11-27,Barranquilla,Microcredito,4895098,146
2025-11-27,Barranquilla,Microcredito,2872998,196
2025-11-27,Barranquilla,Credito Consumo,3679495,181
2025-11-27,Barranquilla,Libranza,215208,188
2025-11-27,Barranquilla,Microcredito,4568784,143
2025-11-27,Barranquilla,Tarjeta Visa,2806568,110
2025-11-27,Barranquilla,Microcredito,4846590,103
2025-11-27,Barranquilla,Tarjeta Visa,623047,154
2025-11-27,Barranquilla,Libranza,4489733,109
2025-11-27,Barranquilla,Microcredito,807376,165
2025-11-27,Barranquilla,Libranza,2166040,161
2025-11-27,Barranquilla,Tarjeta Visa,348310,190
2025-11-27,Barranquilla,Microcredito,389675,153
2025-11-27,Barranquilla,Microcredito,938001,138
2025-11-27,Barranquilla,Tarjeta Visa,3700928,152
2025-11-27,Barranquilla,Microcredito,2591553,121
2025-11-27,Barranquilla,Microcredito,1320763,107
2025-11-27,Barranquilla,Microcredito,4826633,173
2025-11-27,Barranquilla,Microcredito,2092027,121
2025-11-27,Barranquilla,Libranza,4302978,105
2025-11-27,Barranquilla,Credito Consumo,664816,119
2025-11-27,Barranquilla,Microcredito,3086301,193
2025-11-27,Barranquilla,Credito Consumo,298729,157
2025-11-27,Barranquilla,Libranza,3375025,166
2025-11-27,Barranquilla,Libranza,2255491,119
2025-11-27,Barranquilla,Credito Consumo,3909032,157
2025-11-27,Barranquilla,Credito Consumo,2328344,144
2025-11-27,Barranquilla,Microcredito,1498603,189
2025-11-27,Barranquilla,Tarjeta Visa,451683,191
2025-11-27,Barranquilla,Credito Consumo,557971,127
2025-11-27,Barranquilla,Credito Consumo,1332997,171
2025-11-27,Barranquilla,Tarjeta Visa,138595,107
2025-11-27,Barranquilla,Libranza,4907214,179
2025-11-27,Barranquilla,Tarjeta Visa,1478582,111
2025-11-27,Barranquilla,Credito Consumo,4597056,186
2025-11-27,Barranquilla,Microcredito,1473168,158
2025-11-27,Barranquilla,Tarjeta Visa,2802872,116
2025-11-27,Barranquilla,Tarjeta Visa,4697024,183
2025-11-27,Barranquilla,Tarjeta Visa,1362264,170
2025-11-27,Barranquilla,Libranza,4379594,169
2025-11-27,Barranquilla,Libranza,1757766,144
2025-11-27,Barranquilla,Microcredito,2661652,155
2025-11-27,Barranquilla,Tarjeta Visa,2636464,126
2025-11-27,Barranquilla,Credito Consumo,872172,107
2025-11-27,Barranquilla,Tarjeta Visa,1549298,143
2025-11-27,Barranquilla,Tarjeta Visa,3828446,152
2025-11-27,Barranquilla,Credito Consumo,3254620,179
2025-11-27,Barranquilla,Credito Consumo,3336876,120
2025-11-27,Barranquilla,Tarjeta Visa,1461359,162
2025-11-27,Barranquilla,Credito Consumo,4068305,136
2025-11-27,Barranquilla,Microcredito,3845212,197
2025-11-27,Barranquilla,Tarjeta Visa,3816936,142
2025-11-27,Barranquilla,Microcredito,2225866,197
2025-11-27,Barranquilla,Tarjeta Visa,4790668,166
2025-11-27,Barranquilla,Credito Consumo,2295035,112
2025-11-27,Barranquilla,Credito Consumo,3457227,110
2025-11-27,Barranquilla,Tarjeta Visa,706917,160
2025-11-27,Barranquilla,Credito Consumo,4905189,187
2025-11-27,Barranquilla,Tarjeta Visa,4564218,103
2025-11-27,Barranquilla,Credito Consumo,1431669,110
2025-11-27,Barranquilla,Libranza,2508606,197
2025-11-27,Barranquilla,Microcredito,2923364,194
2025-11-27,Barranquilla,Microcredito,3451806,108
2025-11-27,Barranquilla,Credito Consumo,2636849,159
2025-11-27,Barranquilla,Microcredito,2894182,127
2025-11-27,Barranquilla,Tarjeta Visa,281311,124
2025-11-27,Barranquilla,Microcredito,1937447,111
2025-11-27,Barranquilla,Microcredito,680426,109
2025-11-27,Barranquilla,Libranza,2791755,159
2025-11-27,Barranquilla,Microcredito,176608,114
2025-11-27,Barranquilla,Microcredito,1018586,148
2025-11-27,Barranquilla,Credito Consumo,3141795,108
2025-11-27,Barranquilla,Microcredito,230854,164
2025-11-27,Barranquilla,Tarjeta Visa,4505581,127
2025-11-27,Barranquilla,Microcredito,4118384,164
2025-11-27,Barranquilla,Credito Consumo,2792853,137
2025-11-27,Barranquilla,Tarjeta Visa,3287027,115
2025-11-27,Barranquilla,Microcredito,4799665,129
2025-11-27,Barranquilla,Credito Consumo,1314542,161
2025-11-27,Barranquilla,Tarjeta Visa,4343138,158
2025-11-27,Barranquilla,Microcredito,3878024,142
2025-11-27,Barranquilla,Microcredito,3901237,191
2025-11-27,Barranquilla,Libranza,1575690,151
2025-11-27,Barranquilla,Tarjeta Visa,3516289,141
2025-11-27,Barranquilla,Libranza,1711790,196
2025-11-27,Barranquilla,Libranza,329848,191
2025-11-27,Barranquilla,Microcredito,1560803,151
2025-11-27,Barranquilla,Libranza,3694000,160
2025-11-27,Barranquilla,Libranza,2178961,131
2025-11-27,Barranquilla,Tarjeta Visa,2924835,102
2025-11-27,Barranquilla,Microcredito,3013028,155
2025-11-27,Barranquilla,Tarjeta Visa,3114831,178
2025-11-27,Barranquilla,Libranza,3003140,155
2025-11-27,Barranquilla,Credito Consumo,283536,109
2025-11-27,Barranquilla,Microcredito,3079268,135
2025-11-27,Barranquilla,Microcredito,2583985,190
2025-11-27,Barranquilla,Credito Consumo,297180,134
2025-11-27,Barranquilla,Credito Consumo,1250208,118
2025-11-27,Barranquilla,Credito Consumo,2306886,158
2025-11-27,Barranquilla,Tarjeta Visa,1638875,134
2025-11-27,Barranquilla,Tarjeta Visa,3504305,160
2025-11-27,Barranquilla,Microcredito,571144,194
2025-11-27,Barranquilla,Credito Consumo,265071,188
2025-11-27,Barranquilla,Libranza,3069150,174
2025-11-27,Barranquilla,Credito Consumo,3343345,160
2025-11-27,Barranquilla,Libranza,3567851,176
2025-11-27,Barranquilla,Libranza,791284,184
2025-11-27,Barranquilla,Credito Consumo,3319123,138
2025-11-27,Barranquilla,Tarjeta Visa,2806663,191
2025-11-27,Barranquilla,Libranza,4452205,186
2025-11-27,Barranquilla,Libranza,2666975,186
2025-11-27,Barranquilla,Libranza,3940532,164
2025-11-27,Barranquilla,Microcredito,288740,133
2025-11-27,Barranquilla,Credito Consumo,4405999,191
2025-11-27,Barranquilla,Tarjeta Visa,1625742,145
2025-11-27,Barranquilla,Credito Consumo,3712777,122
2025-11-27,Barranquilla,Libranza,3575652,138
2025-11-27,Barranquilla,Microcredito,2365830,150
2025-11-27,Barranquilla,Libranza,2244178,173
2025-11-27,Barranquilla,Credito Consumo,3681041,193
2025-11-27,Barranquilla,Libranza,450092,184
2025-11-27,Barranquilla,Microcredito,364850,148
2025-11-27,Barranquilla,Libranza,3253305,183
2025-11-27,Barranquilla,Credito Consumo,3236747,167
2025-11-27,Barranquilla,Microcredito,126968,116
2025-11-27,Barranquilla,Libranza,159027,195
2025-11-27,Barranquilla,Microcredito,1076423,154
2025-11-27,Barranquilla,Credito Consumo,2818412,197
2025-11-27,Barranquilla,Microcredito,3181674,155
2025-11-27,Barranquilla,Microcredito,1208463,178
2025-11-27,Barranquilla,Libranza,1546997,136
2025-11-27,Barranquilla,Libranza,947396,104
2025-11-27,Barranquilla,Tarjeta Visa,598569,174
2025-11-27,Barranquilla,Credito Consumo,1940844,174
2025-11-27,Barranquilla,Credito Consumo,1326582,156
2025-11-27,Barranquilla,Libranza,816281,153
2025-11-27,Barranquilla,Libranza,4500441,183
2025-11-27,Barranquilla,Microcredito,4631506,124
2025-11-27,Barranquilla,Credito Consumo,1638171,112
2025-11-27,Barranquilla,Microcredito,1891281,119
2025-11-27,Barranquilla,Libranza,4898307,128
2025-11-27,Barranquilla,Tarjeta Visa,4731122,151
2025-11-27,Barranquilla,Microcredito,2990036,103
2025-11-27,Barranquilla,Libranza,1564312,197
2025-11-27,Barranquilla,Libranza,3718128,128
2025-11-27,Barranquilla,Microcredito,861002,118
2025-11-27,Barranquilla,Tarjeta Visa,2529854,133
2025-11-27,Barranquilla,Credito Consumo,4909076,119
2025-11-27,Barranquilla,Credito Consumo,4866701,112
2025-11-27,Barranquilla,Credito Consumo,863778,128
2025-11-27,Barranquilla,Tarjeta Visa,2585164,115
2025-11-27,Barranquilla,Credito Consumo,194363,137
2025-11-27,Barranquilla,Tarjeta Visa,3824725,121
2025-11-27,Barranquilla,Libranza,2225087,119
2025-11-27,Barranquilla,Libranza,2683366,122
2025-11-27,Barranquilla,Libranza,3053515,118
2025-11-27,Barranquilla,Microcredito,3997104,187
2025-11-27,Barranquilla,Libranza,2270333,100
2025-11-27,Barranquilla,Libranza,1317809,160
2025-11-27,Barranquilla,Tarjeta Visa,3955703,150
2025-11-27,Barranquilla,Credito Consumo,586918,130
2025-11-27,Barranquilla,Microcredito,1873697,107
2025-11-27,Barranquilla,Tarjeta Visa,2237747,158
2025-11-27,Barranquilla,Libranza,2210950,113
2025-11-27,Barranquilla,Tarjeta Visa,4803105,152
2025-11-27,Barranquilla,Libranza,219480,121
2025-11-27,Barranquilla,Credito Consumo,1513638,154
2025-11-27,Barranquilla,Tarjeta Visa,968469,196
2025-11-27,Barranquilla,Libranza,1191254,129
2025-11-27,Barranquilla,Tarjeta Visa,3980429,107
2025-11-27,Barranquilla,Microcredito,4242186,134
2025-11-27,Barranquilla,Microcredito,333166,188
2025-11-27,Barranquilla,Libranza,4798502,184
2025-11-27,Barranquilla,Libranza,1917042,135
2025-11-27,Barranquilla,Credito Consumo,4703553,185
2025-11-27,Barranquilla,Libranza,302257,169
2025-11-27,Barranquilla,Microcredito,2476600,150
2025-11-27,Barranquilla,Tarjeta Visa,3869261,180
2025-11-27,Barranquilla,Libranza,585443,190
2025-11-27,Barranquilla,Tarjeta Visa,3999090,187
2025-11-27,Barranquilla,Microcredito,3755937,148
2025-11-27,Barranquilla,Libranza,217596,144
2025-11-27,Barranquilla,Credito Consumo,4532724,142
2025-11-27,Barranquilla,Microcredito,3120116,144
2025-11-27,Barranquilla,Microcredito,3011575,149
2025-11-27,Barranquilla,Libranza,4074155,148
2025-11-27,Barranquilla,Microcredito,855170,143
2025-11-27,Barranquilla,Credito Consumo,1876601,119
2025-11-27,Barranquilla,Microcredito,4030132,192
2025-11-27,Barranquilla,Tarjeta Visa,1437162,115
2025-11-27,Barranquilla,Credito Consumo,1799414,100
2025-11-27,Barranquilla,Credito Consumo,2715731,174
2025-11-27,Barranquilla,Credito Consumo,2945337,113
2025-11-27,Barranquilla,Tarjeta Visa,3492305,125
2025-11-27,Barranquilla,Tarjeta Visa,2864740,166
2025-11-27,Barranquilla,Microcredito,3976782,162
2025-11-27,Barranquilla,Microcredito,3739598,145
2025-11-27,Barranquilla,Tarjeta Visa,2485769,174
2025-11-27,Barranquilla,Microcredito,4265225,150
2025-11-27,Barranquilla,Microcredito,1287865,134
2025-11-27,Barranquilla,Libranza,2549933,185
2025-11-27,Barranquilla,Libranza,2116288,150
2025-11-27,Barranquilla,Libranza,877290,139
2025-11-27,Barranquilla,Microcredito,4493226,150
2025-11-27,Barranquilla,Credito Consumo,737846,118
2025-11-27,Barranquilla,Credito Consumo,2899405,108
2025-11-27,Barranquilla,Microcredito,611620,121
2025-11-27,Barranquilla,Microcredito,3103194,145
2025-11-27,Barranquilla,Libranza,2930116,125
2025-11-27,Barranquilla,Tarjeta Visa,4974960,192
2025-11-27,Barranquilla,Credito Consumo,1058418,130
2025-11-27,Barranquilla,Libranza,2178275,195
2025-11-27,Barranquilla,Tarjeta Visa,1505259,121
2025-11-27,Barranquilla,Tarjeta Visa,2868658,159
2025-11-27,Barranquilla,Libranza,722266,134
2025-11-27,Barranquilla,Credito Consumo,834525,157
2025-11-27,Barranquilla,Tarjeta Visa,1871501,124
2025-11-27,Barranquilla,Tarjeta Visa,2029051,167
2025-11-27,Barranquilla,Microcredito,3749253,104
2025-11-27,Barranquilla,Credito Consumo,4974487,162
2025-11-27,Barranquilla,Microcredito,681943,182
2025-11-27,Barranquilla,Libranza,2955676,113
2025-11-27,Barranquilla,Tarjeta Visa,1790866,134
2025-11-27,Barranquilla,Tarjeta Visa,2700272,116
2025-11-27,Barranquilla,Credito Consumo,3173424,160
2025-11-27,Barranquilla,Microcredito,516466,153
2025-11-27,Barranquilla,Credito Consumo,3925158,101
2025-11-27,Barranquilla,Libranza,4405870,128
2025-11-27,Barranquilla,Libranza,927656,106
2025-11-27,Barranquilla,Tarjeta Visa,4598776,113
2025-11-27,Barranquilla,Libranza,1280934,177
2025-11-27,Barranquilla,Libranza,3626459,110
2025-11-27,Barranquilla,Credito Consumo,3881488,188
2025-11-27,Barranquilla,Libranza,4786448,107
2025-11-27,Barranquilla,Credito Consumo,2709068,184
2025-11-27,Barranquilla,Libranza,4515763,184
2025-11-27,Barranquilla,Tarjeta Visa,2396606,189
2025-11-27,Barranquilla,Microcredito,1132737,150
2025-11-27,Barranquilla,Microcredito,1733785,142
2025-11-27,Barranquilla,Tarjeta Visa,1004099,187
2025-11-27,Barranquilla,Microcredito,585246,180
2025-11-27,Barranquilla,Credito Consumo,1880162,101
2025-11-27,Barranquilla,Tarjeta Visa,3155913,195
2025-11-27,Barranquilla,Microcredito,4775125,170
2025-11-27,Barranquilla,Tarjeta Visa,3513523,103
2025-11-27,Barranquilla,Libranza,2091266,114
2025-11-27,Barranquilla,Tarjeta Visa,4978704,183
2025-11-27,Barranquilla,Libranza,732476,163
2025-11-27,Barranquilla,Microcredito,1453227,159
2025-11-27,Barranquilla,Tarjeta Visa,3740558,103
2025-11-27,Barranquilla,Tarjeta Visa,272264,107
2025-11-27,Barranquilla,Tarjeta Visa,853513,156
2025-11-27,Barranquilla,Microcredito,1090204,144
2025-11-27,Barranquilla,Credito Consumo,986340,149
2025-11-27,Barranquilla,Microcredito,1852822,144
2025-11-27,Barranquilla,Tarjeta Visa,1186570,115
2025-11-27,Barranquilla,Microcredito,4070396,120
2025-11-27,Barranquilla,Libranza,2403671,175
2025-11-27,Barranquilla,Libranza,3421586,114
2025-11-27,Barranquilla,Microcredito,406338,183
2025-11-27,Barranquilla,Microcredito,428726,181
2025-11-27,Barranquilla,Libranza,291360,134
2025-11-27,Barranquilla,Libranza,601565,123
2025-11-27,Barranquilla,Libranza,2009537,183
2025-11-27,Barranquilla,Microcredito,1376716,132
2025-11-27,Barranquilla,Tarjeta Visa,1169138,123
2025-11-27,Barranquilla,Libranza,4796737,120
2025-11-27,Barranquilla,Microcredito,2318234,187
2025-11-27,Barranquilla,Tarjeta Visa,1112035,110
2025-11-27,Barranquilla,Tarjeta Visa,3873258,122
2025-11-27,Barranquilla,Tarjeta Visa,3912135,139
2025-11-27,Barranquilla,Tarjeta Visa,2749572,103
2025-11-27,Barranquilla,Microcredito,2897613,133
2025-11-27,Barranquilla,Libranza,1694814,178
2025-11-27,Barranquilla,Microcredito,4812509,183
2025-11-27,Barranquilla,Tarjeta Visa,375495,175
2025-11-27,Barranquilla,Microcredito,3470004,150
2025-11-27,Barranquilla,Libranza,958122,196
2025-11-27,Barranquilla,Microcredito,2793474,115
2025-11-27,Barranquilla,Microcredito,4471519,193
2025-11-27,Barranquilla,Credito Consumo,3865627,135
2025-11-27,Barranquilla,Microcredito,4618348,102
2025-11-27,Barranquilla,Tarjeta Visa,1618828,156
2025-11-27,Barranquilla,Tarjeta Visa,1521960,154
2025-11-27,Barranquilla,Credito Consumo,2003847,151
2025-11-27,Barranquilla,Libranza,2074422,132
2025-11-27,Barranquilla,Libranza,2028506,100
2025-11-27,Barranquilla,Credito Consumo,4414936,188
2025-11-27,Barranquilla,Tarjeta Visa,287530,108
2025-11-27,Barranquilla,Tarjeta Visa,2915589,143
2025-11-27,Barranquilla,Credito Consumo,662865,139
2025-11-27,Barranquilla,Microcredito,3586342,198
2025-11-27,Barranquilla,Tarjeta Visa,4001107,166
2025-11-27,Barranquilla,Microcredito,2149886,118
2025-11-27,Barranquilla,Tarjeta Visa,2867114,108
2025-11-27,Barranquilla,Libranza,2748187,185
2025-11-27,Barranquilla,Microcredito,2315592,138
2025-11-27,Barranquilla,Libranza,844801,126
2025-11-27,Barranquilla,Microcredito,588052,146
2025-11-27,Barranquilla,Libranza,3844326,126
2025-11-27,Barranquilla,Libranza,2743929,130
2025-11-27,Barranquilla,Microcredito,1129278,151
2025-11-27,Barranquilla,Credito Consumo,4836534,177
2025-11-27,Barranquilla,Credito Consumo,3873536,195
2025-11-27,Barranquilla,Microcredito,1765381,104
2025-11-27,Barranquilla,Tarjeta Visa,4268958,196
2025-11-27,Barranquilla,Libranza,4476235,131
2025-11-27,Barranquilla,Libranza,462728,173
2025-11-27,Barranquilla,Microcredito,4729199,154
2025-11-27,Barranquilla,Credito Consumo,2836758,178
2025-11-27,Barranquilla,Microcredito,652206,196
2025-11-27,Barranquilla,Libranza,2709685,155
2025-11-27,Barranquilla,Credito Consumo,3422928,150
2025-11-27,Barranquilla,Microcredito,3152709,146
2025-11-27,Barranquilla,Microcredito,812166,117
2025-11-27,Barranquilla,Microcredito,2816981,105
2025-11-27,Barranquilla,Tarjeta Visa,3457635,120
2025-11-27,Barranquilla,Credito Consumo,4340286,143
2025-11-27,Barranquilla,Credito Consumo,4145656,194
2025-11-27,Barranquilla,Tarjeta Visa,3942549,136
2025-11-27,Barranquilla,Credito Consumo,1308578,132
2025-11-27,Barranquilla,Libranza,1922264,173
2025-11-27,Barranquilla,Microcredito,4989993,163
2025-11-27,Barranquilla,Credito Consumo,654892,150
2025-11-27,Barranquilla,Credito Consumo,2557031,185
2025-11-27,Barranquilla,Microcredito,1250453,151
2025-11-27,Barranquilla,Tarjeta Visa,4240371,128
2025-11-27,Barranquilla,Credito Consumo,1535420,137
2025-11-27,Barranquilla,Tarjeta Visa,1739988,164
2025-11-27,Barranquilla,Microcredito,3267774,108
2025-11-27,Barranquilla,Microcredito,3861456,113
2025-11-27,Barranquilla,Tarjeta Visa,333001,170
2025-11-27,Barranquilla,Libranza,4725343,133
2025-11-27,Barranquilla,Microcredito,260347,119
2025-11-27,Barranquilla,Libranza,4801159,187
2025-11-27,Barranquilla,Microcredito,2540403,149
2025-11-27,Barranquilla,Credito Consumo,3514324,183
2025-11-27,Barranquilla,Tarjeta Visa,1499355,169
2025-11-27,Barranquilla,Libranza,4516686,118
2025-11-27,Barranquilla,Credito Consumo,1857289,192
2025-11-27,Barranquilla,Microcredito,4924811,146
2025-11-27,Barranquilla,Credito Consumo,487236,181
2025-11-27,Barranquilla,Microcredito,707174,151
2025-11-27,Barranquilla,Microcredito,541710,112
2025-11-27,Barranquilla,Libranza,1310001,161
2025-11-27,Barranquilla,Microcredito,3210741,118
2025-11-27,Barranquilla,Microcredito,4214223,198
2025-11-27,Barranquilla,Libranza,1489270,168
2025-11-27,Barranquilla,Libranza,4247757,116
2025-11-27,Barranquilla,Credito Consumo,1373868,125
2025-11-27,Barranquilla,Libranza,3877575,159
2025-11-27,Barranquilla,Tarjeta Visa,1259374,198
2025-11-27,Barranquilla,Credito Consumo,2717631,152
2025-11-27,Barranquilla,Libranza,3663619,109
2025-11-27,Barranquilla,Credito Consumo,4752568,194
2025-11-27,Barranquilla,Credito Consumo,1786684,186
2025-11-27,Barranquilla,Credito Consumo,2300508,109
2025-11-27,Barranquilla,Libranza,1737889,104
2025-11-27,Barranquilla,Libranza,1915782,150
2025-11-27,Barranquilla,Microcredito,3835873,180
2025-11-27,Barranquilla,Tarjeta Visa,562446,182
2025-11-27,Barranquilla,Libranza,4651211,182
2025-11-27,Barranquilla,Microcredito,2093758,111
2025-11-27,Barranquilla,Microcredito,3576812,101
2025-11-27,Barranquilla,Microcredito,4366776,149
2025-11-27,Barranquilla,Tarjeta Visa,2363841,123
2025-11-27,Barranquilla,Credito Consumo,1751556,161
2025-11-27,Barranquilla,Tarjeta Visa,2746394,153
2025-11-27,Barranquilla,Libranza,1074380,134
2025-11-27,Barranquilla,Libranza,4422637,161
2025-11-27,Barranquilla,Credito Consumo,2553572,121
2025-11-27,Barranquilla,Credito Consumo,248201,191
2025-11-27,Barranquilla,Tarjeta Visa,1885043,158
2025-11-27,Barranquilla,Credito Consumo,1196701,123
2025-11-27,Barranquilla,Microcredito,2219189,149
2025-11-27,Barranquilla,Libranza,1213881,165
2025-11-27,Barranquilla,Credito Consumo,677169,124
2025-11-27,Barranquilla,Tarjeta Visa,3610867,183
2025-11-27,Barranquilla,Credito Consumo,3854429,159
2025-11-27,Barranquilla,Libranza,1256976,197
2025-11-27,Barranquilla,Libranza,623988,132
2025-11-27,Barranquilla,Credito Consumo,3351100,150
2025-11-27,Barranquilla,Libranza,1181825,161
2025-11-27,Barranquilla,Microcredito,1051609,191
2025-11-27,Barranquilla,Microcredito,4883099,173
2025-11-27,Barranquilla,Microcredito,715237,192
2025-11-27,Barranquilla,Libranza,4937641,170
2025-11-27,Barranquilla,Tarjeta Visa,3839412,133
2025-11-27,Barranquilla,Libranza,3931137,122
2025-11-27,Barranquilla,Credito Consumo,3269986,108
2025-11-27,Barranquilla,Credito Consumo,2849695,189
2025-11-27,Barranquilla,Credito Consumo,4743815,117
2025-11-27,Barranquilla,Libranza,3515475,189
2025-11-27,Barranquilla,Microcredito,911567,158
2025-11-27,Barranquilla,Libranza,4561499,136
2025-11-27,Barranquilla,Microcredito,3206477,167
2025-11-27,Barranquilla,Microcredito,375369,173
2025-11-27,Barranquilla,Libranza,4531200,188
2025-11-27,Barranquilla,Credito Consumo,869886,111
2025-11-27,Barranquilla,Credito Consumo,2029085,114
2025-11-27,Barranquilla,Microcredito,2821242,114
2025-11-27,Barranquilla,Microcredito,4791074,117
2025-11-27,Barranquilla,Credito Consumo,3432136,180
2025-11-27,Barranquilla,Microcredito,933817,149
2025-11-27,Barranquilla,Libranza,3527512,195
2025-11-27,Barranquilla,Credito Consumo,4949890,187
2025-11-27,Barranquilla,Libranza,1088747,140
2025-11-27,Barranquilla,Libranza,1702777,151
2025-11-27,Barranquilla,Libranza,882691,118
2025-11-27,Barranquilla,Microcredito,4148053,144
2025-11-27,Barranquilla,Credito Consumo,3690862,144
2025-11-27,Barranquilla,Tarjeta Visa,4440573,101
2025-11-27,Barranquilla,Microcredito,3171936,195
2025-11-27,Barranquilla,Microcredito,722151,143
2025-11-27,Barranquilla,Credito Consumo,1562743,142
2025-11-27,Barranquilla,Libranza,1691806,114
2025-11-27,Barranquilla,Libranza,120887,151
2025-11-27,Barranquilla,Tarjeta Visa,743335,118
2025-11-27,Barranquilla,Credito Consumo,4822588,191
2025-11-27,Barranquilla,Microcredito,1720477,161
2025-11-27,Barranquilla,Microcredito,3113381,161
2025-11-27,Barranquilla,Libranza,4703636,115
2025-11-27,Barranquilla,Microcredito,3405911,196
2025-11-27,Barranquilla,Microcredito,3006031,136
2025-11-27,Barranquilla,Libranza,197992,126
2025-11-27,Barranquilla,Credito Consumo,311716,162
2025-11-27,Barranquilla,Libranza,2435142,113
2025-11-27,Barranquilla,Libranza,1768889,179
2025-11-27,Barranquilla,Tarjeta Visa,4664167,123
2025-11-27,Barranquilla,Microcredito,387853,197
2025-11-27,Barranquilla,Libranza,4470210,117
2025-11-27,Barranquilla,Credito Consumo,2342193,175
2025-11-27,Barranquilla,Credito Consumo,1393212,183
2025-11-27,Barranquilla,Libranza,2316527,104
2025-11-27,Barranquilla,Libranza,4885853,178
2025-11-27,Barranquilla,Credito Consumo,787884,167
2025-11-27,Barranquilla,Tarjeta Visa,258710,137
2025-11-27,Barranquilla,Tarjeta Visa,575976,162
2025-11-27,Barranquilla,Credito Consumo,2262925,130
2025-11-27,Barranquilla,Credito Consumo,2286828,153
2025-11-27,Barranquilla,Microcredito,890263,161
2025-11-27,Barranquilla,Libranza,3476627,151
2025-11-27,Barranquilla,Credito Consumo,2198007,174
2025-11-27,Barranquilla,Credito Consumo,4630914,188
2025-11-27,Barranquilla,Microcredito,3766092,181
2025-11-27,Barranquilla,Tarjeta Visa,2599353,134
2025-11-27,Barranquilla,Tarjeta Visa,192159,117
2025-11-27,Barranquilla,Credito Consumo,1309436,141
2025-11-27,Barranquilla,Credito Consumo,2310589,173
2025-11-27,Barranquilla,Microcredito,716453,181
2025-11-27,Barranquilla,Microcredito,1122026,196
2025-11-27,Barranquilla,Tarjeta Visa,1941392,141
2025-11-27,Barranquilla,Tarjeta Visa,951633,124
2025-11-27,Barranquilla,Credito Consumo,1337414,101
2025-11-27,Barranquilla,Microcredito,1864757,105
2025-11-27,Barranquilla,Tarjeta Visa,2840479,166
2025-11-27,Barranquilla,Tarjeta Visa,2926570,142
2025-11-27,Barranquilla,Tarjeta Visa,1177900,197
2025-11-27,Barranquilla,Libranza,546585,182
2025-11-27,Barranquilla,Tarjeta Visa,4964459,129
2025-11-27,Barranquilla,Libranza,1405872,176
2025-11-27,Barranquilla,Microcredito,4535700,118
2025-11-27,Barranquilla,Tarjeta Visa,1608287,110
2025-11-27,Barranquilla,Credito Consumo,2273285,183
2025-11-27,Barranquilla,Libranza,4949527,194
2025-11-27,Barranquilla,Microcredito,2319884,101
2025-11-27,Barranquilla,Microcredito,2344381,159
2025-11-27,Barranquilla,Libranza,2962366,159
2025-11-27,Barranquilla,Credito Consumo,1186693,175
2025-11-27,Barranquilla,Credito Consumo,4152799,161
2025-11-27,Barranquilla,Credito Consumo,3852120,109
2025-11-27,Barranquilla,Libranza,4377506,167
2025-11-27,Barranquilla,Microcredito,1629739,152
2025-11-27,Barranquilla,Libranza,4092930,119
2025-11-27,Barranquilla,Libranza,169737,138
2025-11-27,Barranquilla,Microcredito,4363947,117
2025-11-27,Barranquilla,Libranza,484054,100
2025-11-27,Barranquilla,Microcredito,674856,157
2025-11-27,Barranquilla,Microcredito,2125476,180
2025-11-27,Barranquilla,Libranza,1067582,100
2025-11-27,Barranquilla,Libranza,4772132,100
2025-11-27,Barranquilla,Microcredito,1857189,126
2025-11-27,Barranquilla,Tarjeta Visa,2390225,152
2025-11-27,Barranquilla,Tarjeta Visa,2421705,113
2025-11-27,Barranquilla,Libranza,3366688,128
2025-11-27,Barranquilla,Libranza,872498,148
2025-11-27,Barranquilla,Credito Consumo,4332333,167
2025-11-27,Barranquilla,Libranza,2514017,152
2025-11-27,Barranquilla,Tarjeta Visa,3224428,150
2025-11-27,Barranquilla,Microcredito,926043,118
2025-11-27,Barranquilla,Credito Consumo,1616012,123
2025-11-27,Barranquilla,Libranza,4394435,131
2025-11-27,Barranquilla,Credito Consumo,2937286,103
2025-11-27,Barranquilla,Credito Consumo,4167622,117
2025-11-27,Barranquilla,Credito Consumo,3672780,196
2025-11-27,Barranquilla,Microcredito,3649424,142
2025-11-27,Barranquilla,Tarjeta Visa,1449638,149
2025-11-27,Barranquilla,Microcredito,3742092,153
2025-11-27,Barranquilla,Credito Consumo,4666638,158
2025-11-27,Barranquilla,Libranza,1188066,157
2025-11-27,Barranquilla,Credito Consumo,2402138,159
2025-11-27,Barranquilla,Credito Consumo,913359,150
2025-11-27,Barranquilla,Libranza,4347035,198
2025-11-27,Barranquilla,Credito Consumo,3911467,169
2025-11-27,Barranquilla,Credito Consumo,4630143,135
2025-11-27,Barranquilla,Tarjeta Visa,795851,162
2025-11-27,Barranquilla,Libranza,1845039,117
2025-11-27,Barranquilla,Libranza,1839688,102
2025-11-27,Barranquilla,Libranza,353501,149
2025-11-27,Barranquilla,Libranza,3153794,162
2025-11-27,Barranquilla,Tarjeta Visa,632509,127
2025-11-27,Barranquilla,Credito Consumo,1157872,158
2025-11-27,Barranquilla,Libranza,1888873,190
2025-11-27,Barranquilla,Microcredito,2594196,176
2025-11-27,Barranquilla,Tarjeta Visa,4201461,131
2025-11-27,Barranquilla,Microcredito,3563704,100
2025-11-27,Barranquilla,Tarjeta Visa,2782794,176
2025-11-27,Barranquilla,Tarjeta Visa,274503,104
2025-11-27,Barranquilla,Libranza,4053721,197
2025-11-27,Barranquilla,Credito Consumo,1575148,166
2025-11-27,Barranquilla,Libranza,2328458,107
2025-11-27,Barranquilla,Libranza,1720635,164
2025-11-27,Barranquilla,Libranza,4101663,130
2025-11-27,Barranquilla,Credito Consumo,3424618,151
2025-11-27,Barranquilla,Microcredito,4369603,103
2025-11-27,Barranquilla,Libranza,2793226,159
2025-11-27,Barranquilla,Libranza,439684,111
2025-11-27,Barranquilla,Tarjeta Visa,3161940,198
2025-11-27,Barranquilla,Microcredito,4997138,173
2025-11-27,Barranquilla,Libranza,3201783,135
2025-11-27,Barranquilla,Libranza,723822,113
2025-11-27,Barranquilla,Libranza,3298165,133
2025-11-27,Barranquilla,Tarjeta Visa,1722358,131
2025-11-27,Barranquilla,Libranza,1189581,196
2025-11-27,Barranquilla,Tarjeta Visa,919104,184
2025-11-27,Barranquilla,Credito Consumo,2099605,117
2025-11-27,Barranquilla,Libranza,4120965,154
2025-11-27,Barranquilla,Tarjeta Visa,1630123,193
2025-11-27,Barranquilla,Credito Consumo,4246769,102
2025-11-27,Barranquilla,Microcredito,4100168,162
2025-11-27,Barranquilla,Libranza,2349229,128
2025-11-27,Barranquilla,Libranza,3752660,144
2025-11-27,Barranquilla,Libranza,3404743,159
2025-11-27,Barranquilla,Tarjeta Visa,4249750,150
2025-11-27,Barranquilla,Libranza,1480225,147
2025-11-27,Barranquilla,Libranza,4336329,171
2025-11-27,Barranquilla,Libranza,2459052,181
2025-11-27,Barranquilla,Tarjeta Visa,2587932,138
2025-11-27,Barranquilla,Tarjeta Visa,2047104,141
2025-11-27,Barranquilla,Microcredito,588556,135
2025-11-27,Barranquilla,Credito Consumo,3770722,178
2025-11-27,Barranquilla,Tarjeta Visa,3997602,144
2025-11-27,Barranquilla,Credito Consumo,1468576,122
2025-11-27,Barranquilla,Libranza,4554853,194
2025-11-27,Barranquilla,Tarjeta Visa,2104652,169
2025-11-27,Barranquilla,Microcredito,2853623,108
2025-11-27,Barranquilla,Tarjeta Visa,2930118,148
2025-11-27,Barranquilla,Microcredito,4034580,137
2025-11-27,Barranquilla,Credito Consumo,3062037,125
2025-11-27,Barranquilla,Libranza,2571899,173
2025-11-27,Barranquilla,Microcredito,3210625,150
2025-11-27,Barranquilla,Libranza,337844,159
2025-11-27,Barranquilla,Credito Consumo,4213798,157
2025-11-27,Barranquilla,Microcredito,1134246,145
2025-11-27,Barranquilla,Microcredito,2108299,145
2025-11-27,Barranquilla,Microcredito,4544256,180
2025-11-27,Barranquilla,Credito Consumo,1970798,153
2025-11-27,Barranquilla,Credito Consumo,1938677,119
2025-11-27,Barranquilla,Tarjeta Visa,4329392,127
2025-11-27,Barranquilla,Tarjeta Visa,2259219,177
2025-11-27,Barranquilla,Microcredito,2095632,103
2025-11-27,Barranquilla,Libranza,4146123,102
2025-11-27,Barranquilla,Credito Consumo,1792718,171
2025-11-27,Barranquilla,Libranza,4448778,190
2025-11-27,Barranquilla,Tarjeta Visa,2179136,102
2025-11-27,Barranquilla,Credito Consumo,2115719,131
2025-11-27,Barranquilla,Libranza,2011271,156
2025-11-27,Barranquilla,Microcredito,1843072,137
2025-11-27,Barranquilla,Tarjeta Visa,2107400,195
2025-11-27,Barranquilla,Microcredito,2316630,121
2025-11-27,Barranquilla,Microcredito,1707693,128
2025-11-27,Barranquilla,Tarjeta Visa,271260,128
2025-11-27,Barranquilla,Credito Consumo,4505050,133
2025-11-27,Barranquilla,Libranza,1097259,143
2025-11-27,Barranquilla,Libranza,2446342,144
2025-11-27,Barranquilla,Libranza,317605,151
2025-11-27,Barranquilla,Microcredito,3936358,162
2025-11-27,Barranquilla,Credito Consumo,3247538,148
2025-11-27,Barranquilla,Microcredito,2849508,109
2025-11-27,Barranquilla,Libranza,1000103,142
2025-11-27,Barranquilla,Tarjeta Visa,4556494,177
2025-11-27,Barranquilla,Credito Consumo,4032850,113
2025-11-27,Barranquilla,Credito Consumo,192604,120
2025-11-27,Barranquilla,Microcredito,795985,159
2025-11-27,Barranquilla,Tarjeta Visa,2299807,197
2025-11-27,Barranquilla,Libranza,746875,113
2025-11-27,Barranquilla,Microcredito,1973833,136
2025-11-27,Barranquilla,Microcredito,696470,138
2025-11-27,Barranquilla,Credito Consumo,1738507,137
2025-11-27,Barranquilla,Tarjeta Visa,304704,164
2025-11-27,Barranquilla,Credito Consumo,1677839,162
2025-11-27,Barranquilla,Libranza,1297551,143
2025-11-27,Barranquilla,Credito Consumo,4903964,156
2025-11-27,Barranquilla,Microcredito,513482,133
2025-11-27,Barranquilla,Tarjeta Visa,2482076,182
2025-11-27,Barranquilla,Libranza,3720143,143
2025-11-27,Barranquilla,Tarjeta Visa,2635059,192
2025-11-27,Barranquilla,Microcredito,2720751,138
2025-11-27,Barranquilla,Libranza,3374033,117
2025-11-27,Barranquilla,Libranza,2873168,180
2025-11-27,Barranquilla,Libranza,4271883,104
2025-11-27,Barranquilla,Credito Consumo,2625385,112
2025-11-27,Barranquilla,Microcredito,1761771,124
2025-11-27,Barranquilla,Microcredito,142331,133
2025-11-27,Barranquilla,Tarjeta Visa,4053747,130
2025-11-27,Barranquilla,Credito Consumo,1060284,109
2025-11-27,Barranquilla,Tarjeta Visa,896621,135
2025-11-27,Barranquilla,Libranza,1007957,120
2025-11-27,Barranquilla,Tarjeta Visa,483620,156
2025-11-27,Barranquilla,Microcredito,381833,154
2025-11-27,Barranquilla,Tarjeta Visa,1472296,101
2025-11-27,Barranquilla,Libranza,1860360,122
2025-11-27,Barranquilla,Libranza,220535,122
2025-11-27,Barranquilla,Credito Consumo,2645023,176
2025-11-27,Barranquilla,Credito Consumo,2697905,186
2025-11-27,Barranquilla,Microcredito,3909212,159
2025-11-27,Barranquilla,Credito Consumo,1738792,146
2025-11-27,Barranquilla,Libranza,2930605,116
2025-11-27,Barranquilla,Credito Consumo,312517,157
2025-11-27,Barranquilla,Tarjeta Visa,4525578,192
2025-11-27,Barranquilla,Libranza,2561002,170
2025-11-27,Barranquilla,Libranza,3159400,149
2025-11-27,Barranquilla,Microcredito,2626018,123
2025-11-27,Barranquilla,Credito Consumo,417145,185
2025-11-27,Barranquilla,Tarjeta Visa,291381,155
2025-11-27,Barranquilla,Tarjeta Visa,1069313,174
2025-11-27,Barranquilla,Tarjeta Visa,3901105,157
2025-11-27,Barranquilla,Microcredito,3626918,173
2025-11-27,Barranquilla,Tarjeta Visa,4954699,147
2025-11-27,Barranquilla,Tarjeta Visa,2102869,139
2025-11-27,Barranquilla,Libranza,4913846,156
2025-11-27,Barranquilla,Credito Consumo,1486474,146
2025-11-27,Barranquilla,Libranza,4421413,108
2025-11-27,Barranquilla,Libranza,3686110,120
2025-11-27,Barranquilla,Credito Consumo,1341630,159
2025-11-27,Barranquilla,Credito Consumo,2138515,188
2025-11-27,Barranquilla,Credito Consumo,2910166,183
2025-11-27,Barranquilla,Tarjeta Visa,1263217,165
2025-11-27,Barranquilla,Credito Consumo,2000141,189
2025-11-27,Barranquilla,Microcredito,3765564,134
2025-11-27,Barranquilla,Tarjeta Visa,2976055,190
2025-11-27,Barranquilla,Tarjeta Visa,2815739,194
2025-11-27,Barranquilla,Libranza,4964263,133
2025-11-27,Barranquilla,Microcredito,2013156,181
2025-11-27,Barranquilla,Libranza,4267592,171
2025-11-27,Barranquilla,Libranza,3371957,165
2025-11-27,Barranquilla,Libranza,2891547,157
2025-11-27,Barranquilla,Libranza,558805,167
2025-11-27,Barranquilla,Libranza,983989,191
2025-11-27,Barranquilla,Tarjeta Visa,3831266,181
2025-11-27,Barranquilla,Credito Consumo,4699201,121
2025-11-27,Barranquilla,Libranza,1496226,171
2025-11-27,Barranquilla,Credito Consumo,4522823,163
2025-11-27,Barranquilla,Microcredito,2818862,166
2025-11-27,Barranquilla,Libranza,4040630,126
2025-11-27,Barranquilla,Libranza,3032807,190
2025-11-27,Barranquilla,Microcredito,2169002,165
2025-11-27,Barranquilla,Microcredito,826389,168
2025-11-27,Barranquilla,Tarjeta Visa,2483613,101
2025-11-27,Barranquilla,Microcredito,967717,110
2025-11-27,Barranquilla,Tarjeta Visa,3064834,102
2025-11-27,Barranquilla,Libranza,3266933,110
2025-11-27,Barranquilla,Libranza,3035744,131
2025-11-27,Barranquilla,Libranza,2168359,159
2025-11-27,Barranquilla,Credito Consumo,4873808,174
2025-11-27,Barranquilla,Tarjeta Visa,598621,176
2025-11-27,Barranquilla,Libranza,4992130,120
2025-11-27,Barranquilla,Tarjeta Visa,2855865,150
2025-11-27,Barranquilla,Libranza,1704327,139
2025-11-27,Barranquilla,Libranza,313774,118
2025-11-27,Barranquilla,Credito Consumo,2795745,101
2025-11-27,Barranquilla,Libranza,2137360,111
2025-11-27,Barranquilla,Microcredito,1391242,195
2025-11-27,Barranquilla,Credito Consumo,1590139,165
2025-11-27,Barranquilla,Credito Consumo,1929317,160
2025-11-27,Barranquilla,Microcredito,1612387,123
2025-11-27,Barranquilla,Microcredito,852840,130
2025-11-27,Barranquilla,Credito Consumo,1318433,151
2025-11-27,Barranquilla,Microcredito,3550434,117
2025-11-27,Barranquilla,Libranza,3898640,172
2025-11-27,Barranquilla,Libranza,4576609,126
2025-11-27,Barranquilla,Credito Consumo,1107199,100
2025-11-27,Barranquilla,Tarjeta Visa,3844324,127
2025-11-27,Barranquilla,Microcredito,1554807,169
2025-11-27,Barranquilla,Microcredito,3623983,118
2025-11-27,Barranquilla,Credito Consumo,4797033,127
2025-11-27,Barranquilla,Credito Consumo,3024440,132
2025-11-27,Barranquilla,Microcredito,4470224,184
2025-11-27,Barranquilla,Microcredito,1972378,146
2025-11-27,Barranquilla,Libranza,4507242,195
2025-11-27,Barranquilla,Credito Consumo,603384,124
2025-11-27,Barranquilla,Credito Consumo,968017,188
2025-11-27,Barranquilla,Libranza,1859174,147
2025-11-27,Barranquilla,Credito Consumo,2632933,135
2025-11-27,Barranquilla,Tarjeta Visa,2669321,136
2025-11-27,Barranquilla,Microcredito,2855397,105
2025-11-27,Barranquilla,Microcredito,3600093,142
2025-11-27,Barranquilla,Libranza,4474925,167
2025-11-27,Barranquilla,Libranza,4918566,114
2025-11-27,Barranquilla,Credito Consumo,250170,127
2025-11-27,Barranquilla,Tarjeta Visa,1262674,134
2025-11-27,Barranquilla,Microcredito,2799055,174
2025-11-27,Barranquilla,Microcredito,161671,125
2025-11-27,Barranquilla,Tarjeta Visa,4839906,190
2025-11-27,Barranquilla,Libranza,3824481,181
2025-11-27,Barranquilla,Credito Consumo,1722742,141
2025-11-27,Barranquilla,Tarjeta Visa,3082652,101
2025-11-27,Barranquilla,Credito Consumo,3107608,104
2025-11-27,Barranquilla,Credito Consumo,900657,168
2025-11-27,Barranquilla,Libranza,1387223,178
2025-11-27,Barranquilla,Tarjeta Visa,558688,111
2025-11-27,Barranquilla,Libranza,2060797,132
2025-11-27,Barranquilla,Tarjeta Visa,4645276,144
2025-11-27,Barranquilla,Tarjeta Visa,167702,143
2025-11-27,Barranquilla,Credito Consumo,4167628,100
2025-11-27,Barranquilla,Libranza,1079085,114
2025-11-27,Barranquilla,Microcredito,440576,152
2025-11-27,Barranquilla,Tarjeta Visa,851588,114
2025-11-27,Barranquilla,Libranza,3375905,171
2025-11-27,Barranquilla,Microcredito,1918650,162
2025-11-27,Barranquilla,Microcredito,4871335,183
2025-11-27,Barranquilla,Libranza,2088657,177
2025-11-27,Barranquilla,Tarjeta Visa,2942671,149
2025-11-27,Barranquilla,Credito Consumo,3221248,195
2025-11-27,Barranquilla,Tarjeta Visa,2751563,135
2025-11-27,Barranquilla,Tarjeta Visa,1395753,107
2025-11-27,Barranquilla,Credito Consumo,141701,179
2025-11-27,Barranquilla,Credito Consumo,4528243,159
2025-11-27,Barranquilla,Credito Consumo,3285539,148
2025-11-27,Barranquilla,Tarjeta Visa,3868837,111
2025-11-27,Barranquilla,Libranza,3939914,140
2025-11-27,Barranquilla,Credito Consumo,2188618,175
2025-11-27,Barranquilla,Microcredito,1768058,152
2025-11-27,Barranquilla,Credito Consumo,540473,142
2025-11-27,Barranquilla,Microcredito,706638,170
2025-11-27,Barranquilla,Microcredito,460621,185
2025-11-27,Barranquilla,Tarjeta Visa,845476,198
2025-11-27,Barranquilla,Credito Consumo,2345706,165
2025-11-27,Barranquilla,Credito Consumo,1300698,186
2025-11-27,Barranquilla,Libranza,168644,159
2025-11-27,Barranquilla,Microcredito,4431148,182
2025-11-27,Barranquilla,Credito Consumo,391760,178
2025-11-27,Barranquilla,Tarjeta Visa,202367,124
2025-11-27,Barranquilla,Credito Consumo,337689,149
2025-11-27,Barranquilla,Tarjeta Visa,4948293,131
2025-11-27,Barranquilla,Credito Consumo,2994084,198
2025-11-27,Barranquilla,Microcredito,779348,141
2025-11-27,Barranquilla,Libranza,526994,110
2025-11-27,Barranquilla,Libranza,3873959,110
2025-11-27,Barranquilla,Credito Consumo,2750655,156
2025-11-27,Barranquilla,Credito Consumo,2301560,144
2025-11-27,Barranquilla,Microcredito,4434452,172
2025-11-27,Barranquilla,Libranza,501669,130
2025-11-27,Barranquilla,Tarjeta Visa,1969014,138
2025-11-27,Barranquilla,Tarjeta Visa,2095435,181
2025-11-27,Barranquilla,Tarjeta Visa,1930749,101
2025-11-27,Barranquilla,Microcredito,2129882,149
2025-11-27,Barranquilla,Microcredito,3974520,178
2025-11-27,Barranquilla,Tarjeta Visa,3565866,164
2025-11-27,Barranquilla,Microcredito,1966771,107
2025-11-27,Barranquilla,Tarjeta Visa,631431,128
2025-11-27,Barranquilla,Libranza,323975,175
2025-11-27,Barranquilla,Libranza,907485,109
2025-11-27,Barranquilla,Credito Consumo,3083655,188
2025-11-27,Barranquilla,Libranza,4838920,167
2025-11-27,Barranquilla,Microcredito,3539720,149
2025-11-27,Barranquilla,Credito Consumo,2754251,191
2025-11-27,Barranquilla,Credito Consumo,316961,198
2025-11-27,Barranquilla,Credito Consumo,2140602,103
2025-11-27,Barranquilla,Tarjeta Visa,1431409,197
2025-11-27,Barranquilla,Microcredito,2740120,153
2025-11-27,Barranquilla,Credito Consumo,1249996,197
2025-11-27,Barranquilla,Microcredito,2814131,167
2025-11-27,Barranquilla,Tarjeta Visa,853676,139
2025-11-27,Barranquilla,Credito Consumo,692710,106
2025-11-27,Barranquilla,Libranza,4550736,169
2025-11-27,Barranquilla,Credito Consumo,2533685,130
2025-11-27,Barranquilla,Microcredito,3877827,115
2025-11-27,Barranquilla,Tarjeta Visa,2953296,112
2025-11-27,Barranquilla,Credito Consumo,3563812,114
2025-11-27,Barranquilla,Credito Consumo,3606106,145
2025-11-27,Barranquilla,Credito Consumo,4038940,178
2025-11-27,Barranquilla,Credito Consumo,2214242,185
2025-11-27,Barranquilla,Tarjeta Visa,3567351,104
2025-11-27,Barranquilla,Libranza,2752398,189
2025-11-27,Barranquilla,Libranza,923780,160
2025-11-27,Barranquilla,Tarjeta Visa,761246,195
2025-11-27,Barranquilla,Libranza,2994548,139
2025-11-27,Barranquilla,Libranza,2132349,192
2025-11-27,Barranquilla,Microcredito,107023,198
2025-11-27,Barranquilla,Microcredito,2927324,162
2025-11-27,Barranquilla,Libranza,324347,130
2025-11-27,Barranquilla,Microcredito,2572356,176
2025-11-27,Barranquilla,Microcredito,2115356,110
2025-11-27,Barranquilla,Tarjeta Visa,1668109,127
2025-11-27,Barranquilla,Microcredito,2619325,190
2025-11-27,Barranquilla,Libranza,1946109,136
2025-11-27,Barranquilla,Microcredito,1580144,111
2025-11-27,Barranquilla,Libranza,2333961,143
2025-11-27,Barranquilla,Microcredito,4109824,134
2025-11-27,Barranquilla,Tarjeta Visa,4387306,116
2025-11-27,Barranquilla,Tarjeta Visa,1042863,198
2025-11-27,Barranquilla,Tarjeta Visa,2742078,120
2025-11-27,Barranquilla,Credito Consumo,3572636,183
2025-11-27,Barranquilla,Microcredito,4830384,138
2025-11-27,Barranquilla,Tarjeta Visa,261721,155
2025-11-27,Barranquilla,Credito Consumo,1820092,187
2025-11-27,Barranquilla,Tarjeta Visa,2241767,187
2025-11-27,Barranquilla,Libranza,223088,138
2025-11-27,Barranquilla,Tarjeta Visa,4016824,130
2025-11-27,Barranquilla,Libranza,4585276,154
2025-11-27,Barranquilla,Tarjeta Visa,1269150,167
2025-11-27,Barranquilla,Libranza,4127556,136
2025-11-27,Barranquilla,Tarjeta Visa,592343,132
2025-11-27,Barranquilla,Tarjeta Visa,4011062,192
2025-11-27,Barranquilla,Tarjeta Visa,2867118,162
2025-11-27,Barranquilla,Credito Consumo,1521377,146
2025-11-27,Barranquilla,Microcredito,4147410,182
2025-11-27,Barranquilla,Tarjeta Visa,3711830,120
2025-11-27,Barranquilla,Tarjeta Visa,987950,108
2025-11-27,Barranquilla,Microcredito,4190480,105
2025-11-27,Barranquilla,Libranza,3837144,165
2025-11-27,Barranquilla,Libranza,1729256,153
2025-11-27,Barranquilla,Tarjeta Visa,2350971,131
2025-11-27,Barranquilla,Libranza,2655166,114
2025-11-27,Barranquilla,Tarjeta Visa,3950339,172
2025-11-27,Barranquilla,Microcredito,4474123,173
2025-11-27,Barranquilla,Credito Consumo,2867190,189
2025-11-27,Barranquilla,Microcredito,3976049,135
2025-11-27,Barranquilla,Libranza,2638693,137
2025-11-27,Barranquilla,Credito Consumo,187779,111
2025-11-27,Barranquilla,Tarjeta Visa,604598,138
2025-11-27,Barranquilla,Tarjeta Visa,2022330,158
2025-11-27,Barranquilla,Microcredito,3763611,136
2025-11-27,Barranquilla,Libranza,258743,187
2025-11-27,Barranquilla,Credito Consumo,1425750,154
2025-11-27,Barranquilla,Credito Consumo,1025279,141
2025-11-27,Barranquilla,Libranza,4607831,180
2025-11-27,Barranquilla,Microcredito,2012824,183
2025-11-27,Barranquilla,Microcredito,4759859,190
2025-11-27,Barranquilla,Microcredito,3278109,133
2025-11-27,Barranquilla,Tarjeta Visa,839412,106
2025-11-27,Barranquilla,Libranza,4275999,149
2025-11-27,Barranquilla,Libranza,675310,139
2025-11-27,Barranquilla,Credito Consumo,4858311,168
2025-11-27,Barranquilla,Microcredito,1777210,190
2025-11-27,Barranquilla,Microcredito,2173084,125
2025-11-27,Barranquilla,Credito Consumo,4088420,144
2025-11-27,Barranquilla,Microcredito,2383429,185
2025-11-27,Barranquilla,Tarjeta Visa,1465744,108
2025-11-27,Barranquilla,Credito Consumo,4087964,115
2025-11-27,Barranquilla,Microcredito,2756331,150
2025-11-27,Barranquilla,Credito Consumo,4373367,172
2025-11-27,Barranquilla,Libranza,2339014,137
2025-11-27,Barranquilla,Tarjeta Visa,3908589,183
2025-11-27,Barranquilla,Microcredito,3587727,106
2025-11-27,Barranquilla,Credito Consumo,435592,111
2025-11-27,Barranquilla,Libranza,4171220,158
2025-11-27,Barranquilla,Libranza,3505738,175
2025-11-27,Barranquilla,Credito Consumo,2265620,153
2025-11-27,Barranquilla,Credito Consumo,1578102,169
2025-11-27,Barranquilla,Tarjeta Visa,2916093,181
2025-11-27,Barranquilla,Libranza,2553904,150
2025-11-27,Barranquilla,Credito Consumo,2481095,184
2025-11-27,Barranquilla,Credito Consumo,2671942,116
2025-11-27,Barranquilla,Credito Consumo,3415412,142
2025-11-27,Barranquilla,Tarjeta Visa,4068353,118
2025-11-27,Barranquilla,Tarjeta Visa,2128789,165
2025-11-27,Barranquilla,Microcredito,4088131,163
2025-11-27,Barranquilla,Credito Consumo,2868984,158
2025-11-27,Barranquilla,Credito Consumo,2079812,133
2025-11-27,Barranquilla,Libranza,2156432,173
2025-11-27,Barranquilla,Microcredito,2790089,186
2025-11-27,Barranquilla,Libranza,1761187,101
2025-11-27,Barranquilla,Tarjeta Visa,2929898,169
2025-11-27,Barranquilla,Libranza,1682205,103
2025-11-27,Barranquilla,Credito Consumo,1924629,134
2025-11-27,Barranquilla,Libranza,4198132,117
2025-11-27,Barranquilla,Tarjeta Visa,3850587,153
2025-11-27,Barranquilla,Libranza,1132943,153
2025-11-27,Barranquilla,Credito Consumo,1061703,179
2025-11-27,Barranquilla,Credito Consumo,245464,113
2025-11-27,Barranquilla,Microcredito,2335959,116
2025-11-27,Barranquilla,Credito Consumo,4446317,141
2025-11-27,Barranquilla,Libranza,3406354,182
2025-11-27,Barranquilla,Microcredito,1931294,157
2025-11-27,Barranquilla,Credito Consumo,887853,117
2025-11-27,Barranquilla,Credito Consumo,1792040,178
2025-11-27,Barranquilla,Credito Consumo,4873268,136
2025-11-27,Barranquilla,Microcredito,1501359,121
2025-11-27,Barranquilla,Microcredito,3868010,144
2025-11-27,Barranquilla,Microcredito,728750,197
2025-11-27,Barranquilla,Tarjeta Visa,1558082,173
2025-11-27,Barranquilla,Libranza,4848157,123
2025-11-27,Barranquilla,Microcredito,3837937,185
2025-11-27,Barranquilla,Tarjeta Visa,3745611,181
2025-11-27,Barranquilla,Libranza,4675321,148
2025-11-27,Barranquilla,Tarjeta Visa,2429116,146
2025-11-27,Barranquilla,Libranza,2143723,145
2025-11-27,Barranquilla,Tarjeta Visa,3307123,126
2025-11-27,Barranquilla,Credito Consumo,1891934,174
2025-11-27,Barranquilla,Tarjeta Visa,1441934,144
2025-11-27,Barranquilla,Libranza,1151630,107
2025-11-27,Barranquilla,Tarjeta Visa,1300130,144
2025-11-27,Barranquilla,Credito Consumo,4918170,178
2025-11-27,Barranquilla,Libranza,2873355,155
2025-11-27,Barranquilla,Tarjeta Visa,2144902,102
2025-11-27,Barranquilla,Microcredito,2261687,108
2025-11-27,Barranquilla,Tarjeta Visa,2314373,159
2025-11-27,Barranquilla,Tarjeta Visa,1020490,159
2025-11-27,Barranquilla,Tarjeta Visa,990864,142
2025-11-27,Barranquilla,Microcredito,2353205,187
2025-11-27,Barranquilla,Microcredito,3544202,136
2025-11-27,Barranquilla,Microcredito,3766370,124
2025-11-27,Barranquilla,Microcredito,1641140,108
2025-11-27,Barranquilla,Tarjeta Visa,3111249,141
2025-11-27,Barranquilla,Libranza,4919067,127
2025-11-27,Barranquilla,Libranza,835987,131
2025-11-27,Barranquilla,Microcredito,470105,147
2025-11-27,Barranquilla,Libranza,4279989,124
2025-11-27,Barranquilla,Tarjeta Visa,149564,147
2025-11-27,Barranquilla,Credito Consumo,1210780,114
2025-11-27,Barranquilla,Microcredito,2545011,171
2025-11-27,Barranquilla,Tarjeta Visa,755246,106
2025-11-27,Barranquilla,Libranza,2537772,143
2025-11-27,Barranquilla,Credito Consumo,4406262,195
2025-11-27,Barranquilla,Libranza,1863880,169
2025-11-27,Barranquilla,Microcredito,1229958,165
2025-11-27,Barranquilla,Microcredito,3772474,196
2025-11-27,Barranquilla,Credito Consumo,1344484,103
2025-11-27,Barranquilla,Credito Consumo,4720158,164
2025-11-27,Barranquilla,Credito Consumo,830081,187
2025-11-27,Barranquilla,Tarjeta Visa,3066890,112
2025-11-27,Barranquilla,Tarjeta Visa,367821,158
2025-11-27,Barranquilla,Credito Consumo,4560752,182
2025-11-27,Barranquilla,Credito Consumo,1992686,120
2025-11-27,Barranquilla,Microcredito,2366814,124
2025-11-27,Barranquilla,Microcredito,905338,117
2025-11-27,Barranquilla,Libranza,2482232,137
2025-11-27,Barranquilla,Microcredito,920669,178
2025-11-27,Barranquilla,Tarjeta Visa,2787850,149
2025-11-27,Barranquilla,Microcredito,2328940,161
2025-11-27,Barranquilla,Libranza,4613246,179
2025-11-27,Barranquilla,Tarjeta Visa,662826,162
2025-11-27,Barranquilla,Tarjeta Visa,3667145,151
2025-11-27,Barranquilla,Microcredito,1389967,125
2025-11-27,Barranquilla,Credito Consumo,1808443,196
2025-11-27,Barranquilla,Libranza,4459702,113
2025-11-27,Barranquilla,Libranza,2914035,138
2025-11-27,Barranquilla,Tarjeta Visa,2280802,160
2025-11-27,Barranquilla,Microcredito,1642138,134
2025-11-27,Barranquilla,Tarjeta Visa,4921179,167
2025-11-27,Barranquilla,Credito Consumo,1217222,152
2025-11-27,Barranquilla,Credito Consumo,688292,108
2025-11-27,Barranquilla,Microcredito,1335223,124
2025-11-27,Barranquilla,Libranza,4308801,180
2025-11-27,Barranquilla,Credito Consumo,4844087,183
2025-11-27,Barranquilla,Credito Consumo,3900324,135
2025-11-27,Barranquilla,Credito Consumo,3091153,176
2025-11-27,Barranquilla,Credito Consumo,4560545,190
2025-11-27,Barranquilla,Microcredito,3641834,180
2025-11-27,Barranquilla,Microcredito,3684779,175
2025-11-27,Barranquilla,Libranza,3852217,117
2025-11-27,Barranquilla,Microcredito,4194834,186
2025-11-27,Barranquilla,Tarjeta Visa,2733266,123
2025-11-27,Barranquilla,Tarjeta Visa,3501439,158
2025-11-27,Barranquilla,Credito Consumo,4323019,178
2025-11-27,Barranquilla,Libranza,791984,133
2025-11-27,Barranquilla,Libranza,4329991,184
2025-11-27,Barranquilla,Libranza,1519869,145
2025-11-27,Barranquilla,Credito Consumo,2400648,172
2025-11-27,Barranquilla,Tarjeta Visa,1130730,156
2025-11-27,Barranquilla,Credito Consumo,4181507,186
2025-11-27,Barranquilla,Libranza,2375713,164
2025-11-27,Barranquilla,Tarjeta Visa,4827605,159
2025-11-27,Barranquilla,Tarjeta Visa,4463334,179
2025-11-27,Barranquilla,Libranza,523800,182
2025-11-27,Barranquilla,Tarjeta Visa,1105712,175
2025-11-27,Barranquilla,Libranza,4254374,175
2025-11-27,Barranquilla,Credito Consumo,2177733,184
2025-11-27,Barranquilla,Credito Consumo,151567,148
2025-11-27,Barranquilla,Libranza,764619,153
2025-11-27,Barranquilla,Libranza,1931528,187
2025-11-27,Barranquilla,Libranza,2643011,181
2025-11-27,Barranquilla,Libranza,383674,165
2025-11-27,Barranquilla,Tarjeta Visa,2394387,195
2025-11-27,Barranquilla,Credito Consumo,2705136,151
2025-11-27,Barranquilla,Credito Consumo,857677,185
2025-11-27,Barranquilla,Microcredito,1484073,174
2025-11-27,Barranquilla,Libranza,3067494,187
2025-11-27,Barranquilla,Tarjeta Visa,4006991,145
2025-11-27,Barranquilla,Credito Consumo,2739202,138
2025-11-27,Barranquilla,Microcredito,288340,194
2025-11-27,Barranquilla,Libranza,4453955,150
2025-11-27,Barranquilla,Tarjeta Visa,1314705,101
2025-11-27,Barranquilla,Tarjeta Visa,2701065,165
2025-11-27,Barranquilla,Credito Consumo,2080215,163
2025-11-27,Barranquilla,Credito Consumo,1252365,194
2025-11-27,Barranquilla,Tarjeta Visa,4815067,112
2025-11-27,Barranquilla,Tarjeta Visa,3566099,139
2025-11-27,Barranquilla,Microcredito,608735,107
2025-11-27,Barranquilla,Credito Consumo,2798196,166
2025-11-27,Barranquilla,Credito Consumo,984725,193
2025-11-27,Barranquilla,Microcredito,1376888,106
2025-11-27,Barranquilla,Credito Consumo,3870605,165
2025-11-27,Barranquilla,Libranza,1322078,163
2025-11-27,Barranquilla,Tarjeta Visa,4031101,111
2025-11-27,Barranquilla,Tarjeta Visa,2114633,154
2025-11-27,Barranquilla,Credito Consumo,1248591,135
2025-11-27,Barranquilla,Libranza,149022,109
2025-11-27,Barranquilla,Microcredito,1390381,179
2025-11-27,Barranquilla,Microcredito,2434908,171
2025-11-27,Barranquilla,Tarjeta Visa,4412851,193
2025-11-27,Barranquilla,Tarjeta Visa,2224034,108
2025-11-27,Barranquilla,Tarjeta Visa,2708377,109
2025-11-27,Barranquilla,Libranza,2996721,169
2025-11-27,Barranquilla,Libranza,1270492,195
2025-11-27,Barranquilla,Credito Consumo,409461,147
2025-11-27,Barranquilla,Tarjeta Visa,1709988,121
2025-11-27,Barranquilla,Tarjeta Visa,4692424,151
2025-11-27,Barranquilla,Tarjeta Visa,3870222,193
2025-11-27,Barranquilla,Libranza,3558769,131
2025-11-27,Barranquilla,Microcredito,1153580,127
2025-11-27,Barranquilla,Credito Consumo,4636700,126
2025-11-27,Barranquilla,Microcredito,3873733,185
2025-11-27,Barranquilla,Credito Consumo,2293781,149
2025-11-27,Barranquilla,Microcredito,4804910,149
2025-11-27,Barranquilla,Microcredito,356978,146
2025-11-27,Barranquilla,Libranza,249533,104
2025-11-27,Barranquilla,Libranza,4480042,103
2025-11-27,Barranquilla,Libranza,4300808,193
2025-11-27,Barranquilla,Credito Consumo,289790,188
2025-11-27,Barranquilla,Credito Consumo,748518,124
2025-11-27,Barranquilla,Microcredito,3387792,148
2025-11-27,Barranquilla,Tarjeta Visa,3223524,191
2025-11-27,Barranquilla,Tarjeta Visa,1053369,110
2025-11-27,Barranquilla,Libranza,1745710,158
2025-11-27,Barranquilla,Microcredito,1916916,102
2025-11-27,Barranquilla,Credito Consumo,156276,138
2025-11-27,Barranquilla,Credito Consumo,1844102,184
2025-11-27,Barranquilla,Credito Consumo,1900687,189
2025-11-27,Barranquilla,Credito Consumo,2081606,131
2025-11-27,Barranquilla,Credito Consumo,3205918,102
2025-11-27,Barranquilla,Tarjeta Visa,3669361,102
2025-11-27,Barranquilla,Tarjeta Visa,4469603,146
2025-11-27,Barranquilla,Credito Consumo,406593,171
2025-11-27,Barranquilla,Tarjeta Visa,964634,108
2025-11-27,Barranquilla,Tarjeta Visa,3328327,194
2025-11-27,Barranquilla,Tarjeta Visa,4507186,126
2025-11-27,Barranquilla,Tarjeta Visa,3023017,198
2025-11-27,Barranquilla,Microcredito,4967551,135
2025-11-27,Barranquilla,Tarjeta Visa,1413515,159
2025-11-27,Barranquilla,Credito Consumo,2955797,189
2025-11-27,Barranquilla,Credito Consumo,3867324,139
2025-11-27,Barranquilla,Credito Consumo,316809,144
2025-11-27,Barranquilla,Tarjeta Visa,1091606,129
2025-11-27,Barranquilla,Microcredito,1917587,129
2025-11-27,Barranquilla,Microcredito,1820840,122
2025-11-27,Barranquilla,Libranza,4369046,102
2025-11-27,Barranquilla,Tarjeta Visa,552796,182
2025-11-27,Barranquilla,Tarjeta Visa,2315879,156
2025-11-27,Barranquilla,Microcredito,1296825,127
2025-11-27,Barranquilla,Tarjeta Visa,1157038,132
2025-11-27,Barranquilla,Microcredito,3147087,128
2025-11-27,Barranquilla,Credito Consumo,1743097,169
2025-11-27,Barranquilla,Tarjeta Visa,1855004,186
2025-11-27,Barranquilla,Tarjeta Visa,4221862,178
2025-11-27,Barranquilla,Credito Consumo,483794,138
2025-11-27,Barranquilla,Tarjeta Visa,1861077,192
2025-11-27,Barranquilla,Libranza,1107558,134
2025-11-27,Barranquilla,Libranza,220671,101
2025-11-27,Barranquilla,Microcredito,868984,102
2025-11-27,Barranquilla,Tarjeta Visa,4117038,110
2025-11-27,Barranquilla,Microcredito,732344,198
2025-11-27,Barranquilla,Microcredito,2723175,110
2025-11-27,Barranquilla,Credito Consumo,3956021,151
2025-11-27,Barranquilla,Microcredito,2627998,121
2025-11-27,Barranquilla,Tarjeta Visa,4809031,162
2025-11-27,Barranquilla,Credito Consumo,2813205,195
2025-11-27,Barranquilla,Tarjeta Visa,563181,174
2025-11-27,Barranquilla,Tarjeta Visa,2819774,140
2025-11-27,Barranquilla,Microcredito,4057265,170
2025-11-27,Barranquilla,Tarjeta Visa,2569821,129
2025-11-27,Barranquilla,Credito Consumo,2484953,161
2025-11-27,Barranquilla,Tarjeta Visa,395452,146
2025-11-27,Barranquilla,Libranza,1373950,141
2025-11-27,Barranquilla,Tarjeta Visa,801609,130
2025-11-27,Barranquilla,Tarjeta Visa,4205495,189
2025-11-27,Barranquilla,Microcredito,4877150,181
2025-11-27,Barranquilla,Libranza,3170687,169
2025-11-27,Barranquilla,Credito Consumo,744462,168
2025-11-27,Barranquilla,Libranza,1082143,183
2025-11-27,Barranquilla,Tarjeta Visa,1020337,104
2025-11-27,Barranquilla,Libranza,2199510,152
2025-11-27,Barranquilla,Tarjeta Visa,509699,175
2025-11-27,Barranquilla,Credito Consumo,2900079,140
2025-11-27,Barranquilla,Libranza,1130653,117
2025-11-27,Barranquilla,Microcredito,575581,149
2025-11-27,Barranquilla,Credito Consumo,4652059,100
2025-11-27,Barranquilla,Credito Consumo,3791947,157
2025-11-27,Barranquilla,Credito Consumo,3164010,167
2025-11-27,Barranquilla,Microcredito,4684874,175
2025-11-27,Barranquilla,Credito Consumo,4222266,100
2025-11-27,Barranquilla,Tarjeta Visa,2306301,106
2025-11-27,Barranquilla,Microcredito,1039476,138
2025-11-27,Barranquilla,Libranza,4533400,168
2025-11-27,Barranquilla,Tarjeta Visa,4722710,100
2025-11-27,Barranquilla,Credito Consumo,4732197,134
2025-11-27,Barranquilla,Tarjeta Visa,601239,111
2025-11-27,Barranquilla,Microcredito,2679645,166
2025-11-27,Barranquilla,Microcredito,216572,189
2025-11-27,Barranquilla,Tarjeta Visa,3564606,147
2025-11-27,Barranquilla,Libranza,559106,178
2025-11-27,Barranquilla,Tarjeta Visa,876060,174
2025-11-27,Barranquilla,Credito Consumo,1397442,184
2025-11-27,Barranquilla,Credito Consumo,3035337,190
2025-11-27,Barranquilla,Credito Consumo,4241502,156
2025-11-27,Barranquilla,Microcredito,2119263,162
2025-11-27,Barranquilla,Libranza,2053191,124
2025-11-27,Barranquilla,Libranza,890648,142
2025-11-27,Barranquilla,Credito Consumo,4175930,112
2025-11-27,Barranquilla,Microcredito,2778079,169
2025-11-27,Barranquilla,Credito Consumo,3567451,134
2025-11-27,Barranquilla,Libranza,1300973,188
2025-11-27,Barranquilla,Microcredito,1509671,141
2025-11-27,Barranquilla,Microcredito,4680362,113
2025-11-27,Barranquilla,Microcredito,3277213,111
2025-11-27,Barranquilla,Microcredito,637544,178
2025-11-27,Barranquilla,Microcredito,4347260,160
2025-11-27,Barranquilla,Microcredito,2608700,133
2025-11-27,Barranquilla,Credito Consumo,3861190,167
2025-11-27,Barranquilla,Libranza,1797377,186
2025-11-27,Barranquilla,Microcredito,4217844,192
2025-11-27,Barranquilla,Tarjeta Visa,2641614,193
2025-11-27,Barranquilla,Libranza,3373628,135
2025-11-27,Barranquilla,Tarjeta Visa,2722639,165
2025-11-27,Barranquilla,Microcredito,3493556,134
2025-11-27,Barranquilla,Credito Consumo,1795172,165
2025-11-27,Barranquilla,Credito Consumo,4492094,160
2025-11-27,Barranquilla,Credito Consumo,2710389,150
2025-11-27,Barranquilla,Libranza,2891571,190
2025-11-27,Barranquilla,Libranza,366194,194
2025-11-27,Barranquilla,Microcredito,1885345,171
2025-11-27,Barranquilla,Libranza,4854308,104
2025-11-27,Barranquilla,Tarjeta Visa,864164,193
2025-11-27,Barranquilla,Microcredito,2688621,103
2025-11-27,Barranquilla,Tarjeta Visa,3134577,122
2025-11-27,Barranquilla,Microcredito,2793584,112
2025-11-27,Barranquilla,Credito Consumo,1217699,149
2025-11-27,Barranquilla,Credito Consumo,971959,109
2025-11-27,Barranquilla,Tarjeta Visa,1898850,190
2025-11-27,Barranquilla,Credito Consumo,4284331,121
2025-11-27,Barranquilla,Libranza,4397910,154
2025-11-27,Barranquilla,Microcredito,1842101,121
2025-11-27,Barranquilla,Libranza,2279982,159
2025-11-27,Barranquilla,Microcredito,4015245,191
2025-11-27,Barranquilla,Credito Consumo,3211813,153
2025-11-27,Barranquilla,Credito Consumo,1525884,158
2025-11-27,Barranquilla,Libranza,609394,182
2025-11-27,Barranquilla,Credito Consumo,3883084,123
2025-11-27,Barranquilla,Libranza,1320868,140
2025-11-27,Barranquilla,Credito Consumo,770030,106
2025-11-27,Barranquilla,Libranza,1228277,194
2025-11-27,Barranquilla,Credito Consumo,3023776,154
2025-11-27,Barranquilla,Microcredito,2037834,167
2025-11-27,Barranquilla,Microcredito,1361228,198
2025-11-27,Barranquilla,Credito Consumo,3608600,151
2025-11-27,Barranquilla,Credito Consumo,4096437,140
2025-11-27,Barranquilla,Credito Consumo,4434609,109
2025-11-27,Barranquilla,Credito Consumo,462280,107
2025-11-27,Barranquilla,Libranza,4466177,180
2025-11-27,Barranquilla,Tarjeta Visa,4132992,105
2025-11-27,Barranquilla,Credito Consumo,2292991,101
2025-11-27,Barranquilla,Tarjeta Visa,2908471,175
2025-11-27,Barranquilla,Tarjeta Visa,1230969,104
2025-11-27,Barranquilla,Tarjeta Visa,4313524,124
2025-11-27,Barranquilla,Tarjeta Visa,4922073,196
2025-11-27,Barranquilla,Credito Consumo,862899,107
2025-11-27,Barranquilla,Credito Consumo,2751768,174
2025-11-27,Barranquilla,Tarjeta Visa,3665182,101
2025-11-27,Barranquilla,Microcredito,4692280,178
2025-11-27,Barranquilla,Tarjeta Visa,178060,158
2025-11-27,Barranquilla,Libranza,1632422,141
2025-11-27,Barranquilla,Tarjeta Visa,2992840,141
2025-11-27,Barranquilla,Credito Consumo,452472,182
2025-11-27,Barranquilla,Credito Consumo,1881225,189
2025-11-27,Barranquilla,Libranza,4242154,177
2025-11-27,Barranquilla,Tarjeta Visa,2110384,171
2025-11-27,Barranquilla,Tarjeta Visa,3959659,119
2025-11-27,Barranquilla,Tarjeta Visa,1247142,160
2025-11-27,Barranquilla,Libranza,3786681,109
2025-11-27,Barranquilla,Tarjeta Visa,4200395,166
2025-11-27,Barranquilla,Libranza,2908064,122
2025-11-27,Barranquilla,Credito Consumo,335723,178
2025-11-27,Barranquilla,Libranza,3068645,100
2025-11-27,Barranquilla,Tarjeta Visa,2564370,126
2025-11-27,Barranquilla,Microcredito,1604764,185
2025-11-27,Barranquilla,Microcredito,1114615,172
2025-11-27,Barranquilla,Microcredito,1057820,196
2025-11-27,Barranquilla,Microcredito,302747,178
2025-11-27,Barranquilla,Libranza,340833,127
2025-11-27,Barranquilla,Credito Consumo,2352230,175
2025-11-27,Barranquilla,Credito Consumo,3446468,117
2025-11-27,Barranquilla,Credito Consumo,135295,160
2025-11-27,Barranquilla,Microcredito,671103,186
2025-11-27,Barranquilla,Microcredito,3431435,106
2025-11-27,Barranquilla,Credito Consumo,4292957,105
2025-11-27,Barranquilla,Tarjeta Visa,3048386,192
2025-11-27,Barranquilla,Credito Consumo,3889842,173
2025-11-27,Barranquilla,Libranza,2933702,197
2025-11-27,Barranquilla,Libranza,989104,134
2025-11-27,Barranquilla,Tarjeta Visa,1277189,193
2025-11-27,Barranquilla,Libranza,286837,156
2025-11-27,Barranquilla,Tarjeta Visa,1227549,188
2025-11-27,Barranquilla,Libranza,1424977,142
2025-11-27,Barranquilla,Tarjeta Visa,2368297,104
2025-11-27,Barranquilla,Credito Consumo,483306,115
2025-11-27,Barranquilla,Credito Consumo,3083511,123
2025-11-27,Barranquilla,Microcredito,2256236,174
2025-11-27,Barranquilla,Credito Consumo,1762343,192
2025-11-27,Barranquilla,Microcredito,4844856,168
2025-11-27,Barranquilla,Libranza,3422254,195
2025-11-27,Barranquilla,Microcredito,3232929,159
2025-11-27,Barranquilla,Credito Consumo,4183889,187
2025-11-27,Barranquilla,Libranza,1102280,136
2025-11-27,Barranquilla,Credito Consumo,1667799,139
2025-11-27,Barranquilla,Credito Consumo,4308833,132
2025-11-27,Barranquilla,Tarjeta Visa,698424,134
2025-11-27,Barranquilla,Credito Consumo,2161092,193
2025-11-27,Barranquilla,Libranza,4047405,150
2025-11-27,Barranquilla,Libranza,3072916,109
2025-11-27,Barranquilla,Credito Consumo,2429342,107
2025-11-27,Barranquilla,Credito Consumo,267950,172
2025-11-27,Barranquilla,Microcredito,4477911,149
2025-11-27,Barranquilla,Libranza,719810,158
2025-11-27,Barranquilla,Libranza,4798796,126
2025-11-27,Barranquilla,Microcredito,3189100,129
2025-11-27,Barranquilla,Microcredito,4101105,192
2025-11-27,Barranquilla,Credito Consumo,3726786,124
2025-11-27,Barranquilla,Tarjeta Visa,1870044,116
2025-11-27,Barranquilla,Tarjeta Visa,2241087,130
2025-11-27,Barranquilla,Libranza,2460343,145
2025-11-27,Barranquilla,Credito Consumo,2368153,165
2025-11-27,Barranquilla,Tarjeta Visa,3237682,115
2025-11-27,Barranquilla,Microcredito,2590626,108
2025-11-27,Barranquilla,Credito Consumo,627657,120
2025-11-27,Barranquilla,Microcredito,3886306,141
2025-11-27,Barranquilla,Libranza,4478329,197
2025-11-27,Barranquilla,Libranza,604984,193
2025-11-27,Barranquilla,Tarjeta Visa,2203786,185
2025-11-27,Barranquilla,Tarjeta Visa,1756308,111
2025-11-27,Barranquilla,Libranza,2964647,157
2025-11-27,Barranquilla,Tarjeta Visa,3058531,194
2025-11-27,Barranquilla,Libranza,1514458,103
2025-11-27,Barranquilla,Libranza,3246412,158
2025-11-27,Barranquilla,Credito Consumo,2222158,108
2025-11-27,Barranquilla,Credito Consumo,518245,132
2025-11-27,Barranquilla,Libranza,1909745,156
2025-11-27,Barranquilla,Credito Consumo,3490982,184
2025-11-27,Barranquilla,Credito Consumo,2527943,196
2025-11-27,Barranquilla,Tarjeta Visa,2376747,164
2025-11-27,Barranquilla,Credito Consumo,1237513,194
2025-11-27,Barranquilla,Microcredito,767474,181
2025-11-27,Barranquilla,Credito Consumo,1351289,198
2025-11-27,Barranquilla,Libranza,3438759,131
2025-11-27,Barranquilla,Tarjeta Visa,4086712,175
2025-11-27,Barranquilla,Tarjeta Visa,1945870,173
2025-11-27,Barranquilla,Credito Consumo,1467562,147
2025-11-27,Barranquilla,Libranza,2445350,173
2025-11-27,Barranquilla,Libranza,3420227,182
2025-11-27,Barranquilla,Credito Consumo,2877922,162
2025-11-27,Barranquilla,Microcredito,617176,198
2025-11-27,Barranquilla,Microcredito,1601555,137
2025-11-27,Barranquilla,Tarjeta Visa,3555864,114
2025-11-27,Barranquilla,Tarjeta Visa,1196370,152
2025-11-27,Barranquilla,Tarjeta Visa,4126564,161
2025-11-27,Barranquilla,Tarjeta Visa,1998153,183
2025-11-27,Barranquilla,Microcredito,3128703,158
2025-11-27,Barranquilla,Tarjeta Visa,4545578,103
2025-11-27,Barranquilla,Microcredito,1748402,111
2025-11-27,Barranquilla,Tarjeta Visa,4201443,197
2025-11-27,Barranquilla,Credito Consumo,3562982,141
2025-11-27,Barranquilla,Tarjeta Visa,451389,170
2025-11-27,Barranquilla,Tarjeta Visa,3374537,110
2025-11-27,Barranquilla,Libranza,2939284,190
2025-11-27,Barranquilla,Libranza,126652,192
2025-11-27,Barranquilla,Microcredito,683066,105
2025-11-27,Barranquilla,Credito Consumo,1238335,135
2025-11-27,Barranquilla,Microcredito,1742004,186
2025-11-27,Barranquilla,Tarjeta Visa,1290602,181
2025-11-27,Barranquilla,Tarjeta Visa,3358308,174
2025-11-27,Barranquilla,Credito Consumo,1623358,120
2025-11-27,Barranquilla,Tarjeta Visa,2140393,141
2025-11-27,Barranquilla,Microcredito,4909172,128
2025-11-27,Barranquilla,Tarjeta Visa,2165955,194
2025-11-27,Barranquilla,Microcredito,392398,198
2025-11-27,Barranquilla,Libranza,2509522,167
2025-11-27,Barranquilla,Tarjeta Visa,1887311,175
2025-11-27,Barranquilla,Libranza,354511,143
2025-11-27,Barranquilla,Libranza,4168514,180
2025-11-27,Barranquilla,Microcredito,307700,147
2025-11-27,Barranquilla,Microcredito,653486,106
2025-11-27,Barranquilla,Microcredito,3909561,122
2025-11-27,Barranquilla,Tarjeta Visa,2833693,191
2025-11-27,Barranquilla,Credito Consumo,4563069,115
2025-11-27,Barranquilla,Tarjeta Visa,1396447,146
2025-11-27,Barranquilla,Tarjeta Visa,2087377,100
2025-11-27,Barranquilla,Tarjeta Visa,4298551,149
2025-11-27,Barranquilla,Libranza,1035969,123
2025-11-27,Barranquilla,Microcredito,936238,172
2025-11-27,Barranquilla,Microcredito,2111809,136
2025-11-27,Barranquilla,Credito Consumo,1669588,184
2025-11-27,Barranquilla,Tarjeta Visa,2834102,128
2025-11-27,Barranquilla,Microcredito,766950,187
2025-11-27,Barranquilla,Microcredito,2532947,132
2025-11-27,Barranquilla,Libranza,2324068,120
2025-11-27,Barranquilla,Credito Consumo,4969981,135
2025-11-27,Barranquilla,Credito Consumo,131990,175
2025-11-27,Barranquilla,Tarjeta Visa,3071899,141
2025-11-27,Barranquilla,Microcredito,3020900,197
2025-11-27,Barranquilla,Tarjeta Visa,2472026,174
2025-11-27,Barranquilla,Credito Consumo,4116825,188
2025-11-27,Barranquilla,Credito Consumo,2274415,142
2025-11-27,Barranquilla,Tarjeta Visa,2862398,149
2025-11-27,Barranquilla,Tarjeta Visa,848080,148
2025-11-27,Barranquilla,Credito Consumo,123107,131
2025-11-27,Barranquilla,Microcredito,847336,166
2025-11-27,Barranquilla,Microcredito,4615979,115
2025-11-27,Barranquilla,Microcredito,2333182,183
2025-11-27,Barranquilla,Tarjeta Visa,1673612,132
2025-11-27,Barranquilla,Microcredito,992279,195
2025-11-27,Barranquilla,Microcredito,4400843,106
2025-11-27,Barranquilla,Tarjeta Visa,903026,184
2025-11-27,Barranquilla,Tarjeta Visa,3213735,116
2025-11-27,Barranquilla,Tarjeta Visa,1182055,145
2025-11-27,Barranquilla,Microcredito,2381823,100
2025-11-27,Barranquilla,Microcredito,4461238,176
2025-11-27,Barranquilla,Microcredito,2098988,185
2025-11-27,Barranquilla,Libranza,2344911,178
2025-11-27,Barranquilla,Libranza,2392611,130
2025-11-27,Barranquilla,Tarjeta Visa,1181872,162
2025-11-27,Barranquilla,Microcredito,3771065,177
2025-11-27,Barranquilla,Credito Consumo,3349889,136
2025-11-27,Barranquilla,Libranza,2732485,120
2025-11-27,Barranquilla,Tarjeta Visa,4393485,194
2025-11-27,Barranquilla,Libranza,4788941,198
2025-11-27,Barranquilla,Credito Consumo,3493446,185
2025-11-27,Barranquilla,Tarjeta Visa,1276712,121
2025-11-27,Barranquilla,Credito Consumo,2381200,179
2025-11-27,Barranquilla,Tarjeta Visa,3566780,113
2025-11-27,Barranquilla,Microcredito,4758871,179
2025-11-27,Barranquilla,Credito Consumo,1044409,161
2025-11-27,Barranquilla,Tarjeta Visa,2107520,162
2025-11-27,Barranquilla,Microcredito,3479089,162
2025-11-27,Barranquilla,Tarjeta Visa,1796922,172
2025-11-27,Barranquilla,Tarjeta Visa,1547542,181
2025-11-27,Barranquilla,Credito Consumo,2092383,154
2025-11-27,Barranquilla,Libranza,3411434,138
2025-11-27,Barranquilla,Tarjeta Visa,1214868,173
2025-11-27,Barranquilla,Libranza,1658215,195
2025-11-27,Barranquilla,Microcredito,1876827,165
2025-11-27,Barranquilla,Tarjeta Visa,3226757,121
2025-11-27,Barranquilla,Microcredito,879757,152
2025-11-27,Barranquilla,Tarjeta Visa,4628488,196
2025-11-27,Barranquilla,Microcredito,4467554,102
2025-11-27,Barranquilla,Libranza,918175,107
2025-11-27,Barranquilla,Credito Consumo,1064377,148
2025-11-27,Barranquilla,Tarjeta Visa,3311141,170
2025-11-27,Barranquilla,Credito Consumo,2705783,125
2025-11-27,Barranquilla,Libranza,1074873,116
2025-11-27,Barranquilla,Libranza,4253090,151
2025-11-27,Barranquilla,Tarjeta Visa,4541362,175
2025-11-27,Barranquilla,Credito Consumo,3397540,144
2025-11-27,Barranquilla,Libranza,3319567,155
2025-11-27,Barranquilla,Tarjeta Visa,747057,166
2025-11-27,Barranquilla,Credito Consumo,2080901,194
2025-11-27,Barranquilla,Libranza,4830673,145
2025-11-27,Barranquilla,Libranza,4981048,137
2025-11-27,Barranquilla,Microcredito,3023944,132
2025-11-27,Barranquilla,Libranza,1781742,141
2025-11-27,Barranquilla,Libranza,1460109,180
2025-11-27,Barranquilla,Tarjeta Visa,1208834,181
2025-11-27,Barranquilla,Microcredito,4333143,195
2025-11-27,Barranquilla,Credito Consumo,589673,192
2025-11-27,Barranquilla,Microcredito,3333041,151
2025-11-27,Barranquilla,Microcredito,416163,140
2025-11-27,Barranquilla,Libranza,1745985,155
2025-11-27,Barranquilla,Tarjeta Visa,3659774,141
2025-11-27,Barranquilla,Tarjeta Visa,3430271,124
2025-11-27,Barranquilla,Microcredito,2761020,171
2025-11-27,Barranquilla,Credito Consumo,1179085,113
2025-11-27,Barranquilla,Credito Consumo,429823,177
2025-11-27,Barranquilla,Microcredito,641047,133
2025-11-27,Barranquilla,Credito Consumo,3793683,190
2025-11-27,Barranquilla,Credito Consumo,432005,171
2025-11-27,Barranquilla,Credito Consumo,4085677,141
2025-11-27,Barranquilla,Credito Consumo,4528933,144
2025-11-27,Barranquilla,Libranza,4721269,153
2025-11-27,Barranquilla,Microcredito,3161463,198
2025-11-27,Barranquilla,Libranza,1962744,100
2025-11-27,Barranquilla,Microcredito,4843285,150
2025-11-27,Barranquilla,Microcredito,2001341,149
2025-11-27,Barranquilla,Tarjeta Visa,3200712,109
2025-11-27,Barranquilla,Credito Consumo,4106346,151
2025-11-27,Barranquilla,Libranza,4900795,186
2025-11-27,Barranquilla,Libranza,3988985,162
2025-11-27,Barranquilla,Microcredito,2980158,143
2025-11-27,Barranquilla,Microcredito,4682702,141
2025-11-27,Barranquilla,Tarjeta Visa,2110527,136
2025-11-27,Barranquilla,Microcredito,1754609,185
2025-11-27,Barranquilla,Credito Consumo,4619337,109
2025-11-27,Barranquilla,Microcredito,4602282,197
2025-11-27,Barranquilla,Credito Consumo,4935024,172
2025-11-27,Barranquilla,Libranza,207067,177
2025-11-27,Barranquilla,Libranza,4357259,136
2025-11-27,Barranquilla,Libranza,788101,105
2025-11-27,Barranquilla,Credito Consumo,3663366,104
2025-11-27,Barranquilla,Tarjeta Visa,2996690,175
2025-11-27,Barranquilla,Libranza,3342354,105
2025-11-27,Barranquilla,Credito Consumo,3607215,167
2025-11-27,Barranquilla,Libranza,4391621,156
2025-11-27,Barranquilla,Microcredito,3867262,190
2025-11-27,Barranquilla,Credito Consumo,789605,123
2025-11-27,Barranquilla,Libranza,3045072,194
2025-11-27,Barranquilla,Microcredito,4961478,166
2025-11-27,Barranquilla,Libranza,3780790,173
2025-11-27,Barranquilla,Libranza,2261564,121
2025-11-27,Barranquilla,Libranza,355595,171
2025-11-27,Barranquilla,Tarjeta Visa,2147099,139
2025-11-27,Barranquilla,Tarjeta Visa,1964794,188
2025-11-27,Barranquilla,Microcredito,2728180,157
2025-11-27,Barranquilla,Tarjeta Visa,2616835,138
2025-11-27,Barranquilla,Libranza,838563,123
2025-11-27,Barranquilla,Tarjeta Visa,2115271,103
2025-11-27,Barranquilla,Tarjeta Visa,3917018,141
2025-11-27,Barranquilla,Tarjeta Visa,2943695,122
2025-11-27,Barranquilla,Credito Consumo,756304,165
2025-11-27,Barranquilla,Libranza,3693336,111
2025-11-27,Barranquilla,Tarjeta Visa,659117,174
2025-11-27,Barranquilla,Microcredito,1516650,182
2025-11-27,Barranquilla,Libranza,4467158,121
2025-11-27,Barranquilla,Microcredito,973185,191
2025-11-27,Barranquilla,Libranza,2655382,173
2025-11-27,Barranquilla,Tarjeta Visa,2628117,131
2025-11-27,Barranquilla,Microcredito,321644,111
2025-11-27,Barranquilla,Libranza,4066580,114
2025-11-27,Barranquilla,Microcredito,223945,163
2025-11-27,Barranquilla,Libranza,4110682,194
2025-11-27,Barranquilla,Credito Consumo,4181231,177
2025-11-27,Barranquilla,Microcredito,3983549,135
2025-11-27,Barranquilla,Microcredito,2833667,166
2025-11-27,Barranquilla,Microcredito,295733,102
2025-11-27,Barranquilla,Microcredito,2838050,111
2025-11-27,Barranquilla,Libranza,1007497,101
2025-11-27,Barranquilla,Libranza,738647,158
2025-11-27,Barranquilla,Tarjeta Visa,829472,116
2025-11-27,Barranquilla,Microcredito,2558402,128
2025-11-27,Barranquilla,Microcredito,3280880,174
2025-11-27,Barranquilla,Tarjeta Visa,3089088,104
2025-11-27,Barranquilla,Libranza,1020537,105
2025-11-27,Barranquilla,Tarjeta Visa,2669254,172
2025-11-27,Barranquilla,Credito Consumo,3936956,117
2025-11-27,Barranquilla,Libranza,3330018,120
2025-11-27,Barranquilla,Microcredito,3435841,190
2025-11-27,Barranquilla,Tarjeta Visa,272958,137
2025-11-27,Barranquilla,Libranza,2484979,163
2025-11-27,Barranquilla,Libranza,1399546,117
2025-11-27,Barranquilla,Tarjeta Visa,2870590,134
2025-11-27,Barranquilla,Libranza,3334897,181
2025-11-27,Barranquilla,Tarjeta Visa,2235031,150
2025-11-27,Barranquilla,Microcredito,3977785,156
2025-11-27,Barranquilla,Credito Consumo,2518645,135
2025-11-27,Barranquilla,Credito Consumo,2077158,119
2025-11-27,Barranquilla,Microcredito,3681643,168
2025-11-27,Barranquilla,Microcredito,3347299,133
2025-11-27,Barranquilla,Tarjeta Visa,2462242,164
2025-11-27,Barranquilla,Libranza,3821922,172
2025-11-27,Barranquilla,Credito Consumo,3176754,177
2025-11-27,Barranquilla,Tarjeta Visa,4642139,117
2025-11-27,Barranquilla,Credito Consumo,789298,160
2025-11-27,Barranquilla,Tarjeta Visa,4398185,173
2025-11-27,Barranquilla,Libranza,2445155,174
2025-11-27,Barranquilla,Tarjeta Visa,3097494,166
2025-11-27,Barranquilla,Credito Consumo,4680577,111
2025-11-27,Barranquilla,Tarjeta Visa,3050964,169
2025-11-27,Barranquilla,Tarjeta Visa,4625934,176
2025-11-27,Barranquilla,Credito Consumo,2714013,155
2025-11-27,Barranquilla,Credito Consumo,962947,118
2025-11-27,Barranquilla,Credito Consumo,3192080,142
2025-11-27,Barranquilla,Tarjeta Visa,3182070,139
2025-11-27,Barranquilla,Microcredito,3147674,181
2025-11-27,Barranquilla,Libranza,1863434,118
2025-11-27,Barranquilla,Tarjeta Visa,4533062,110
2025-11-27,Barranquilla,Tarjeta Visa,2367025,124
2025-11-27,Barranquilla,Microcredito,1881991,197
2025-11-27,Barranquilla,Microcredito,656437,128
2025-11-27,Barranquilla,Credito Consumo,1211444,179
2025-11-27,Barranquilla,Microcredito,2224986,138
2025-11-27,Barranquilla,Tarjeta Visa,4200780,178
2025-11-27,Barranquilla,Libranza,2345304,116
2025-11-27,Barranquilla,Microcredito,3093497,104
2025-11-27,Barranquilla,Tarjeta Visa,142055,148
2025-11-27,Barranquilla,Libranza,4951512,151
2025-11-27,Barranquilla,Microcredito,2039589,169
2025-11-27,Barranquilla,Libranza,1488683,103
2025-11-27,Barranquilla,Microcredito,3859160,132
2025-11-27,Barranquilla,Credito Consumo,3914164,151
2025-11-27,Barranquilla,Libranza,1595327,103
2025-11-27,Barranquilla,Microcredito,2552581,157
2025-11-27,Barranquilla,Libranza,1744578,190
2025-11-27,Barranquilla,Tarjeta Visa,2070989,174
2025-11-27,Barranquilla,Microcredito,3000953,105
2025-11-27,Barranquilla,Libranza,4998635,144
2025-11-27,Barranquilla,Tarjeta Visa,4098534,150
2025-11-27,Barranquilla,Tarjeta Visa,2247567,194
2025-11-27,Barranquilla,Libranza,3205550,132
2025-11-27,Barranquilla,Credito Consumo,800224,122
2025-11-27,Barranquilla,Microcredito,3034758,178
2025-11-27,Barranquilla,Libranza,948681,132
2025-11-27,Barranquilla,Tarjeta Visa,1808693,190
2025-11-27,Barranquilla,Credito Consumo,4425246,150
2025-11-27,Barranquilla,Libranza,4389688,110
2025-11-27,Barranquilla,Microcredito,4944739,184
2025-11-27,Barranquilla,Credito Consumo,107699,106
2025-11-27,Barranquilla,Microcredito,3498624,142
2025-11-27,Barranquilla,Libranza,301250,183
2025-11-27,Barranquilla,Microcredito,2209425,136
2025-11-27,Barranquilla,Credito Consumo,3379246,108
2025-11-27,Barranquilla,Microcredito,1612936,146
2025-11-27,Barranquilla,Credito Consumo,3998553,177
2025-11-27,Barranquilla,Credito Consumo,4383705,115
2025-11-27,Barranquilla,Tarjeta Visa,1215421,173
2025-11-27,Barranquilla,Credito Consumo,2859276,134
2025-11-27,Barranquilla,Libranza,3741549,150
2025-11-27,Barranquilla,Libranza,4761763,142
2025-11-27,Barranquilla,Microcredito,4563945,174
2025-11-27,Barranquilla,Credito Consumo,2860225,179
2025-11-27,Barranquilla,Microcredito,4378565,144
2025-11-27,Barranquilla,Libranza,450196,146
2025-11-27,Barranquilla,Tarjeta Visa,1149790,123
2025-11-27,Barranquilla,Microcredito,3558249,162
2025-11-27,Barranquilla,Tarjeta Visa,2051353,118
2025-11-27,Barranquilla,Libranza,2955908,167
2025-11-27,Barranquilla,Credito Consumo,1529033,141
2025-11-27,Barranquilla,Credito Consumo,4585620,134
2025-11-27,Barranquilla,Tarjeta Visa,1092841,142
2025-11-27,Barranquilla,Credito Consumo,1464034,102
2025-11-27,Barranquilla,Credito Consumo,1902169,114
2025-11-27,Barranquilla,Microcredito,1850555,124
2025-11-27,Barranquilla,Credito Consumo,3212252,128
2025-11-27,Barranquilla,Microcredito,1764435,187
2025-11-27,Barranquilla,Credito Consumo,170167,124
2025-11-27,Barranquilla,Tarjeta Visa,2363939,193
2025-11-27,Barranquilla,Credito Consumo,3588961,190
2025-11-27,Barranquilla,Libranza,3410417,184
2025-11-27,Barranquilla,Tarjeta Visa,3713953,114
2025-11-27,Barranquilla,Tarjeta Visa,721410,106
2025-11-27,Barranquilla,Tarjeta Visa,2656941,161
2025-11-27,Barranquilla,Tarjeta Visa,695088,152
2025-11-27,Barranquilla,Credito Consumo,3505416,183
2025-11-27,Barranquilla,Tarjeta Visa,3512488,165
2025-11-27,Barranquilla,Libranza,440949,190
2025-11-27,Barranquilla,Credito Consumo,305125,171
2025-11-27,Barranquilla,Libranza,1667709,111
2025-11-27,Barranquilla,Microcredito,1053923,102
2025-11-27,Barranquilla,Microcredito,2525172,142
2025-11-27,Barranquilla,Libranza,2791896,113
2025-11-27,Barranquilla,Tarjeta Visa,4718688,138
2025-11-27,Barranquilla,Credito Consumo,2259806,141
2025-11-27,Barranquilla,Microcredito,1312503,166
2025-11-27,Barranquilla,Credito Consumo,3548071,110
2025-11-27,Barranquilla,Libranza,1902938,166
2025-11-27,Barranquilla,Credito Consumo,3117397,130
2025-11-27,Barranquilla,Microcredito,2864282,163
2025-11-27,Barranquilla,Microcredito,2888013,148
2025-11-27,Barranquilla,Credito Consumo,2427954,109
2025-11-27,Barranquilla,Tarjeta Visa,4527648,136
2025-11-27,Barranquilla,Credito Consumo,1892997,179
2025-11-27,Barranquilla,Tarjeta Visa,2647136,103
2025-11-27,Barranquilla,Microcredito,4423987,114
2025-11-27,Barranquilla,Credito Consumo,3803954,127
2025-11-27,Barranquilla,Credito Consumo,2162574,132
2025-11-27,Barranquilla,Tarjeta Visa,3921330,147
2025-11-27,Barranquilla,Credito Consumo,2685781,107
2025-11-27,Barranquilla,Tarjeta Visa,649666,102
2025-11-27,Barranquilla,Microcredito,1190591,112
2025-11-27,Barranquilla,Libranza,1273539,191
2025-11-27,Barranquilla,Libranza,4146132,198
2025-11-27,Barranquilla,Microcredito,1661626,197
2025-11-27,Barranquilla,Credito Consumo,546694,168
2025-11-27,Barranquilla,Tarjeta Visa,3951638,181
2025-11-27,Barranquilla,Credito Consumo,1873331,127
2025-11-27,Barranquilla,Credito Consumo,3792014,167
2025-11-27,Barranquilla,Tarjeta Visa,2340228,185
2025-11-27,Barranquilla,Libranza,4124380,160
2025-11-27,Barranquilla,Credito Consumo,4598854,188
2025-11-27,Barranquilla,Tarjeta Visa,1010902,168
2025-11-27,Barranquilla,Credito Consumo,985495,186
2025-11-27,Barranquilla,Tarjeta Visa,4473604,122
2025-11-27,Barranquilla,Tarjeta Visa,2186900,134
2025-11-27,Barranquilla,Microcredito,2095817,138
2025-11-27,Barranquilla,Libranza,1518056,143
2025-11-27,Barranquilla,Microcredito,2131607,148
2025-11-27,Barranquilla,Libranza,219765,169
2025-11-27,Barranquilla,Libranza,2693838,123
2025-11-27,Barranquilla,Credito Consumo,3525612,124
2025-11-27,Barranquilla,Tarjeta Visa,2917866,194
2025-11-27,Barranquilla,Libranza,2308786,183
2025-11-27,Barranquilla,Credito Consumo,1953102,172
2025-11-27,Barranquilla,Microcredito,4102244,131
2025-11-27,Barranquilla,Libranza,2487586,120
2025-11-27,Barranquilla,Microcredito,2797407,149
2025-11-27,Barranquilla,Tarjeta Visa,3429214,160
2025-11-27,Barranquilla,Libranza,1200235,129
2025-11-27,Barranquilla,Credito Consumo,3288968,112
2025-11-27,Barranquilla,Libranza,2391539,123
2025-11-27,Barranquilla,Libranza,482803,111
2025-11-27,Barranquilla,Tarjeta Visa,4068015,178
2025-11-27,Barranquilla,Tarjeta Visa,451356,186
2025-11-27,Barranquilla,Libranza,3719297,145
2025-11-27,Barranquilla,Credito Consumo,164070,136
2025-11-27,Barranquilla,Credito Consumo,1063030,106
2025-11-27,Barranquilla,Libranza,543581,174
2025-11-27,Barranquilla,Microcredito,1276193,124
2025-11-27,Barranquilla,Libranza,3297858,159
2025-11-27,Barranquilla,Tarjeta Visa,469500,117
2025-11-27,Barranquilla,Tarjeta Visa,817868,163
2025-11-27,Barranquilla,Credito Consumo,3687108,193
2025-11-27,Barranquilla,Credito Consumo,2598026,179
2025-11-27,Barranquilla,Microcredito,2734419,107
2025-11-27,Barranquilla,Tarjeta Visa,1485563,198
2025-11-27,Barranquilla,Tarjeta Visa,3659679,158
2025-11-27,Barranquilla,Libranza,2210419,188
2025-11-27,Barranquilla,Credito Consumo,1182329,131
2025-11-27,Barranquilla,Libranza,2538258,172
2025-11-27,Barranquilla,Tarjeta Visa,3970971,149
2025-11-27,Barranquilla,Libranza,3504457,105
2025-11-27,Barranquilla,Tarjeta Visa,3729547,107
2025-11-27,Barranquilla,Credito Consumo,3624744,178
2025-11-27,Barranquilla,Tarjeta Visa,3138124,179
2025-11-27,Barranquilla,Libranza,1395352,115
2025-11-27,Barranquilla,Microcredito,4554539,135
2025-11-27,Barranquilla,Credito Consumo,1663348,125
2025-11-27,Barranquilla,Libranza,529274,168
2025-11-27,Barranquilla,Credito Consumo,2343230,147
2025-11-27,Barranquilla,Tarjeta Visa,2148843,163
2025-11-27,Barranquilla,Credito Consumo,2895003,165
2025-11-27,Barranquilla,Libranza,3559130,147
2025-11-27,Barranquilla,Credito Consumo,4642768,137
2025-11-27,Barranquilla,Libranza,4113011,160
2025-11-27,Barranquilla,Credito Consumo,502855,173
2025-11-27,Barranquilla,Credito Consumo,2822739,156
2025-11-27,Barranquilla,Credito Consumo,1279624,193
2025-11-27,Barranquilla,Tarjeta Visa,2198319,111
2025-11-27,Barranquilla,Tarjeta Visa,2512561,136
2025-11-27,Barranquilla,Credito Consumo,787507,183
2025-11-27,Barranquilla,Credito Consumo,1344319,135
2025-11-27,Barranquilla,Tarjeta Visa,3359023,110
2025-11-27,Barranquilla,Microcredito,3779132,159
2025-11-27,Barranquilla,Microcredito,4947741,195
2025-11-27,Barranquilla,Tarjeta Visa,3349450,109
2025-11-27,Barranquilla,Credito Consumo,4770127,164
2025-11-27,Barranquilla,Tarjeta Visa,348459,124
2025-11-27,Barranquilla,Tarjeta Visa,3512079,162
2025-11-27,Barranquilla,Credito Consumo,2520487,196
2025-11-27,Barranquilla,Tarjeta Visa,2396259,183
2025-11-27,Barranquilla,Libranza,2820896,134
2025-11-27,Barranquilla,Credito Consumo,1310501,172
2025-11-27,Barranquilla,Microcredito,1690339,165
2025-11-27,Barranquilla,Tarjeta Visa,2963984,126
2025-11-27,Barranquilla,Credito Consumo,1974781,194
2025-11-27,Barranquilla,Tarjeta Visa,1875572,174
2025-11-27,Barranquilla,Libranza,739175,150
2025-11-27,Barranquilla,Libranza,231795,157
2025-11-27,Barranquilla,Tarjeta Visa,4445315,105
2025-11-27,Barranquilla,Libranza,1862566,198
2025-11-27,Barranquilla,Microcredito,205973,175
2025-11-27,Barranquilla,Libranza,4687736,127
2025-11-27,Barranquilla,Libranza,517775,142
2025-11-27,Barranquilla,Libranza,3725194,184
2025-11-27,Barranquilla,Tarjeta Visa,4967153,144
2025-11-27,Barranquilla,Tarjeta Visa,2233198,115
2025-11-27,Barranquilla,Credito Consumo,4697785,138
2025-11-27,Barranquilla,Libranza,2743056,121
2025-11-27,Barranquilla,Credito Consumo,3828977,151
2025-11-27,Barranquilla,Libranza,4642889,128
2025-11-27,Barranquilla,Libranza,1809953,100
2025-11-27,Barranquilla,Tarjeta Visa,1335906,115
2025-11-27,Barranquilla,Tarjeta Visa,4721884,104
2025-11-27,Barranquilla,Tarjeta Visa,411615,155
2025-11-27,Barranquilla,Libranza,3546941,127
2025-11-27,Barranquilla,Microcredito,1578397,184
2025-11-27,Barranquilla,Tarjeta Visa,4589131,160
2025-11-27,Barranquilla,Tarjeta Visa,2161078,120
2025-11-27,Barranquilla,Microcredito,2465267,183
2025-11-27,Barranquilla,Libranza,2289558,156
2025-11-27,Barranquilla,Libranza,426139,121
2025-11-27,Barranquilla,Microcredito,1932561,171
2025-11-27,Barranquilla,Libranza,384265,133
2025-11-27,Barranquilla,Microcredito,3766654,191
2025-11-27,Barranquilla,Microcredito,4046597,116
2025-11-27,Barranquilla,Credito Consumo,3743212,158
2025-11-27,Barranquilla,Credito Consumo,1807165,178
2025-11-27,Barranquilla,Libranza,3947283,147
2025-11-27,Barranquilla,Libranza,4133682,169
2025-11-27,Barranquilla,Libranza,391627,151
2025-11-27,Barranquilla,Tarjeta Visa,4333938,111
2025-11-27,Barranquilla,Microcredito,790610,115
2025-11-27,Barranquilla,Credito Consumo,3033637,103
2025-11-27,Barranquilla,Microcredito,3263341,188
2025-11-27,Barranquilla,Libranza,1208586,140
2025-11-27,Barranquilla,Credito Consumo,4546103,150
2025-11-27,Barranquilla,Libranza,1981012,172
2025-11-27,Barranquilla,Credito Consumo,3213397,182
2025-11-27,Barranquilla,Libranza,4796450,168
2025-11-27,Barranquilla,Credito Consumo,1329307,114
2025-11-27,Barranquilla,Libranza,3530924,157
2025-11-27,Barranquilla,Tarjeta Visa,1410542,143
2025-11-27,Barranquilla,Tarjeta Visa,591967,142
2025-11-27,Barranquilla,Tarjeta Visa,445609,141
2025-11-27,Barranquilla,Libranza,3202872,140
2025-11-27,Barranquilla,Microcredito,2627727,100
2025-11-27,Barranquilla,Microcredito,2875985,102
2025-11-27,Barranquilla,Tarjeta Visa,4367396,152
2025-11-27,Barranquilla,Microcredito,1061985,188
2025-11-27,Barranquilla,Microcredito,2756848,197
2025-11-27,Barranquilla,Credito Consumo,856110,129
2025-11-27,Barranquilla,Tarjeta Visa,109010,127
2025-11-27,Barranquilla,Tarjeta Visa,1726293,180
2025-11-27,Barranquilla,Microcredito,1953583,109
2025-11-27,Barranquilla,Libranza,1520432,101
2025-11-27,Barranquilla,Credito Consumo,4765564,139
2025-11-27,Barranquilla,Tarjeta Visa,4917650,106
2025-11-27,Barranquilla,Credito Consumo,987932,155
2025-11-27,Barranquilla,Credito Consumo,3461034,104
2025-11-27,Barranquilla,Libranza,2081470,163
2025-11-27,Barranquilla,Credito Consumo,4914896,178
2025-11-27,Barranquilla,Microcredito,952673,106
2025-11-27,Barranquilla,Microcredito,2253654,109
2025-11-27,Barranquilla,Libranza,899408,151
2025-11-27,Barranquilla,Microcredito,4780510,166
2025-11-27,Barranquilla,Tarjeta Visa,1116190,128
2025-11-27,Barranquilla,Tarjeta Visa,2032880,183
2025-11-27,Barranquilla,Tarjeta Visa,4827107,103
2025-11-27,Barranquilla,Credito Consumo,3163305,142
2025-11-27,Barranquilla,Tarjeta Visa,1706958,174
2025-11-27,Barranquilla,Tarjeta Visa,2004061,188
2025-11-27,Barranquilla,Microcredito,2379697,131
2025-11-27,Barranquilla,Libranza,960693,174
2025-11-27,Barranquilla,Libranza,1002679,135
2025-11-27,Barranquilla,Credito Consumo,1876557,159
2025-11-27,Barranquilla,Credito Consumo,1517510,102
2025-11-27,Barranquilla,Credito Consumo,2875730,126
2025-11-27,Barranquilla,Credito Consumo,4697938,195
2025-11-27,Barranquilla,Tarjeta Visa,4049258,187
2025-11-27,Barranquilla,Microcredito,1103033,187
2025-11-27,Barranquilla,Microcredito,1770696,133
2025-11-27,Barranquilla,Tarjeta Visa,1729972,128
2025-11-27,Barranquilla,Microcredito,2076090,176
2025-11-27,Barranquilla,Microcredito,1678914,153
2025-11-27,Barranquilla,Credito Consumo,2033851,144
2025-11-27,Barranquilla,Credito Consumo,1567505,108
2025-11-27,Barranquilla,Libranza,2406144,169
2025-11-27,Barranquilla,Libranza,1996109,176
2025-11-27,Barranquilla,Libranza,2530431,166
2025-11-27,Barranquilla,Libranza,1941748,105
2025-11-27,Barranquilla,Libranza,1226643,191
2025-11-27,Barranquilla,Libranza,2954686,140
2025-11-27,Barranquilla,Libranza,594229,192
2025-11-27,Barranquilla,Credito Consumo,2419436,124
2025-11-27,Barranquilla,Credito Consumo,2036925,189
2025-11-27,Barranquilla,Libranza,4216112,179
2025-11-27,Barranquilla,Libranza,4956516,129
2025-11-27,Barranquilla,Tarjeta Visa,3391087,173
2025-11-27,Barranquilla,Tarjeta Visa,4147068,109
2025-11-27,Barranquilla,Libranza,136080,170
2025-11-27,Barranquilla,Tarjeta Visa,923952,128
2025-11-27,Barranquilla,Microcredito,4537463,127
2025-11-27,Barranquilla,Microcredito,205639,138
2025-11-27,Barranquilla,Microcredito,2043200,110
2025-11-27,Barranquilla,Tarjeta Visa,3176389,164
2025-11-27,Barranquilla,Libranza,1095845,158
2025-11-27,Barranquilla,Microcredito,1627281,125
2025-11-27,Barranquilla,Tarjeta Visa,2800642,123
2025-11-27,Barranquilla,Microcredito,3371671,127
2025-11-27,Barranquilla,Microcredito,923461,133
2025-11-27,Barranquilla,Credito Consumo,1718017,180
2025-11-27,Barranquilla,Libranza,2657497,104
2025-11-27,Barranquilla,Credito Consumo,675729,117
2025-11-27,Barranquilla,Credito Consumo,3167365,156
2025-11-27,Barranquilla,Libranza,1315060,159
2025-11-27,Barranquilla,Credito Consumo,1714477,134
2025-11-27,Barranquilla,Microcredito,2849237,179
2025-11-27,Barranquilla,Microcredito,3742128,158
2025-11-27,Barranquilla,Credito Consumo,2464793,136
2025-11-27,Barranquilla,Libranza,2909756,176
2025-11-27,Barranquilla,Credito Consumo,4063807,141
2025-11-27,Barranquilla,Tarjeta Visa,4590625,108
2025-11-27,Barranquilla,Libranza,449813,151
2025-11-27,Barranquilla,Tarjeta Visa,3765182,134
2025-11-27,Barranquilla,Tarjeta Visa,366083,163
2025-11-27,Barranquilla,Credito Consumo,1859986,103
2025-11-27,Barranquilla,Microcredito,317986,178
2025-11-27,Barranquilla,Credito Consumo,3026257,109
2025-11-27,Barranquilla,Tarjeta Visa,1058964,133
2025-11-27,Barranquilla,Microcredito,3394502,175
2025-11-27,Barranquilla,Tarjeta Visa,3529419,111
2025-11-27,Barranquilla,Tarjeta Visa,4223367,149
2025-11-27,Barranquilla,Libranza,3148294,127
2025-11-27,Barranquilla,Tarjeta Visa,2145283,190
2025-11-27,Barranquilla,Libranza,3613826,102
2025-11-27,Barranquilla,Tarjeta Visa,867454,179
2025-11-27,Barranquilla,Microcredito,1655242,125
2025-11-27,Barranquilla,Tarjeta Visa,1002340,181
2025-11-27,Barranquilla,Tarjeta Visa,1237786,191
2025-11-27,Barranquilla,Libranza,2062509,180
2025-11-27,Barranquilla,Microcredito,4556553,158
2025-11-27,Barranquilla,Credito Consumo,131413,116
2025-11-27,Barranquilla,Credito Consumo,1340387,121
2025-11-27,Barranquilla,Credito Consumo,3334492,141
2025-11-27,Barranquilla,Credito Consumo,1148879,124
2025-11-27,Barranquilla,Tarjeta Visa,287397,125
2025-11-27,Barranquilla,Libranza,1132483,125
2025-11-27,Barranquilla,Microcredito,4867431,116
2025-11-27,Barranquilla,Libranza,4536834,148
2025-11-27,Barranquilla,Libranza,1444929,121
2025-11-27,Barranquilla,Tarjeta Visa,877216,143
2025-11-27,Barranquilla,Microcredito,2135151,174
2025-11-27,Barranquilla,Libranza,233317,115
2025-11-27,Barranquilla,Credito Consumo,2628660,120
2025-11-27,Barranquilla,Tarjeta Visa,211406,108
2025-11-27,Barranquilla,Microcredito,3785311,188
2025-11-27,Barranquilla,Credito Consumo,4744959,126
2025-11-27,Barranquilla,Libranza,3241949,128
2025-11-27,Barranquilla,Microcredito,3018465,128
2025-11-27,Barranquilla,Microcredito,1603072,125
2025-11-27,Barranquilla,Tarjeta Visa,221598,157
2025-11-27,Barranquilla,Libranza,292664,160
2025-11-27,Barranquilla,Libranza,3218062,131
2025-11-27,Barranquilla,Microcredito,4390968,128
2025-11-27,Barranquilla,Credito Consumo,2032772,148
2025-11-27,Barranquilla,Microcredito,3087844,196
2025-11-27,Barranquilla,Tarjeta Visa,115742,153
2025-11-27,Barranquilla,Tarjeta Visa,727851,194
2025-11-27,Barranquilla,Credito Consumo,3240597,125
2025-11-27,Barranquilla,Tarjeta Visa,2046682,150
2025-11-27,Barranquilla,Credito Consumo,3055544,127
2025-11-27,Barranquilla,Microcredito,556912,107
2025-11-27,Barranquilla,Tarjeta Visa,931845,158
2025-11-27,Barranquilla,Microcredito,2472099,148
2025-11-27,Barranquilla,Microcredito,2692910,197
2025-11-27,Barranquilla,Credito Consumo,1872097,141
2025-11-27,Barranquilla,Libranza,757443,106
2025-11-27,Barranquilla,Tarjeta Visa,680140,180
2025-11-27,Barranquilla,Libranza,1386045,145
2025-11-27,Barranquilla,Tarjeta Visa,3270517,178
2025-11-27,Barranquilla,Microcredito,2908953,157
2025-11-27,Barranquilla,Tarjeta Visa,1126072,160
2025-11-27,Barranquilla,Credito Consumo,2656036,132
2025-11-27,Barranquilla,Microcredito,4297761,138
2025-11-27,Barranquilla,Tarjeta Visa,3546155,142
2025-11-27,Barranquilla,Tarjeta Visa,1872972,187
2025-11-27,Barranquilla,Tarjeta Visa,3867209,102
2025-11-27,Barranquilla,Libranza,3400786,124
2025-11-27,Barranquilla,Tarjeta Visa,2693309,128
2025-11-27,Barranquilla,Libranza,4156827,160
2025-11-27,Barranquilla,Libranza,1854336,136
2025-11-27,Barranquilla,Libranza,1318375,125
2025-11-27,Barranquilla,Microcredito,4622364,183
2025-11-27,Barranquilla,Credito Consumo,2637883,132
2025-11-27,Barranquilla,Libranza,2819815,165
2025-11-27,Barranquilla,Credito Consumo,4450020,126
2025-11-27,Barranquilla,Microcredito,962375,121
2025-11-27,Barranquilla,Microcredito,279627,122
2025-11-27,Barranquilla,Microcredito,4111042,157
2025-11-27,Barranquilla,Credito Consumo,4756079,159
2025-11-27,Barranquilla,Microcredito,1558134,190
2025-11-27,Barranquilla,Tarjeta Visa,2058164,141
2025-11-27,Barranquilla,Credito Consumo,3460441,106
2025-11-27,Barranquilla,Libranza,410804,159
2025-11-27,Barranquilla,Credito Consumo,619558,150
2025-11-27,Barranquilla,Microcredito,2135955,169
2025-11-27,Barranquilla,Libranza,2707315,190
2025-11-27,Barranquilla,Microcredito,1720910,170
2025-11-27,Barranquilla,Libranza,2571989,127
2025-11-27,Barranquilla,Credito Consumo,4100992,187
2025-11-27,Barranquilla,Tarjeta Visa,2431644,111
2025-11-27,Barranquilla,Tarjeta Visa,4488246,192
2025-11-27,Barranquilla,Tarjeta Visa,1998709,128
2025-11-27,Barranquilla,Tarjeta Visa,2575974,149
2025-11-27,Barranquilla,Microcredito,4380878,123
2025-11-27,Barranquilla,Libranza,4405795,160
2025-11-27,Barranquilla,Tarjeta Visa,3267932,166
2025-11-27,Barranquilla,Microcredito,4234274,137
2025-11-27,Barranquilla,Tarjeta Visa,2644984,178
2025-11-27,Barranquilla,Tarjeta Visa,4366982,172
2025-11-27,Barranquilla,Tarjeta Visa,682548,184
2025-11-27,Barranquilla,Libranza,858121,125
2025-11-27,Barranquilla,Libranza,2354642,103
2025-11-27,Barranquilla,Tarjeta Visa,4009239,107
2025-11-27,Barranquilla,Tarjeta Visa,4855147,152
2025-11-27,Barranquilla,Microcredito,4444138,186
2025-11-27,Barranquilla,Libranza,4420117,102
2025-11-27,Barranquilla,Libranza,1644047,131
2025-11-27,Barranquilla,Credito Consumo,2359313,148
2025-11-27,Barranquilla,Microcredito,864758,135
2025-11-27,Barranquilla,Tarjeta Visa,478973,190
2025-11-27,Barranquilla,Tarjeta Visa,1518585,192
2025-11-27,Barranquilla,Microcredito,3909133,140
2025-11-27,Barranquilla,Libranza,4638780,177
2025-11-27,Barranquilla,Libranza,1389747,162
2025-11-27,Barranquilla,Microcredito,3893107,108
2025-11-27,Barranquilla,Libranza,2895224,179
2025-11-27,Barranquilla,Tarjeta Visa,4656644,106
2025-11-27,Barranquilla,Libranza,2918356,132
2025-11-27,Barranquilla,Microcredito,4203481,136
2025-11-27,Barranquilla,Credito Consumo,1762596,191
2025-11-27,Barranquilla,Credito Consumo,4357476,158
2025-11-27,Barranquilla,Tarjeta Visa,2242934,188
2025-11-27,Barranquilla,Libranza,3900410,144
2025-11-27,Barranquilla,Libranza,2879223,164
2025-11-27,Barranquilla,Libranza,2683858,164
2025-11-27,Barranquilla,Credito Consumo,1605831,121
2025-11-27,Barranquilla,Libranza,3797492,177
2025-11-27,Barranquilla,Libranza,4194473,134
2025-11-27,Barranquilla,Microcredito,2508275,152
2025-11-27,Barranquilla,Credito Consumo,855926,134
2025-11-27,Barranquilla,Credito Consumo,1842644,120
2025-11-27,Barranquilla,Tarjeta Visa,1976231,126
2025-11-27,Barranquilla,Tarjeta Visa,3823743,164
2025-11-27,Barranquilla,Libranza,923840,136
2025-11-27,Barranquilla,Credito Consumo,572977,120
2025-11-27,Barranquilla,Microcredito,3303270,144
2025-11-27,Barranquilla,Credito Consumo,1289576,130
2025-11-27,Barranquilla,Microcredito,4020001,181
2025-11-27,Barranquilla,Credito Consumo,3918087,140
2025-11-27,Barranquilla,Tarjeta Visa,2063689,177
2025-11-27,Barranquilla,Tarjeta Visa,3167759,169
2025-11-27,Barranquilla,Microcredito,753651,181
2025-11-27,Barranquilla,Tarjeta Visa,1097066,193
2025-11-27,Barranquilla,Credito Consumo,3793651,151
2025-11-27,Barranquilla,Libranza,2138662,189
2025-11-27,Barranquilla,Credito Consumo,2327690,118
2025-11-27,Barranquilla,Microcredito,2256684,130
2025-11-27,Barranquilla,Microcredito,3191798,140
2025-11-27,Barranquilla,Libranza,2393835,156
2025-11-27,Barranquilla,Tarjeta Visa,1094242,149
2025-11-27,Barranquilla,Credito Consumo,3896132,158
2025-11-27,Barranquilla,Microcredito,1800910,175
2025-11-27,Barranquilla,Libranza,893255,190
2025-11-27,Barranquilla,Tarjeta Visa,2279298,183
2025-11-27,Barranquilla,Credito Consumo,3994961,157
2025-11-27,Barranquilla,Libranza,1708994,156
2025-11-27,Barranquilla,Libranza,4751322,124
2025-11-27,Barranquilla,Credito Consumo,337321,136
2025-11-27,Barranquilla,Tarjeta Visa,2378960,177
2025-11-27,Barranquilla,Libranza,242593,197
2025-11-27,Barranquilla,Microcredito,1825874,121
2025-11-27,Barranquilla,Tarjeta Visa,4225054,187
2025-11-27,Barranquilla,Tarjeta Visa,2620107,181
2025-11-27,Barranquilla,Tarjeta Visa,4229246,160
2025-11-27,Barranquilla,Libranza,4232498,137
2025-11-27,Barranquilla,Tarjeta Visa,2368920,176
2025-11-27,Barranquilla,Microcredito,1999341,127
2025-11-27,Barranquilla,Tarjeta Visa,1191537,162
2025-11-27,Barranquilla,Libranza,1616257,134
2025-11-27,Barranquilla,Microcredito,4566419,141
2025-11-27,Barranquilla,Credito Consumo,362324,157
2025-11-27,Barranquilla,Microcredito,1371790,164
2025-11-27,Barranquilla,Microcredito,1734585,116
2025-11-27,Barranquilla,Libranza,1561190,139
2025-11-27,Barranquilla,Tarjeta Visa,284250,133
2025-11-27,Barranquilla,Credito Consumo,215054,191
2025-11-27,Barranquilla,Credito Consumo,140165,139
2025-11-27,Barranquilla,Microcredito,2141290,183
2025-11-27,Barranquilla,Tarjeta Visa,4820759,124
2025-11-27,Barranquilla,Tarjeta Visa,3626391,110
2025-11-27,Barranquilla,Credito Consumo,1396293,135
2025-11-27,Barranquilla,Microcredito,741814,157
2025-11-27,Barranquilla,Tarjeta Visa,3552028,137
2025-11-27,Barranquilla,Tarjeta Visa,4996073,104
2025-11-27,Barranquilla,Tarjeta Visa,176702,106
2025-11-27,Barranquilla,Libranza,146257,143
2025-11-27,Barranquilla,Libranza,3602501,176
2025-11-27,Barranquilla,Libranza,627111,129
2025-11-27,Barranquilla,Tarjeta Visa,3808798,142
2025-11-27,Barranquilla,Libranza,4071106,120
2025-11-27,Barranquilla,Tarjeta Visa,3627205,179
2025-11-27,Barranquilla,Microcredito,1918707,117
2025-11-27,Barranquilla,Microcredito,4617653,152
2025-11-27,Barranquilla,Libranza,4129390,109
2025-11-27,Barranquilla,Microcredito,1285975,149
2025-11-27,Barranquilla,Credito Consumo,413822,107
2025-11-27,Barranquilla,Microcredito,3747289,109
2025-11-27,Barranquilla,Credito Consumo,3207347,161
2025-11-27,Barranquilla,Credito Consumo,1438475,150
2025-11-27,Barranquilla,Microcredito,1294867,188
2025-11-27,Barranquilla,Microcredito,4096075,190
2025-11-27,Barranquilla,Microcredito,4781987,109
2025-11-27,Barranquilla,Libranza,636394,192
2025-11-27,Barranquilla,Tarjeta Visa,3758931,146
2025-11-27,Barranquilla,Credito Consumo,3720787,175
2025-11-27,Barranquilla,Tarjeta Visa,2104975,141
2025-11-27,Barranquilla,Libranza,554292,162
2025-11-27,Barranquilla,Microcredito,4945710,112
2025-11-27,Barranquilla,Microcredito,1322814,150
2025-11-27,Barranquilla,Microcredito,4254714,198
2025-11-27,Barranquilla,Libranza,3358086,126
2025-11-27,Barranquilla,Microcredito,1968180,154
2025-11-27,Barranquilla,Tarjeta Visa,4861459,117
2025-11-27,Barranquilla,Tarjeta Visa,1229316,198
2025-11-27,Barranquilla,Tarjeta Visa,4185595,162
2025-11-27,Barranquilla,Tarjeta Visa,3595422,196
2025-11-27,Barranquilla,Libranza,4721793,144
2025-11-27,Barranquilla,Tarjeta Visa,3494827,194
2025-11-27,Barranquilla,Credito Consumo,1501552,134
2025-11-27,Barranquilla,Tarjeta Visa,3983154,148
2025-11-27,Barranquilla,Credito Consumo,2028268,103
2025-11-27,Barranquilla,Microcredito,3951344,152
2025-11-27,Barranquilla,Libranza,3257678,108
2025-11-27,Barranquilla,Libranza,1073557,107
2025-11-27,Barranquilla,Libranza,3053765,188
2025-11-27,Barranquilla,Tarjeta Visa,1765747,146
2025-11-27,Barranquilla,Tarjeta Visa,4856819,166
2025-11-27,Barranquilla,Tarjeta Visa,2231532,149
2025-11-27,Barranquilla,Tarjeta Visa,1598316,158
2025-11-27,Barranquilla,Microcredito,4872216,140
2025-11-27,Barranquilla,Microcredito,2702190,128
2025-11-27,Barranquilla,Libranza,3990191,103
2025-11-27,Barranquilla,Credito Consumo,2069895,150
2025-11-27,Barranquilla,Microcredito,1548396,157
2025-11-27,Barranquilla,Tarjeta Visa,2334824,131
2025-11-27,Barranquilla,Microcredito,2065551,169
2025-11-27,Barranquilla,Credito Consumo,793023,175
2025-11-27,Barranquilla,Credito Consumo,4091539,134
2025-11-27,Barranquilla,Credito Consumo,2181793,119
2025-11-27,Barranquilla,Libranza,2390745,170
2025-11-27,Barranquilla,Credito Consumo,2086457,171
2025-11-27,Barranquilla,Microcredito,3416762,172
2025-11-27,Barranquilla,Libranza,2518589,183
2025-11-27,Barranquilla,Tarjeta Visa,2839626,145
2025-11-27,Barranquilla,Tarjeta Visa,1925636,133
2025-11-27,Barranquilla,Credito Consumo,4883871,105
